Fecha;Equipo A;Equipo B;Equipo C;Equipo D;Equipo E;Equipo F
Sábado 01/01/2005;M;D;D;N;T;D
Domingo 02/01/2005;M;D;D;N;T;D
Lunes 03/01/2005;T;M;D;D;N;O
Martes 04/01/2005;T;M;D;D;N;O
Miércoles 05/01/2005;N;T;M;D;D;O
Jueves 06/01/2005;N;T;M;D;D;O
Viernes 07/01/2005;D;N;T;M;D;O
Sábado 08/01/2005;D;N;T;M;D;D
Domingo 09/01/2005;D;D;N;T;M;D
Lunes 10/01/2005;D;D;N;T;M;O
Martes 11/01/2005;M;D;D;N;T;O
Miércoles 12/01/2005;M;D;D;N;T;O
Jueves 13/01/2005;T;M;D;D;N;O
Viernes 14/01/2005;T;M;D;D;N;O
Sábado 15/01/2005;N;T;M;D;D;D
Domingo 16/01/2005;N;T;M;D;D;D
Lunes 17/01/2005;D;N;T;O;D;M
Martes 18/01/2005;D;N;T;O;D;M
Miércoles 19/01/2005;D;D;N;O;M;T
Jueves 20/01/2005;D;D;N;O;M;T
Viernes 21/01/2005;M;D;D;O;T;N
Sábado 22/01/2005;M;D;D;D;T;N
Domingo 23/01/2005;T;M;D;D;N;D
Lunes 24/01/2005;T;M;D;O;N;D
Martes 25/01/2005;N;T;M;O;D;D
Miércoles 26/01/2005;N;T;M;O;D;D
Jueves 27/01/2005;D;N;T;O;D;M
Viernes 28/01/2005;D;N;T;O;D;M
Sábado 29/01/2005;D;D;N;D;M;T
Domingo 30/01/2005;D;D;N;D;M;T
Lunes 31/01/2005;O;D;D;M;T;N
Martes 01/02/2005;O;D;D;M;T;N
Miércoles 02/02/2005;O;M;D;T;N;D
Jueves 03/02/2005;O;M;D;T;N;D
Viernes 04/02/2005;O;T;M;N;D;D
Sábado 05/02/2005;D;T;M;N;D;D
Domingo 06/02/2005;D;N;T;D;D;M
Lunes 07/02/2005;O;N;T;D;D;M
Martes 08/02/2005;O;D;N;D;M;T
Miércoles 09/02/2005;O;D;N;D;M;T
Jueves 10/02/2005;O;D;D;M;T;N
Viernes 11/02/2005;O;D;D;M;T;N
Sábado 12/02/2005;D;M;D;T;N;D
Domingo 13/02/2005;D;M;D;T;N;D
Lunes 14/02/2005;M;T;O;N;D;D
Martes 15/02/2005;M;T;O;N;D;D
Miércoles 16/02/2005;T;N;O;D;D;M
Jueves 17/02/2005;T;N;O;D;D;M
Viernes 18/02/2005;N;D;O;D;M;T
Sábado 19/02/2005;N;D;D;D;M;T
Domingo 20/02/2005;D;D;D;M;T;N
Lunes 21/02/2005;D;D;O;M;T;N
Martes 22/02/2005;D;M;O;T;N;D
Miércoles 23/02/2005;D;M;O;T;N;D
Jueves 24/02/2005;M;T;O;N;D;D
Viernes 25/02/2005;M;T;O;N;D;D
Sábado 26/02/2005;T;N;D;D;D;M
Domingo 27/02/2005;T;N;D;D;D;M
Lunes 28/02/2005;N;D;M;D;O;T
Martes 01/03/2005;N;D;M;D;O;T
Miércoles 02/03/2005;D;D;T;M;O;N
Jueves 03/03/2005;D;D;T;M;O;N
Viernes 04/03/2005;D;M;N;T;O;D
Sábado 05/03/2005;D;M;N;T;D;D
Domingo 06/03/2005;M;T;D;N;D;D
Lunes 07/03/2005;M;T;D;N;O;D
Martes 08/03/2005;T;N;D;D;O;M
Miércoles 09/03/2005;T;N;D;D;O;M
Jueves 10/03/2005;N;D;M;D;O;T
Viernes 11/03/2005;N;D;M;D;O;T
Sábado 12/03/2005;D;D;T;M;D;N
Domingo 13/03/2005;D;D;T;M;D;N
Lunes 14/03/2005;D;O;N;T;M;D
Martes 15/03/2005;D;O;N;T;M;D
Miércoles 16/03/2005;M;O;D;N;T;D
Jueves 17/03/2005;M;O;D;N;T;D
Viernes 18/03/2005;T;O;D;D;N;M
Sábado 19/03/2005;T;D;D;D;N;M
Domingo 20/03/2005;N;D;M;D;D;T
Lunes 21/03/2005;N;O;M;D;D;T
Martes 22/03/2005;D;O;T;M;D;N
Miércoles 23/03/2005;D;O;T;M;D;N
Jueves 24/03/2005;D;O;N;T;M;D
Viernes 25/03/2005;D;O;N;T;M;D
Sábado 26/03/2005;M;D;D;N;T;D
Domingo 27/03/2005;M;D;D;N;T;D
Lunes 28/03/2005;T;M;D;D;N;O
Martes 29/03/2005;T;M;D;D;N;O
Miércoles 30/03/2005;N;T;M;D;D;O
Jueves 31/03/2005;N;T;M;D;D;O
Viernes 01/04/2005;D;N;T;M;D;O
Sábado 02/04/2005;D;N;T;M;D;D
Domingo 03/04/2005;D;D;N;T;M;D
Lunes 04/04/2005;D;D;N;T;M;O
Martes 05/04/2005;M;D;D;N;T;O
Miércoles 06/04/2005;M;D;D;N;T;O
Jueves 07/04/2005;T;M;D;D;N;O
Viernes 08/04/2005;T;M;D;D;N;O
Sábado 09/04/2005;N;T;M;D;D;D
Domingo 10/04/2005;N;T;M;D;D;D
Lunes 11/04/2005;D;N;T;O;D;M
Martes 12/04/2005;D;N;T;O;D;M
Miércoles 13/04/2005;D;D;N;O;M;T
Jueves 14/04/2005;D;D;N;O;M;T
Viernes 15/04/2005;M;D;D;O;T;N
Sábado 16/04/2005;M;D;D;D;T;N
Domingo 17/04/2005;T;M;D;D;N;D
Lunes 18/04/2005;T;M;D;O;N;D
Martes 19/04/2005;N;T;M;O;D;D
Miércoles 20/04/2005;N;T;M;O;D;D
Jueves 21/04/2005;D;N;T;O;D;M
Viernes 22/04/2005;D;N;T;O;D;M
Sábado 23/04/2005;D;D;N;D;M;T
Domingo 24/04/2005;D;D;N;D;M;T
Lunes 25/04/2005;O;D;D;M;T;N
Martes 26/04/2005;O;D;D;M;T;N
Miércoles 27/04/2005;O;M;D;T;N;D
Jueves 28/04/2005;O;M;D;T;N;D
Viernes 29/04/2005;O;T;M;N;D;D
Sábado 30/04/2005;D;T;M;N;D;D
Domingo 01/05/2005;D;N;T;D;D;M
Lunes 02/05/2005;O;N;T;D;D;M
Martes 03/05/2005;O;D;N;D;M;T
Miércoles 04/05/2005;O;D;N;D;M;T
Jueves 05/05/2005;O;D;D;M;T;N
Viernes 06/05/2005;O;D;D;M;T;N
Sábado 07/05/2005;D;M;D;T;N;D
Domingo 08/05/2005;D;M;D;T;N;D
Lunes 09/05/2005;M;T;O;N;D;D
Martes 10/05/2005;M;T;O;N;D;D
Miércoles 11/05/2005;T;N;O;D;D;M
Jueves 12/05/2005;T;N;O;D;D;M
Viernes 13/05/2005;N;D;O;D;M;T
Sábado 14/05/2005;N;D;D;D;M;T
Domingo 15/05/2005;D;D;D;M;T;N
Lunes 16/05/2005;D;D;O;M;T;N
Martes 17/05/2005;D;M;O;T;N;D
Miércoles 18/05/2005;D;M;O;T;N;D
Jueves 19/05/2005;M;T;O;N;D;D
Viernes 20/05/2005;M;T;O;N;D;D
Sábado 21/05/2005;T;N;D;D;D;M
Domingo 22/05/2005;T;N;D;D;D;M
Lunes 23/05/2005;N;D;O;D;M;T
Martes 24/05/2005;N;D;O;D;M;T
Miércoles 25/05/2005;D;D;O;M;T;N
Jueves 26/05/2005;D;D;O;M;T;N
Viernes 27/05/2005;D;M;O;T;N;D
Sábado 28/05/2005;D;M;D;T;N;D
Domingo 29/05/2005;M;T;D;N;D;D
Lunes 30/05/2005;M;T;O;N;D;D
Martes 31/05/2005;T;N;O;D;D;M
Miércoles 01/06/2005;T;N;O;D;D;M
Jueves 02/06/2005;N;D;O;D;M;T
Viernes 03/06/2005;N;D;O;D;M;T
Sábado 04/06/2005;D;D;D;M;T;N
Domingo 05/06/2005;D;D;D;M;T;N
Lunes 06/06/2005;D;O;M;T;N;D
Martes 07/06/2005;D;O;M;T;N;D
Miércoles 08/06/2005;M;O;T;N;D;D
Jueves 09/06/2005;M;O;T;N;D;D
Viernes 10/06/2005;T;O;N;D;D;M
Sábado 11/06/2005;T;D;N;D;D;M
Domingo 12/06/2005;N;D;D;D;M;T
Lunes 13/06/2005;N;O;D;D;M;T
Martes 14/06/2005;D;O;D;M;T;N
Miércoles 15/06/2005;D;O;D;M;T;N
Jueves 16/06/2005;D;O;M;T;N;D
Viernes 17/06/2005;D;O;M;T;N;D
Sábado 18/06/2005;M;D;T;N;D;D
Domingo 19/06/2005;M;D;T;N;D;D
Lunes 20/06/2005;T;O;N;D;D;M
Martes 21/06/2005;T;O;N;D;D;M
Miércoles 22/06/2005;N;O;D;D;M;T
Jueves 23/06/2005;N;O;D;D;M;T
Viernes 24/06/2005;D;O;D;M;T;N
Sábado 25/06/2005;D;D;D;M;T;N
Domingo 26/06/2005;D;D;M;T;N;D
Lunes 27/06/2005;D;O;M;T;N;D
Martes 28/06/2005;M;O;T;N;D;D
Miércoles 29/06/2005;M;O;T;N;D;D
Jueves 30/06/2005;T;O;N;D;D;M
Viernes 01/07/2005;T;O;N;D;D;M
Sábado 02/07/2005;N;D;D;D;M;T
Domingo 03/07/2005;N;D;D;D;M;T
Lunes 04/07/2005;D;M;D;O;T;N
Martes 05/07/2005;D;M;D;O;T;N
Miércoles 06/07/2005;D;T;M;O;N;D
Jueves 07/07/2005;D;T;M;O;N;D
Viernes 08/07/2005;M;N;T;O;D;D
Sábado 09/07/2005;M;N;T;D;D;D
Domingo 10/07/2005;T;D;N;D;D;M
Lunes 11/07/2005;T;D;N;O;D;M
Martes 12/07/2005;N;D;D;O;M;T
Miércoles 13/07/2005;N;D;D;O;M;T
Jueves 14/07/2005;D;M;D;O;T;N
Viernes 15/07/2005;D;M;D;O;T;N
Sábado 16/07/2005;D;T;M;D;N;D
Domingo 17/07/2005;D;T;M;D;N;D
Lunes 18/07/2005;M;N;T;O;D;D
Martes 19/07/2005;M;N;T;O;D;D
Miércoles 20/07/2005;T;D;N;O;D;M
Jueves 21/07/2005;T;D;N;O;D;M
Viernes 22/07/2005;N;D;D;O;M;T
Sábado 23/07/2005;N;D;D;D;M;T
Domingo 24/07/2005;D;M;D;D;T;N
Lunes 25/07/2005;D;M;D;O;T;N
Martes 26/07/2005;D;T;M;O;N;D
Miércoles 27/07/2005;D;T;M;O;N;D
Jueves 28/07/2005;M;N;T;O;D;D
Viernes 29/07/2005;M;N;T;O;D;D
Sábado 30/07/2005;T;D;N;D;D;M
Domingo 31/07/2005;T;D;N;D;D;M
Lunes 01/08/2005;N;D;D;M;O;T
Martes 02/08/2005;N;D;D;M;O;T
Miércoles 03/08/2005;D;M;D;T;O;N
Jueves 04/08/2005;D;M;D;T;O;N
Viernes 05/08/2005;D;T;M;N;O;D
Sábado 06/08/2005;D;T;M;N;D;D
Domingo 07/08/2005;M;N;T;D;D;D
Lunes 08/08/2005;M;N;T;D;O;D
Martes 09/08/2005;T;D;N;D;O;M
Miércoles 10/08/2005;T;D;N;D;O;M
Jueves 11/08/2005;N;D;D;M;O;T
Viernes 12/08/2005;N;D;D;M;O;T
Sábado 13/08/2005;D;M;D;T;D;N
Domingo 14/08/2005;D;M;D;T;D;N
Lunes 15/08/2005;D;T;M;N;O;D
Martes 16/08/2005;D;T;M;N;O;D
Miércoles 17/08/2005;M;N;T;D;O;D
Jueves 18/08/2005;M;N;T;D;O;D
Viernes 19/08/2005;T;D;N;D;O;M
Sábado 20/08/2005;T;D;N;D;D;M
Domingo 21/08/2005;N;D;D;M;D;T
Lunes 22/08/2005;N;D;D;M;O;T
Martes 23/08/2005;D;M;D;T;O;N
Miércoles 24/08/2005;D;M;D;T;O;N
Jueves 25/08/2005;D;T;M;N;O;D
Viernes 26/08/2005;D;T;M;N;O;D
Sábado 27/08/2005;M;N;T;D;D;D
Domingo 28/08/2005;M;N;T;D;D;D
Lunes 29/08/2005;T;D;N;D;M;O
Martes 30/08/2005;T;D;N;D;M;O
Miércoles 31/08/2005;N;D;D;M;T;O
Jueves 01/09/2005;N;D;D;M;T;O
Viernes 02/09/2005;D;M;D;T;N;O
Sábado 03/09/2005;D;M;D;T;N;D
Domingo 04/09/2005;D;T;M;N;D;D
Lunes 05/09/2005;D;T;M;N;D;O
Martes 06/09/2005;M;N;T;D;D;O
Miércoles 07/09/2005;M;N;T;D;D;O
Jueves 08/09/2005;T;D;N;D;M;O
Viernes 09/09/2005;T;D;N;D;M;O
Sábado 10/09/2005;N;D;D;M;T;D
Domingo 11/09/2005;N;D;D;M;T;D
Lunes 12/09/2005;D;M;D;T;N;O
Martes 13/09/2005;D;M;D;T;N;O
Miércoles 14/09/2005;D;T;M;N;D;O
Jueves 15/09/2005;D;T;M;N;D;O
Viernes 16/09/2005;M;N;T;D;D;O
Sábado 17/09/2005;M;N;T;D;D;D
Domingo 18/09/2005;T;D;N;D;M;D
Lunes 19/09/2005;T;D;N;D;M;O
Martes 20/09/2005;N;D;D;M;T;O
Miércoles 21/09/2005;N;D;D;M;T;O
Jueves 22/09/2005;D;M;D;T;N;O
Viernes 23/09/2005;D;M;D;T;N;O
Sábado 24/09/2005;D;T;M;N;D;D
Domingo 25/09/2005;D;T;M;N;D;D
Lunes 26/09/2005;O;N;T;D;D;M
Martes 27/09/2005;O;N;T;D;D;M
Miércoles 28/09/2005;O;D;N;D;M;T
Jueves 29/09/2005;O;D;N;D;M;T
Viernes 30/09/2005;O;D;D;M;T;N
Sábado 01/10/2005;D;D;D;M;T;N
Domingo 02/10/2005;D;M;D;T;N;D
Lunes 03/10/2005;O;M;D;T;N;D
Martes 04/10/2005;O;T;M;N;D;D
Miércoles 05/10/2005;O;T;M;N;D;D
Jueves 06/10/2005;O;N;T;D;D;M
Viernes 07/10/2005;O;N;T;D;D;M
Sábado 08/10/2005;D;D;N;D;M;T
Domingo 09/10/2005;D;D;N;D;M;T
Lunes 10/10/2005;O;D;D;M;T;N
Martes 11/10/2005;O;D;D;M;T;N
Miércoles 12/10/2005;O;M;D;T;N;D
Jueves 13/10/2005;O;M;D;T;N;D
Viernes 14/10/2005;O;T;M;N;D;D
Sábado 15/10/2005;D;T;M;N;D;D
Domingo 16/10/2005;D;N;T;D;D;M
Lunes 17/10/2005;O;N;T;D;D;M
Martes 18/10/2005;O;D;N;D;M;T
Miércoles 19/10/2005;O;D;N;D;M;T
Jueves 20/10/2005;O;D;D;M;T;N
Viernes 21/10/2005;O;D;D;M;T;N
Sábado 22/10/2005;D;M;D;T;N;D
Domingo 23/10/2005;D;M;D;T;N;D
Lunes 24/10/2005;M;T;O;N;D;D
Martes 25/10/2005;M;T;O;N;D;D
Miércoles 26/10/2005;T;N;O;D;D;M
Jueves 27/10/2005;T;N;O;D;D;M
Viernes 28/10/2005;N;D;O;D;M;T
Sábado 29/10/2005;N;D;D;D;M;T
Domingo 30/10/2005;D;D;D;M;T;N
Lunes 31/10/2005;D;D;O;M;T;N
Martes 01/11/2005;D;M;O;T;N;D
Miércoles 02/11/2005;D;M;O;T;N;D
Jueves 03/11/2005;M;T;O;N;D;D
Viernes 04/11/2005;M;T;O;N;D;D
Sábado 05/11/2005;T;N;D;D;D;M
Domingo 06/11/2005;T;N;D;D;D;M
Lunes 07/11/2005;N;D;M;D;O;T
Martes 08/11/2005;N;D;M;D;O;T
Miércoles 09/11/2005;D;D;T;M;O;N
Jueves 10/11/2005;D;D;T;M;O;N
Viernes 11/11/2005;D;M;N;T;O;D
Sábado 12/11/2005;D;M;N;T;D;D
Domingo 13/11/2005;M;T;D;N;D;D
Lunes 14/11/2005;M;T;D;N;O;D
Martes 15/11/2005;T;N;D;D;O;M
Miércoles 16/11/2005;T;N;D;D;O;M
Jueves 17/11/2005;N;D;M;D;O;T
Viernes 18/11/2005;N;D;M;D;O;T
Sábado 19/11/2005;D;D;T;M;D;N
Domingo 20/11/2005;D;D;T;M;D;N
Lunes 21/11/2005;D;O;N;T;M;D
Martes 22/11/2005;D;O;N;T;M;D
Miércoles 23/11/2005;M;O;D;N;T;D
Jueves 24/11/2005;M;O;D;N;T;D
Viernes 25/11/2005;T;O;D;D;N;M
Sábado 26/11/2005;T;D;D;D;N;M
Domingo 27/11/2005;N;D;M;D;D;T
Lunes 28/11/2005;N;O;M;D;D;T
Martes 29/11/2005;D;O;T;M;D;N
Miércoles 30/11/2005;D;O;T;M;D;N
Jueves 01/12/2005;D;O;N;T;M;D
Viernes 02/12/2005;D;O;N;T;M;D
Sábado 03/12/2005;M;D;D;N;T;D
Domingo 04/12/2005;M;D;D;N;T;D
Lunes 05/12/2005;T;M;D;D;N;O
Martes 06/12/2005;T;M;D;D;N;O
Miércoles 07/12/2005;N;T;M;D;D;O
Jueves 08/12/2005;N;T;M;D;D;O
Viernes 09/12/2005;D;N;T;M;D;O
Sábado 10/12/2005;D;N;T;M;D;D
Domingo 11/12/2005;D;D;N;T;M;D
Lunes 12/12/2005;D;D;N;T;M;O
Martes 13/12/2005;M;D;D;N;T;O
Miércoles 14/12/2005;M;D;D;N;T;O
Jueves 15/12/2005;T;M;D;D;N;O
Viernes 16/12/2005;T;M;D;D;N;O
Sábado 17/12/2005;N;T;M;D;D;D
Domingo 18/12/2005;N;T;M;D;D;D
Lunes 19/12/2005;D;N;T;O;D;M
Martes 20/12/2005;D;N;T;O;D;M
Miércoles 21/12/2005;D;D;N;O;M;T
Jueves 22/12/2005;D;D;N;O;M;T
Viernes 23/12/2005;M;D;D;O;T;N
Sábado 24/12/2005;M;D;D;D;T;N
Domingo 25/12/2005;T;M;D;D;N;D
Lunes 26/12/2005;T;M;D;O;N;D
Martes 27/12/2005;N;T;M;O;D;D
Miércoles 28/12/2005;N;T;M;O;D;D
Jueves 29/12/2005;D;N;T;O;D;M
Viernes 30/12/2005;D;N;T;O;D;M
Sábado 31/12/2005;D;D;N;D;M;T
Domingo 01/01/2006;D;D;N;D;M;T
Lunes 02/01/2006;O;D;D;M;T;N
Martes 03/01/2006;O;D;D;M;T;N
Miércoles 04/01/2006;O;M;D;T;N;D
Jueves 05/01/2006;O;M;D;T;N;D
Viernes 06/01/2006;O;T;M;N;D;D
Sábado 07/01/2006;D;T;M;N;D;D
Domingo 08/01/2006;D;N;T;D;D;M
Lunes 09/01/2006;O;N;T;D;D;M
Martes 10/01/2006;O;D;N;D;M;T
Miércoles 11/01/2006;O;D;N;D;M;T
Jueves 12/01/2006;O;D;D;M;T;N
Viernes 13/01/2006;O;D;D;M;T;N
Sábado 14/01/2006;D;M;D;T;N;D
Domingo 15/01/2006;D;M;D;T;N;D
Lunes 16/01/2006;M;T;O;N;D;D
Martes 17/01/2006;M;T;O;N;D;D
Miércoles 18/01/2006;T;N;O;D;D;M
Jueves 19/01/2006;T;N;O;D;D;M
Viernes 20/01/2006;N;D;O;D;M;T
Sábado 21/01/2006;N;D;D;D;M;T
Domingo 22/01/2006;D;D;D;M;T;N
Lunes 23/01/2006;D;D;O;M;T;N
Martes 24/01/2006;D;M;O;T;N;D
Miércoles 25/01/2006;D;M;O;T;N;D
Jueves 26/01/2006;M;T;O;N;D;D
Viernes 27/01/2006;M;T;O;N;D;D
Sábado 28/01/2006;T;N;D;D;D;M
Domingo 29/01/2006;T;N;D;D;D;M
Lunes 30/01/2006;N;D;M;D;O;T
Martes 31/01/2006;N;D;M;D;O;T
Miércoles 01/02/2006;D;D;T;M;O;N
Jueves 02/02/2006;D;D;T;M;O;N
Viernes 03/02/2006;D;M;N;T;O;D
Sábado 04/02/2006;D;M;N;T;D;D
Domingo 05/02/2006;M;T;D;N;D;D
Lunes 06/02/2006;M;T;D;N;O;D
Martes 07/02/2006;T;N;D;D;O;M
Miércoles 08/02/2006;T;N;D;D;O;M
Jueves 09/02/2006;N;D;M;D;O;T
Viernes 10/02/2006;N;D;M;D;O;T
Sábado 11/02/2006;D;D;T;M;D;N
Domingo 12/02/2006;D;D;T;M;D;N
Lunes 13/02/2006;D;O;N;T;M;D
Martes 14/02/2006;D;O;N;T;M;D
Miércoles 15/02/2006;M;O;D;N;T;D
Jueves 16/02/2006;M;O;D;N;T;D
Viernes 17/02/2006;T;O;D;D;N;M
Sábado 18/02/2006;T;D;D;D;N;M
Domingo 19/02/2006;N;D;M;D;D;T
Lunes 20/02/2006;N;O;M;D;D;T
Martes 21/02/2006;D;O;T;M;D;N
Miércoles 22/02/2006;D;O;T;M;D;N
Jueves 23/02/2006;D;O;N;T;M;D
Viernes 24/02/2006;D;O;N;T;M;D
Sábado 25/02/2006;M;D;D;N;T;D
Domingo 26/02/2006;M;D;D;N;T;D
Lunes 27/02/2006;T;M;D;D;N;O
Martes 28/02/2006;T;M;D;D;N;O
Miércoles 01/03/2006;N;T;M;D;D;O
Jueves 02/03/2006;N;T;M;D;D;O
Viernes 03/03/2006;D;N;T;M;D;O
Sábado 04/03/2006;D;N;T;M;D;D
Domingo 05/03/2006;D;D;N;T;M;D
Lunes 06/03/2006;D;D;N;T;M;O
Martes 07/03/2006;M;D;D;N;T;O
Miércoles 08/03/2006;M;D;D;N;T;O
Jueves 09/03/2006;T;M;D;D;N;O
Viernes 10/03/2006;T;M;D;D;N;O
Sábado 11/03/2006;N;T;M;D;D;D
Domingo 12/03/2006;N;T;M;D;D;D
Lunes 13/03/2006;D;N;T;O;D;M
Martes 14/03/2006;D;N;T;O;D;M
Miércoles 15/03/2006;D;D;N;O;M;T
Jueves 16/03/2006;D;D;N;O;M;T
Viernes 17/03/2006;M;D;D;O;T;N
Sábado 18/03/2006;M;D;D;D;T;N
Domingo 19/03/2006;T;M;D;D;N;D
Lunes 20/03/2006;T;M;D;O;N;D
Martes 21/03/2006;N;T;M;O;D;D
Miércoles 22/03/2006;N;T;M;O;D;D
Jueves 23/03/2006;D;N;T;O;D;M
Viernes 24/03/2006;D;N;T;O;D;M
Sábado 25/03/2006;D;D;N;D;M;T
Domingo 26/03/2006;D;D;N;D;M;T
Lunes 27/03/2006;O;D;D;M;T;N
Martes 28/03/2006;O;D;D;M;T;N
Miércoles 29/03/2006;O;M;D;T;N;D
Jueves 30/03/2006;O;M;D;T;N;D
Viernes 31/03/2006;O;T;M;N;D;D
Sábado 01/04/2006;D;T;M;N;D;D
Domingo 02/04/2006;D;N;T;D;D;M
Lunes 03/04/2006;O;N;T;D;D;M
Martes 04/04/2006;O;D;N;D;M;T
Miércoles 05/04/2006;O;D;N;D;M;T
Jueves 06/04/2006;O;D;D;M;T;N
Viernes 07/04/2006;O;D;D;M;T;N
Sábado 08/04/2006;D;M;D;T;N;D
Domingo 09/04/2006;D;M;D;T;N;D
Lunes 10/04/2006;M;T;O;N;D;D
Martes 11/04/2006;M;T;O;N;D;D
Miércoles 12/04/2006;T;N;O;D;D;M
Jueves 13/04/2006;T;N;O;D;D;M
Viernes 14/04/2006;N;D;O;D;M;T
Sábado 15/04/2006;N;D;D;D;M;T
Domingo 16/04/2006;D;D;D;M;T;N
Lunes 17/04/2006;D;D;O;M;T;N
Martes 18/04/2006;D;M;O;T;N;D
Miércoles 19/04/2006;D;M;O;T;N;D
Jueves 20/04/2006;M;T;O;N;D;D
Viernes 21/04/2006;M;T;O;N;D;D
Sábado 22/04/2006;T;N;D;D;D;M
Domingo 23/04/2006;T;N;D;D;D;M
Lunes 24/04/2006;N;D;M;D;O;T
Martes 25/04/2006;N;D;M;D;O;T
Miércoles 26/04/2006;D;D;T;M;O;N
Jueves 27/04/2006;D;D;T;M;O;N
Viernes 28/04/2006;D;M;N;T;O;D
Sábado 29/04/2006;D;M;N;T;D;D
Domingo 30/04/2006;M;T;D;N;D;D
Lunes 01/05/2006;M;T;D;N;O;D
Martes 02/05/2006;T;N;D;D;O;M
Miércoles 03/05/2006;T;N;D;D;O;M
Jueves 04/05/2006;N;D;M;D;O;T
Viernes 05/05/2006;N;D;M;D;O;T
Sábado 06/05/2006;D;D;T;M;D;N
Domingo 07/05/2006;D;D;T;M;D;N
Lunes 08/05/2006;D;O;N;T;M;D
Martes 09/05/2006;O;O;N;T;M;D
Miércoles 10/05/2006;M;O;D;N;T;D
Jueves 11/05/2006;M;O;D;N;T;O
Viernes 12/05/2006;T;O;D;D;N;M
Sábado 13/05/2006;T;D;D;D;N;M
Domingo 14/05/2006;N;D;M;D;D;T
Lunes 15/05/2006;N;O;M;O;D;T
Martes 16/05/2006;D;O;T;M;D;N
Miércoles 17/05/2006;D;O;T;M;O;N
Jueves 18/05/2006;D;O;N;T;M;D
Viernes 19/05/2006;D;O;N;T;M;D
Sábado 20/05/2006;M;D;D;N;T;D
Domingo 21/05/2006;M;D;D;N;T;D
Lunes 22/05/2006;T;O;D;D;N;M
Martes 23/05/2006;T;O;O;D;N;M
Miércoles 24/05/2006;N;O;M;D;D;T
Jueves 25/05/2006;N;O;M;D;D;T
Viernes 26/05/2006;D;O;T;M;D;N
Sábado 27/05/2006;D;D;T;M;D;N
Domingo 28/05/2006;D;D;N;T;M;D
Lunes 29/05/2006;D;O;N;T;M;D
Martes 30/05/2006;M;O;D;N;T;D
Miércoles 31/05/2006;M;O;D;N;T;D
Jueves 01/06/2006;T;O;D;D;N;M
Viernes 02/06/2006;T;O;D;D;N;M
Sábado 03/06/2006;N;D;M;D;D;T
Domingo 04/06/2006;N;D;M;D;D;T
Lunes 05/06/2006;D;M;T;O;D;N
Martes 06/06/2006;D;M;T;O;O;N
Miércoles 07/06/2006;D;T;N;O;M;D
Jueves 08/06/2006;O;T;N;O;M;D
Viernes 09/06/2006;M;N;D;O;T;D
Sábado 10/06/2006;M;N;D;D;T;D
Domingo 11/06/2006;T;D;D;D;N;M
Lunes 12/06/2006;T;D;O;O;N;M
Martes 13/06/2006;N;D;M;O;D;T
Miércoles 14/06/2006;N;O;M;O;D;T
Jueves 15/06/2006;D;M;T;O;D;N
Viernes 16/06/2006;D;M;T;O;D;N
Sábado 17/06/2006;D;T;N;D;M;D
Domingo 18/06/2006;D;T;N;D;M;D
Lunes 19/06/2006;M;N;D;O;T;D
Martes 20/06/2006;M;N;D;O;T;O
Miércoles 21/06/2006;T;D;D;O;N;M
Jueves 22/06/2006;T;D;O;O;N;M
Viernes 23/06/2006;N;D;M;O;D;T
Sábado 24/06/2006;N;D;M;D;D;T
Domingo 25/06/2006;D;M;T;D;D;N
Lunes 26/06/2006;D;M;T;O;O;N
Martes 27/06/2006;D;T;N;O;M;D
Miércoles 28/06/2006;O;T;N;O;M;D
Jueves 29/06/2006;M;N;D;O;T;D
Viernes 30/06/2006;M;N;D;O;T;D
Sábado 01/07/2006;T;D;D;D;N;M
Domingo 02/07/2006;T;D;D;D;N;M
Lunes 03/07/2006;N;D;O;M;D;T
Martes 04/07/2006;N;O;O;M;D;T
Miércoles 05/07/2006;D;M;O;T;D;N
Jueves 06/07/2006;D;M;O;T;O;N
Viernes 07/07/2006;D;T;O;N;M;D
Sábado 08/07/2006;D;T;D;N;M;D
Domingo 09/07/2006;M;N;D;D;T;D
Lunes 10/07/2006;M;N;O;D;T;O
Martes 11/07/2006;T;D;O;D;N;M
Miércoles 12/07/2006;T;D;O;O;N;M
Jueves 13/07/2006;N;D;O;M;D;T
Viernes 14/07/2006;N;D;O;M;D;T
Sábado 15/07/2006;D;M;D;T;D;N
Domingo 16/07/2006;D;M;D;T;D;N
Lunes 17/07/2006;D;T;O;N;M;D
Martes 18/07/2006;O;T;O;N;M;D
Miércoles 19/07/2006;M;N;O;D;T;D
Jueves 20/07/2006;M;N;O;D;T;O
Viernes 21/07/2006;T;D;O;D;N;M
Sábado 22/07/2006;T;D;D;D;N;M
Domingo 23/07/2006;N;D;D;M;D;T
Lunes 24/07/2006;N;D;O;M;D;T
Martes 25/07/2006;D;M;O;T;D;N
Miércoles 26/07/2006;D;M;O;T;O;N
Jueves 27/07/2006;D;T;O;N;M;D
Viernes 28/07/2006;D;T;O;N;M;D
Sábado 29/07/2006;M;N;D;D;T;D
Domingo 30/07/2006;M;N;D;D;T;D
Lunes 31/07/2006;T;D;M;D;N;O
Martes 01/08/2006;T;D;M;O;N;O
Miércoles 02/08/2006;N;D;T;M;D;O
Jueves 03/08/2006;N;O;T;M;D;O
Viernes 04/08/2006;D;M;N;T;D;O
Sábado 05/08/2006;D;M;N;T;D;D
Domingo 06/08/2006;D;T;D;N;M;D
Lunes 07/08/2006;D;T;D;N;M;O
Martes 08/08/2006;M;N;D;D;T;O
Miércoles 09/08/2006;M;N;O;D;T;O
Jueves 10/08/2006;T;D;M;D;N;O
Viernes 11/08/2006;T;D;M;D;N;O
Sábado 12/08/2006;N;D;T;M;D;D
Domingo 13/08/2006;N;D;T;M;D;D
Lunes 14/08/2006;D;M;N;T;D;O
Martes 15/08/2006;D;M;N;T;D;O
Miércoles 16/08/2006;D;T;D;N;M;O
Jueves 17/08/2006;D;T;D;N;M;O
Viernes 18/08/2006;M;N;D;D;T;O
Sábado 19/08/2006;M;N;D;D;T;D
Domingo 20/08/2006;T;D;M;D;N;D
Lunes 21/08/2006;T;D;M;O;N;O
Martes 22/08/2006;N;D;T;M;D;O
Miércoles 23/08/2006;N;O;T;M;D;O
Jueves 24/08/2006;D;M;N;T;D;O
Viernes 25/08/2006;D;M;N;T;O;O
Sábado 26/08/2006;D;T;D;N;M;D
Domingo 27/08/2006;D;T;D;N;M;D
Lunes 28/08/2006;O;N;D;D;T;M
Martes 29/08/2006;O;N;O;D;T;M
Miércoles 30/08/2006;O;D;M;D;N;T
Jueves 31/08/2006;O;D;M;D;N;T
Viernes 01/09/2006;O;D;T;M;D;N
Sábado 02/09/2006;D;D;T;M;D;N
Domingo 03/09/2006;D;M;N;T;D;D
Lunes 04/09/2006;O;M;N;T;D;D
Martes 05/09/2006;O;T;D;N;M;D
Miércoles 06/09/2006;O;T;D;N;M;O
Jueves 07/09/2006;O;N;D;D;T;M
Viernes 08/09/2006;O;N;O;D;T;M
Sábado 09/09/2006;D;D;M;D;N;T
Domingo 10/09/2006;D;D;M;D;N;T
Lunes 11/09/2006;O;D;T;M;D;N
Martes 12/09/2006;O;O;T;M;D;N
Miércoles 13/09/2006;O;M;N;T;D;D
Jueves 14/09/2006;O;M;N;T;O;D
Viernes 15/09/2006;O;T;D;N;M;D
Sábado 16/09/2006;D;T;D;N;M;D
Domingo 17/09/2006;D;N;D;D;T;M
Lunes 18/09/2006;O;N;D;D;T;M
Martes 19/09/2006;O;D;M;D;N;T
Miércoles 20/09/2006;O;D;M;O;N;T
Jueves 21/09/2006;O;D;T;M;D;N
Viernes 22/09/2006;O;D;T;M;D;N
Sábado 23/09/2006;D;M;N;T;D;D
Domingo 24/09/2006;D;M;N;T;D;D
Lunes 25/09/2006;M;T;D;N;O;D
Martes 26/09/2006;M;T;D;N;O;O
Miércoles 27/09/2006;T;N;D;D;O;M
Jueves 28/09/2006;T;N;D;D;O;M
Viernes 29/09/2006;N;D;M;D;O;T
Sábado 30/09/2006;N;D;M;D;D;T
Domingo 01/10/2006;D;D;T;M;D;N
Lunes 02/10/2006;D;O;T;M;O;N
Martes 03/10/2006;D;M;N;T;O;D
Miércoles 04/10/2006;D;M;N;T;O;D
Jueves 05/10/2006;M;T;D;N;O;D
Viernes 06/10/2006;M;T;D;N;O;D
Sábado 07/10/2006;T;N;D;D;D;M
Domingo 08/10/2006;T;N;D;D;D;M
Lunes 09/10/2006;N;D;M;D;O;T
Martes 10/10/2006;N;D;M;O;O;T
Miércoles 11/10/2006;D;D;T;M;O;N
Jueves 12/10/2006;D;D;T;M;O;N
Viernes 13/10/2006;D;M;N;T;O;D
Sábado 14/10/2006;D;M;N;T;D;D
Domingo 15/10/2006;M;T;D;N;D;D
Lunes 16/10/2006;M;T;D;N;O;O
Martes 17/10/2006;T;N;D;D;O;M
Miércoles 18/10/2006;T;N;O;D;O;M
Jueves 19/10/2006;N;D;M;D;O;T
Viernes 20/10/2006;N;D;M;D;O;T
Sábado 21/10/2006;D;D;T;M;D;N
Domingo 22/10/2006;D;D;T;M;D;N
Lunes 23/10/2006;D;O;N;T;M;D
Martes 24/10/2006;D;O;N;T;M;D
Miércoles 25/10/2006;M;O;D;N;T;D
Jueves 26/10/2006;M;O;D;N;T;D
Viernes 27/10/2006;T;O;D;D;N;M
Sábado 28/10/2006;T;D;D;D;N;M
Domingo 29/10/2006;N;D;M;D;D;T
Lunes 30/10/2006;N;O;M;D;D;T
Martes 31/10/2006;D;O;T;M;D;N
Miércoles 01/11/2006;D;O;T;M;D;N
Jueves 02/11/2006;D;O;N;T;M;D
Viernes 03/11/2006;D;O;N;T;M;D
Sábado 04/11/2006;M;D;D;N;T;D
Domingo 05/11/2006;M;D;D;N;T;D
Lunes 06/11/2006;T;M;D;D;N;O
Martes 07/11/2006;T;M;D;D;N;O
Miércoles 08/11/2006;N;T;M;D;D;O
Jueves 09/11/2006;N;T;M;D;D;O
Viernes 10/11/2006;D;N;T;M;D;O
Sábado 11/11/2006;D;N;T;M;D;D
Domingo 12/11/2006;D;D;N;T;M;D
Lunes 13/11/2006;D;D;N;T;M;O
Martes 14/11/2006;M;D;D;N;T;O
Miércoles 15/11/2006;M;D;D;N;T;O
Jueves 16/11/2006;T;M;D;D;N;O
Viernes 17/11/2006;T;M;D;D;N;O
Sábado 18/11/2006;N;T;M;D;D;D
Domingo 19/11/2006;N;T;M;D;D;D
Lunes 20/11/2006;D;N;T;O;D;M
Martes 21/11/2006;D;N;T;O;D;M
Miércoles 22/11/2006;D;D;N;O;M;T
Jueves 23/11/2006;D;D;N;O;M;T
Viernes 24/11/2006;M;D;D;O;T;N
Sábado 25/11/2006;M;D;D;D;T;N
Domingo 26/11/2006;T;M;D;D;N;D
Lunes 27/11/2006;T;M;D;O;N;D
Martes 28/11/2006;N;T;M;O;D;D
Miércoles 29/11/2006;N;T;M;O;D;D
Jueves 30/11/2006;D;N;T;O;D;M
Viernes 01/12/2006;D;N;T;O;D;M
Sábado 02/12/2006;D;D;N;D;M;T
Domingo 03/12/2006;D;D;N;D;M;T
Lunes 04/12/2006;O;D;D;M;T;N
Martes 05/12/2006;O;D;D;M;T;N
Miércoles 06/12/2006;O;M;D;T;N;D
Jueves 07/12/2006;O;M;D;T;N;D
Viernes 08/12/2006;O;T;M;N;D;D
Sábado 09/12/2006;D;T;M;N;D;D
Domingo 10/12/2006;D;N;T;D;D;M
Lunes 11/12/2006;O;N;T;D;D;M
Martes 12/12/2006;O;D;N;D;M;T
Miércoles 13/12/2006;O;D;N;D;M;T
Jueves 14/12/2006;O;D;D;M;T;N
Viernes 15/12/2006;O;D;D;M;T;N
Sábado 16/12/2006;D;M;D;T;N;D
Domingo 17/12/2006;D;M;D;T;N;D
Lunes 18/12/2006;M;T;O;N;D;D
Martes 19/12/2006;M;T;O;N;D;D
Miércoles 20/12/2006;T;N;O;D;D;M
Jueves 21/12/2006;T;N;O;D;D;M
Viernes 22/12/2006;N;D;O;D;M;T
Sábado 23/12/2006;N;D;D;D;M;T
Domingo 24/12/2006;D;D;D;M;T;N
Lunes 25/12/2006;D;D;O;M;T;N
Martes 26/12/2006;D;M;O;T;N;D
Miércoles 27/12/2006;D;M;O;T;N;D
Jueves 28/12/2006;M;T;O;N;D;D
Viernes 29/12/2006;M;T;O;N;D;D
Sábado 30/12/2006;T;N;D;D;D;M
Domingo 31/12/2006;T;N;D;D;D;M
Lunes 01/01/2007;N;D;M;D;O;T
Martes 02/01/2007;N;D;M;D;O;T
Miércoles 03/01/2007;D;D;T;M;O;N
Jueves 04/01/2007;D;D;T;M;O;N
Viernes 05/01/2007;D;M;N;T;O;D
Sábado 06/01/2007;D;M;N;T;D;D
Domingo 07/01/2007;M;T;D;N;D;D
Lunes 08/01/2007;M;T;D;N;O;D
Martes 09/01/2007;T;N;D;D;O;M
Miércoles 10/01/2007;T;N;D;D;O;M
Jueves 11/01/2007;N;D;M;D;O;T
Viernes 12/01/2007;N;D;M;D;O;T
Sábado 13/01/2007;D;D;T;M;D;N
Domingo 14/01/2007;D;D;T;M;D;N
Lunes 15/01/2007;D;O;N;T;M;D
Martes 16/01/2007;D;O;N;T;M;D
Miércoles 17/01/2007;M;O;D;N;T;D
Jueves 18/01/2007;M;O;D;N;T;D
Viernes 19/01/2007;T;O;D;D;N;M
Sábado 20/01/2007;T;D;D;D;N;M
Domingo 21/01/2007;N;D;M;D;D;T
Lunes 22/01/2007;N;O;M;D;D;T
Martes 23/01/2007;D;O;T;M;D;N
Miércoles 24/01/2007;D;O;T;M;D;N
Jueves 25/01/2007;D;O;N;T;M;D
Viernes 26/01/2007;D;O;N;T;M;D
Sábado 27/01/2007;M;D;D;N;T;D
Domingo 28/01/2007;M;D;D;N;T;D
Lunes 29/01/2007;T;M;D;D;N;O
Martes 30/01/2007;T;M;D;D;N;O
Miércoles 31/01/2007;N;T;M;D;D;O
Jueves 01/02/2007;N;T;M;D;D;O
Viernes 02/02/2007;D;N;T;M;D;O
Sábado 03/02/2007;D;N;T;M;D;D
Domingo 04/02/2007;D;D;N;T;M;D
Lunes 05/02/2007;D;D;N;T;M;O
Martes 06/02/2007;M;D;D;N;T;O
Miércoles 07/02/2007;M;D;D;N;T;O
Jueves 08/02/2007;T;M;D;D;N;O
Viernes 09/02/2007;T;M;D;D;N;O
Sábado 10/02/2007;N;T;M;D;D;D
Domingo 11/02/2007;N;T;M;D;D;D
Lunes 12/02/2007;D;N;T;O;D;M
Martes 13/02/2007;D;N;T;O;D;M
Miércoles 14/02/2007;D;D;N;O;M;T
Jueves 15/02/2007;D;D;N;O;M;T
Viernes 16/02/2007;M;D;D;O;T;N
Sábado 17/02/2007;M;D;D;D;T;N
Domingo 18/02/2007;T;M;D;D;N;D
Lunes 19/02/2007;T;M;D;O;N;D
Martes 20/02/2007;N;T;M;O;D;D
Miércoles 21/02/2007;N;T;M;O;D;D
Jueves 22/02/2007;D;N;T;O;D;M
Viernes 23/02/2007;D;N;T;O;D;M
Sábado 24/02/2007;D;D;N;D;M;T
Domingo 25/02/2007;D;D;N;D;M;T
Lunes 26/02/2007;O;D;D;M;T;N
Martes 27/02/2007;O;D;D;M;T;N
Miércoles 28/02/2007;O;M;D;T;N;D
Jueves 01/03/2007;O;M;D;T;N;D
Viernes 02/03/2007;O;T;M;N;D;D
Sábado 03/03/2007;D;T;M;N;D;D
Domingo 04/03/2007;D;N;T;D;D;M
Lunes 05/03/2007;O;N;T;D;D;M
Martes 06/03/2007;O;D;N;D;M;T
Miércoles 07/03/2007;O;D;N;D;M;T
Jueves 08/03/2007;O;D;D;M;T;N
Viernes 09/03/2007;O;D;D;M;T;N
Sábado 10/03/2007;D;M;D;T;N;D
Domingo 11/03/2007;D;M;D;T;N;D
Lunes 12/03/2007;M;T;O;N;D;D
Martes 13/03/2007;M;T;O;N;D;D
Miércoles 14/03/2007;T;N;O;D;D;M
Jueves 15/03/2007;T;N;O;D;D;M
Viernes 16/03/2007;N;D;O;D;M;T
Sábado 17/03/2007;N;D;D;D;M;T
Domingo 18/03/2007;D;D;D;M;T;N
Lunes 19/03/2007;D;D;O;M;T;N
Martes 20/03/2007;D;M;O;T;N;D
Miércoles 21/03/2007;D;M;O;T;N;D
Jueves 22/03/2007;M;T;O;N;D;D
Viernes 23/03/2007;M;T;O;N;D;D
Sábado 24/03/2007;T;N;D;D;D;M
Domingo 25/03/2007;T;N;D;D;D;M
Lunes 26/03/2007;N;D;M;D;O;T
Martes 27/03/2007;N;D;M;D;O;T
Miércoles 28/03/2007;D;D;T;M;O;N
Jueves 29/03/2007;D;D;T;M;O;N
Viernes 30/03/2007;D;M;N;T;O;D
Sábado 31/03/2007;D;M;N;T;D;D
Domingo 01/04/2007;M;T;D;N;D;D
Lunes 02/04/2007;M;T;D;N;O;D
Martes 03/04/2007;T;N;D;D;O;M
Miércoles 04/04/2007;T;N;D;D;O;M
Jueves 05/04/2007;N;D;M;D;O;T
Viernes 06/04/2007;N;D;M;D;O;T
Sábado 07/04/2007;D;D;T;M;D;N
Domingo 08/04/2007;D;D;T;M;D;N
Lunes 09/04/2007;D;O;N;T;M;D
Martes 10/04/2007;D;O;N;T;M;D
Miércoles 11/04/2007;M;O;D;N;T;D
Jueves 12/04/2007;M;O;D;N;T;D
Viernes 13/04/2007;T;O;D;D;N;M
Sábado 14/04/2007;T;D;D;D;N;M
Domingo 15/04/2007;N;D;M;D;D;T
Lunes 16/04/2007;N;O;M;D;D;T
Martes 17/04/2007;D;O;T;M;D;N
Miércoles 18/04/2007;D;O;T;M;D;N
Jueves 19/04/2007;D;O;N;T;M;D
Viernes 20/04/2007;D;O;N;T;M;D
Sábado 21/04/2007;M;D;D;N;T;D
Domingo 22/04/2007;M;D;D;N;T;D
Lunes 23/04/2007;T;M;D;D;N;O
Martes 24/04/2007;T;M;D;D;N;O
Miércoles 25/04/2007;N;T;M;D;D;O
Jueves 26/04/2007;N;T;M;D;D;O
Viernes 27/04/2007;D;N;T;M;D;O
Sábado 28/04/2007;D;N;T;M;D;D
Domingo 29/04/2007;D;D;N;T;M;D
Lunes 30/04/2007;D;D;N;T;M;O
Martes 01/05/2007;M;D;D;N;T;O
Miércoles 02/05/2007;M;D;D;N;T;O
Jueves 03/05/2007;T;M;D;D;N;O
Viernes 04/05/2007;T;M;D;D;N;O
Sábado 05/05/2007;N;T;M;D;D;D
Domingo 06/05/2007;N;T;M;D;D;D
Lunes 07/05/2007;D;N;T;O;D;M
Martes 08/05/2007;D;N;T;O;O;M
Miércoles 09/05/2007;D;D;N;O;M;T
Jueves 10/05/2007;O;D;N;O;M;T
Viernes 11/05/2007;M;D;D;O;T;N
Sábado 12/05/2007;M;D;D;D;T;N
Domingo 13/05/2007;T;M;D;D;N;D
Lunes 14/05/2007;T;M;O;O;N;D
Martes 15/05/2007;N;T;M;O;D;D
Miércoles 16/05/2007;N;T;M;O;D;O
Jueves 17/05/2007;D;N;T;O;D;M
Viernes 18/05/2007;D;N;T;O;D;M
Sábado 19/05/2007;D;D;N;D;M;T
Domingo 20/05/2007;D;D;N;D;M;T
Lunes 21/05/2007;M;D;D;O;T;N
Martes 22/05/2007;M;O;D;O;T;N
Miércoles 23/05/2007;T;M;D;O;N;D
Jueves 24/05/2007;T;M;D;O;N;D
Viernes 25/05/2007;N;T;M;O;D;D
Sábado 26/05/2007;N;T;M;D;D;D
Domingo 27/05/2007;D;N;T;D;D;M
Lunes 28/05/2007;D;N;T;O;O;M
Martes 29/05/2007;D;D;N;O;M;T
Miércoles 30/05/2007;O;D;N;O;M;T
Jueves 31/05/2007;M;D;D;O;T;N
Viernes 01/06/2007;M;D;D;O;T;N
Sábado 02/06/2007;T;M;D;D;N;D
Domingo 03/06/2007;T;M;D;D;N;D
Lunes 04/06/2007;N;T;O;M;D;D
Martes 05/06/2007;N;T;O;M;D;O
Miércoles 06/06/2007;D;N;O;T;D;M
Jueves 07/06/2007;D;N;O;T;D;M
Viernes 08/06/2007;D;D;O;N;M;T
Sábado 09/06/2007;D;D;D;N;M;T
Domingo 10/06/2007;M;D;D;D;T;N
Lunes 11/06/2007;M;O;O;D;T;N
Martes 12/06/2007;T;M;O;D;N;D
Miércoles 13/06/2007;T;M;O;O;N;D
Jueves 14/06/2007;N;T;O;M;D;D
Viernes 15/06/2007;N;T;O;M;D;D
Sábado 16/06/2007;D;N;D;T;D;M
Domingo 17/06/2007;D;N;D;T;D;M
Lunes 18/06/2007;D;D;O;N;M;T
Martes 19/06/2007;O;D;O;N;M;T
Miércoles 20/06/2007;M;D;O;D;T;N
Jueves 21/06/2007;M;O;O;D;T;N
Viernes 22/06/2007;T;M;O;D;N;D
Sábado 23/06/2007;T;M;D;D;N;D
Domingo 24/06/2007;N;T;D;M;D;D
Lunes 25/06/2007;N;T;O;M;D;O
Martes 26/06/2007;D;N;O;T;D;M
Miércoles 27/06/2007;D;N;O;T;D;M
Jueves 28/06/2007;D;D;O;N;M;T
Viernes 29/06/2007;D;D;O;N;M;T
Sábado 30/06/2007;M;D;D;D;T;N
Domingo 01/07/2007;M;D;D;D;T;N
Lunes 02/07/2007;T;O;M;D;N;D
Martes 03/07/2007;T;O;M;O;N;D
Miércoles 04/07/2007;N;O;T;M;D;D
Jueves 05/07/2007;N;O;T;M;D;O
Viernes 06/07/2007;D;O;N;T;D;M
Sábado 07/07/2007;D;D;N;T;D;M
Domingo 08/07/2007;D;D;D;N;M;T
Lunes 09/07/2007;O;O;D;N;M;T
Martes 10/07/2007;M;O;D;D;T;N
Miércoles 11/07/2007;M;O;O;D;T;N
Jueves 12/07/2007;T;O;M;D;N;D
Viernes 13/07/2007;T;O;M;D;N;D
Sábado 14/07/2007;N;D;T;M;D;D
Domingo 15/07/2007;N;D;T;M;D;D
Lunes 16/07/2007;D;O;N;T;D;M
Martes 17/07/2007;D;O;N;T;O;M
Miércoles 18/07/2007;D;O;D;N;M;T
Jueves 19/07/2007;D;O;D;N;M;T
Viernes 20/07/2007;M;O;D;D;T;N
Sábado 21/07/2007;M;D;D;D;T;N
Domingo 22/07/2007;T;D;M;D;N;D
Lunes 23/07/2007;T;O;M;O;N;D
Martes 24/07/2007;N;O;T;M;D;D
Miércoles 25/07/2007;N;O;T;M;D;O
Jueves 26/07/2007;D;O;N;T;D;M
Viernes 27/07/2007;D;O;N;T;D;M
Sábado 28/07/2007;D;D;D;N;M;T
Domingo 29/07/2007;D;D;D;N;M;T
Lunes 30/07/2007;O;M;D;D;T;N
Martes 31/07/2007;O;M;O;D;T;N
Miércoles 01/08/2007;O;T;M;D;N;D
Jueves 02/08/2007;O;T;M;D;N;D
Viernes 03/08/2007;O;N;T;M;D;D
Sábado 04/08/2007;D;N;T;M;D;D
Domingo 05/08/2007;D;D;N;T;D;M
Lunes 06/08/2007;O;D;N;T;D;M
Martes 07/08/2007;O;D;D;N;M;T
Miércoles 08/08/2007;O;O;D;N;M;T
Jueves 09/08/2007;O;M;D;D;T;N
Viernes 10/08/2007;O;M;D;D;T;N
Sábado 11/08/2007;D;T;M;D;N;D
Domingo 12/08/2007;D;T;M;D;N;D
Lunes 13/08/2007;O;N;T;M;D;D
Martes 14/08/2007;O;N;T;M;D;O
Miércoles 15/08/2007;O;D;N;T;D;M
Jueves 16/08/2007;O;D;N;T;D;M
Viernes 17/08/2007;O;D;D;N;M;T
Sábado 18/08/2007;D;D;D;N;M;T
Domingo 19/08/2007;D;M;D;D;T;N
Lunes 20/08/2007;O;M;O;D;T;N
Martes 21/08/2007;O;T;M;D;N;D
Miércoles 22/08/2007;O;T;M;O;N;D
Jueves 23/08/2007;O;N;T;M;D;D
Viernes 24/08/2007;O;N;T;M;D;D
Sábado 25/08/2007;D;D;N;T;D;M
Domingo 26/08/2007;D;D;N;T;D;M
Lunes 27/08/2007;M;D;D;N;O;T
Martes 28/08/2007;M;O;D;N;O;T
Miércoles 29/08/2007;T;M;D;D;O;N
Jueves 30/08/2007;T;M;D;D;O;N
Viernes 31/08/2007;N;T;M;D;O;D
Sábado 01/09/2007;N;T;M;D;D;D
Domingo 02/09/2007;D;N;T;M;D;D
Lunes 03/09/2007;D;N;T;M;O;O
Martes 04/09/2007;D;D;N;T;O;M
Miércoles 05/09/2007;O;D;N;T;O;M
Jueves 06/09/2007;M;D;D;N;O;T
Viernes 07/09/2007;M;D;D;N;O;T
Sábado 08/09/2007;T;M;D;D;D;N
Domingo 09/09/2007;T;M;D;D;D;N
Lunes 10/09/2007;N;T;M;D;O;D
Martes 11/09/2007;N;T;M;O;O;D
Miércoles 12/09/2007;D;N;T;M;O;D
Jueves 13/09/2007;D;N;T;M;O;D
Viernes 14/09/2007;D;D;N;T;O;M
Sábado 15/09/2007;D;D;N;T;D;M
Domingo 16/09/2007;M;D;D;N;D;T
Lunes 17/09/2007;M;O;D;N;O;T
Martes 18/09/2007;T;M;D;D;O;N
Miércoles 19/09/2007;T;M;O;D;O;N
Jueves 20/09/2007;N;T;M;D;O;D
Viernes 21/09/2007;N;T;M;D;O;D
Sábado 22/09/2007;D;N;T;M;D;D
Domingo 23/09/2007;D;N;T;M;D;D
Lunes 24/09/2007;D;D;N;T;M;O
Martes 25/09/2007;O;D;N;T;M;O
Miércoles 26/09/2007;M;D;D;N;T;O
Jueves 27/09/2007;M;D;D;N;T;O
Viernes 28/09/2007;T;M;D;D;N;O
Sábado 29/09/2007;T;M;D;D;N;D
Domingo 30/09/2007;N;T;M;D;D;D
Lunes 01/10/2007;N;T;M;D;D;O
Martes 02/10/2007;D;N;T;M;D;O
Miércoles 03/10/2007;D;N;T;M;D;O
Jueves 04/10/2007;D;D;N;T;M;O
Viernes 05/10/2007;D;D;N;T;M;O
Sábado 06/10/2007;M;D;D;N;T;D
Domingo 07/10/2007;M;D;D;N;T;D
Lunes 08/10/2007;T;M;D;D;N;O
Martes 09/10/2007;T;M;O;D;N;O
Miércoles 10/10/2007;N;T;M;D;D;O
Jueves 11/10/2007;N;T;M;O;D;O
Viernes 12/10/2007;D;N;T;M;D;O
Sábado 13/10/2007;D;N;T;M;D;D
Domingo 14/10/2007;D;D;N;T;M;D
Lunes 15/10/2007;O;D;N;T;M;O
Martes 16/10/2007;M;D;D;N;T;O
Miércoles 17/10/2007;M;O;D;N;T;O
Jueves 18/10/2007;T;M;D;D;N;O
Viernes 19/10/2007;T;M;D;D;N;O
Sábado 20/10/2007;N;T;M;D;D;D
Domingo 21/10/2007;N;T;M;D;D;D
Lunes 22/10/2007;D;N;T;O;D;M
Martes 23/10/2007;D;N;T;O;D;M
Miércoles 24/10/2007;D;D;N;O;M;T
Jueves 25/10/2007;D;D;N;O;M;T
Viernes 26/10/2007;M;D;D;O;T;N
Sábado 27/10/2007;M;D;D;D;T;N
Domingo 28/10/2007;T;M;D;D;N;D
Lunes 29/10/2007;T;M;D;O;N;D
Martes 30/10/2007;N;T;M;O;D;D
Miércoles 31/10/2007;N;T;M;O;D;D
Jueves 01/11/2007;D;N;T;O;D;M
Viernes 02/11/2007;D;N;T;O;D;M
Sábado 03/11/2007;D;D;N;D;M;T
Domingo 04/11/2007;D;D;N;D;M;T
Lunes 05/11/2007;O;D;D;M;T;N
Martes 06/11/2007;O;D;D;M;T;N
Miércoles 07/11/2007;O;M;D;T;N;D
Jueves 08/11/2007;O;M;D;T;N;D
Viernes 09/11/2007;O;T;M;N;D;D
Sábado 10/11/2007;D;T;M;N;D;D
Domingo 11/11/2007;D;N;T;D;D;M
Lunes 12/11/2007;O;N;T;D;D;M
Martes 13/11/2007;O;D;N;D;M;T
Miércoles 14/11/2007;O;D;N;D;M;T
Jueves 15/11/2007;O;D;D;M;T;N
Viernes 16/11/2007;O;D;D;M;T;N
Sábado 17/11/2007;D;M;D;T;N;D
Domingo 18/11/2007;D;M;D;T;N;D
Lunes 19/11/2007;M;T;O;N;D;D
Martes 20/11/2007;M;T;O;N;D;D
Miércoles 21/11/2007;T;N;O;D;D;M
Jueves 22/11/2007;T;N;O;D;D;M
Viernes 23/11/2007;N;D;O;D;M;T
Sábado 24/11/2007;N;D;D;D;M;T
Domingo 25/11/2007;D;D;D;M;T;N
Lunes 26/11/2007;D;D;O;M;T;N
Martes 27/11/2007;D;M;O;T;N;D
Miércoles 28/11/2007;D;M;O;T;N;D
Jueves 29/11/2007;M;T;O;N;D;D
Viernes 30/11/2007;M;T;O;N;D;D
Sábado 01/12/2007;T;N;D;D;D;M
Domingo 02/12/2007;T;N;D;D;D;M
Lunes 03/12/2007;N;D;M;D;O;T
Martes 04/12/2007;N;D;M;D;O;T
Miércoles 05/12/2007;D;D;T;M;O;N
Jueves 06/12/2007;D;D;T;M;O;N
Viernes 07/12/2007;D;M;N;T;O;D
Sábado 08/12/2007;D;M;N;T;D;D
Domingo 09/12/2007;M;T;D;N;D;D
Lunes 10/12/2007;M;T;D;N;O;D
Martes 11/12/2007;T;N;D;D;O;M
Miércoles 12/12/2007;T;N;D;D;O;M
Jueves 13/12/2007;N;D;M;D;O;T
Viernes 14/12/2007;N;D;M;D;O;T
Sábado 15/12/2007;D;D;T;M;D;N
Domingo 16/12/2007;D;D;T;M;D;N
Lunes 17/12/2007;D;O;N;T;M;D
Martes 18/12/2007;D;O;N;T;M;D
Miércoles 19/12/2007;M;O;D;N;T;D
Jueves 20/12/2007;M;O;D;N;T;D
Viernes 21/12/2007;T;O;D;D;N;M
Sábado 22/12/2007;T;D;D;D;N;M
Domingo 23/12/2007;N;D;M;D;D;T
Lunes 24/12/2007;N;O;M;D;D;T
Martes 25/12/2007;D;O;T;M;D;N
Miércoles 26/12/2007;D;O;T;M;D;N
Jueves 27/12/2007;D;O;N;T;M;D
Viernes 28/12/2007;D;O;N;T;M;D
Sábado 29/12/2007;M;D;D;N;T;D
Domingo 30/12/2007;M;D;D;N;T;D
Lunes 31/12/2007;T;M;D;D;N;O
Martes 01/01/2008;T;M;D;D;N;O
Miércoles 02/01/2008;N;T;M;D;D;O
Jueves 03/01/2008;N;T;M;D;D;O
Viernes 04/01/2008;D;N;T;M;D;O
Sábado 05/01/2008;D;N;T;M;D;D
Domingo 06/01/2008;D;D;N;T;M;D
Lunes 07/01/2008;D;D;N;T;M;O
Martes 08/01/2008;M;D;D;N;T;O
Miércoles 09/01/2008;M;D;D;N;T;O
Jueves 10/01/2008;T;M;D;D;N;O
Viernes 11/01/2008;T;M;D;D;N;O
Sábado 12/01/2008;N;T;M;D;D;D
Domingo 13/01/2008;N;T;M;D;D;D
Lunes 14/01/2008;D;N;T;O;D;M
Martes 15/01/2008;D;N;T;O;D;M
Miércoles 16/01/2008;D;D;N;O;M;T
Jueves 17/01/2008;D;D;N;O;M;T
Viernes 18/01/2008;M;D;D;O;T;N
Sábado 19/01/2008;M;D;D;D;T;N
Domingo 20/01/2008;T;M;D;D;N;D
Lunes 21/01/2008;T;M;D;O;N;D
Martes 22/01/2008;N;T;M;O;D;D
Miércoles 23/01/2008;N;T;M;O;D;D
Jueves 24/01/2008;D;N;T;O;D;M
Viernes 25/01/2008;D;N;T;O;D;M
Sábado 26/01/2008;D;D;N;D;M;T
Domingo 27/01/2008;D;D;N;D;M;T
Lunes 28/01/2008;O;D;D;M;T;N
Martes 29/01/2008;O;D;D;M;T;N
Miércoles 30/01/2008;O;M;D;T;N;D
Jueves 31/01/2008;O;M;D;T;N;D
Viernes 01/02/2008;O;T;M;N;D;D
Sábado 02/02/2008;D;T;M;N;D;D
Domingo 03/02/2008;D;N;T;D;D;M
Lunes 04/02/2008;O;N;T;D;D;M
Martes 05/02/2008;O;D;N;D;M;T
Miércoles 06/02/2008;O;D;N;D;M;T
Jueves 07/02/2008;O;D;D;M;T;N
Viernes 08/02/2008;O;D;D;M;T;N
Sábado 09/02/2008;D;M;D;T;N;D
Domingo 10/02/2008;D;M;D;T;N;D
Lunes 11/02/2008;M;T;O;N;D;D
Martes 12/02/2008;M;T;O;N;D;D
Miércoles 13/02/2008;T;N;O;D;D;M
Jueves 14/02/2008;T;N;O;D;D;M
Viernes 15/02/2008;N;D;O;D;M;T
Sábado 16/02/2008;N;D;D;D;M;T
Domingo 17/02/2008;D;D;D;M;T;N
Lunes 18/02/2008;D;D;O;M;T;N
Martes 19/02/2008;D;M;O;T;N;D
Miércoles 20/02/2008;D;M;O;T;N;D
Jueves 21/02/2008;M;T;O;N;D;D
Viernes 22/02/2008;M;T;O;N;D;D
Sábado 23/02/2008;T;N;D;D;D;M
Domingo 24/02/2008;T;N;D;D;D;M
Lunes 25/02/2008;N;D;M;D;O;T
Martes 26/02/2008;N;D;M;D;O;T
Miércoles 27/02/2008;D;D;T;M;O;N
Jueves 28/02/2008;D;D;T;M;O;N
Viernes 29/02/2008;D;M;N;T;O;D
Sábado 01/03/2008;D;M;N;T;D;D
Domingo 02/03/2008;M;T;D;N;D;D
Lunes 03/03/2008;M;T;D;N;O;D
Martes 04/03/2008;T;N;D;D;O;M
Miércoles 05/03/2008;T;N;D;D;O;M
Jueves 06/03/2008;N;D;M;D;O;T
Viernes 07/03/2008;N;D;M;D;O;T
Sábado 08/03/2008;D;D;T;M;D;N
Domingo 09/03/2008;D;D;T;M;D;N
Lunes 10/03/2008;D;O;N;T;M;D
Martes 11/03/2008;D;O;N;T;M;D
Miércoles 12/03/2008;M;O;D;N;T;D
Jueves 13/03/2008;M;O;D;N;T;D
Viernes 14/03/2008;T;O;D;D;N;M
Sábado 15/03/2008;T;D;D;D;N;M
Domingo 16/03/2008;N;D;M;D;D;T
Lunes 17/03/2008;N;O;M;D;D;T
Martes 18/03/2008;D;O;T;M;D;N
Miércoles 19/03/2008;D;O;T;M;D;N
Jueves 20/03/2008;D;O;N;T;M;D
Viernes 21/03/2008;D;O;N;T;M;D
Sábado 22/03/2008;M;D;D;N;T;D
Domingo 23/03/2008;M;D;D;N;T;D
Lunes 24/03/2008;T;M;D;D;N;O
Martes 25/03/2008;T;M;D;D;N;O
Miércoles 26/03/2008;N;T;M;D;D;O
Jueves 27/03/2008;N;T;M;D;D;O
Viernes 28/03/2008;D;N;T;M;D;O
Sábado 29/03/2008;D;N;T;M;D;D
Domingo 30/03/2008;D;D;N;T;M;D
Lunes 31/03/2008;D;D;N;T;M;O
Martes 01/04/2008;M;D;D;N;T;O
Miércoles 02/04/2008;M;D;D;N;T;O
Jueves 03/04/2008;T;M;D;D;N;O
Viernes 04/04/2008;T;M;D;D;N;O
Sábado 05/04/2008;N;T;M;D;D;D
Domingo 06/04/2008;N;T;M;D;D;D
Lunes 07/04/2008;D;N;T;O;D;M
Martes 08/04/2008;D;N;T;O;D;M
Miércoles 09/04/2008;D;D;N;O;M;T
Jueves 10/04/2008;D;D;N;O;M;T
Viernes 11/04/2008;M;D;D;O;T;N
Sábado 12/04/2008;M;D;D;D;T;N
Domingo 13/04/2008;T;M;D;D;N;D
Lunes 14/04/2008;T;M;D;O;N;D
Martes 15/04/2008;N;T;M;O;D;D
Miércoles 16/04/2008;N;T;M;O;D;D
Jueves 17/04/2008;D;N;T;O;D;M
Viernes 18/04/2008;D;N;T;O;D;M
Sábado 19/04/2008;D;D;N;D;M;T
Domingo 20/04/2008;D;D;N;D;M;T
Lunes 21/04/2008;O;D;D;M;T;N
Martes 22/04/2008;O;D;D;M;T;N
Miércoles 23/04/2008;O;M;D;T;N;D
Jueves 24/04/2008;O;M;D;T;N;D
Viernes 25/04/2008;O;T;M;N;D;D
Sábado 26/04/2008;D;T;M;N;D;D
Domingo 27/04/2008;D;N;T;D;D;M
Lunes 28/04/2008;O;N;T;D;D;M
Martes 29/04/2008;O;D;N;D;M;T
Miércoles 30/04/2008;O;D;N;D;M;T
Jueves 01/05/2008;O;D;D;M;T;N
Viernes 02/05/2008;O;D;D;M;T;N
Sábado 03/05/2008;D;M;D;T;N;D
Domingo 04/05/2008;D;M;D;T;N;D
Lunes 05/05/2008;M;T;O;N;D;D
Martes 06/05/2008;M;T;O;N;D;D
Miércoles 07/05/2008;T;N;O;D;D;M
Jueves 08/05/2008;T;N;O;D;D;M
Viernes 09/05/2008;N;D;O;D;M;T
Sábado 10/05/2008;N;D;D;D;M;T
Domingo 11/05/2008;D;D;D;M;T;N
Lunes 12/05/2008;D;D;O;M;T;N
Martes 13/05/2008;D;M;O;T;N;D
Miércoles 14/05/2008;D;M;O;T;N;D
Jueves 15/05/2008;M;T;O;N;D;D
Viernes 16/05/2008;M;T;O;N;D;D
Sábado 17/05/2008;T;N;D;D;D;M
Domingo 18/05/2008;T;N;D;D;D;M
Lunes 19/05/2008;N;D;M;D;O;T
Martes 20/05/2008;N;D;M;D;O;T
Miércoles 21/05/2008;D;D;T;M;O;N
Jueves 22/05/2008;D;D;T;M;O;N
Viernes 23/05/2008;D;M;N;T;O;D
Sábado 24/05/2008;D;M;N;T;D;D
Domingo 25/05/2008;M;T;D;N;D;D
Lunes 26/05/2008;M;T;D;N;O;D
Martes 27/05/2008;T;N;D;D;O;M
Miércoles 28/05/2008;T;N;D;D;O;M
Jueves 29/05/2008;N;D;M;D;O;T
Viernes 30/05/2008;N;D;M;D;O;T
Sábado 31/05/2008;D;D;T;M;D;N
Domingo 01/06/2008;D;D;T;M;D;N
Lunes 02/06/2008;D;M;N;T;O;D
Martes 03/06/2008;D;M;N;T;O;D
Miércoles 04/06/2008;M;T;D;N;O;D
Jueves 05/06/2008;M;T;D;N;O;D
Viernes 06/06/2008;T;N;D;D;O;M
Sábado 07/06/2008;T;N;D;D;D;M
Domingo 08/06/2008;N;D;M;D;D;T
Lunes 09/06/2008;N;D;M;D;O;T
Martes 10/06/2008;D;D;T;M;O;N
Miércoles 11/06/2008;D;D;T;M;O;N
Jueves 12/06/2008;D;M;N;T;O;D
Viernes 13/06/2008;D;M;N;T;O;D
Sábado 14/06/2008;M;T;D;N;D;D
Domingo 15/06/2008;M;T;D;N;D;D
Lunes 16/06/2008;T;N;D;D;M;O
Martes 17/06/2008;T;N;D;D;M;O
Miércoles 18/06/2008;N;D;M;D;T;O
Jueves 19/06/2008;N;D;M;D;T;O
Viernes 20/06/2008;D;D;T;M;N;O
Sábado 21/06/2008;D;D;T;M;N;D
Domingo 22/06/2008;D;M;N;T;D;D
Lunes 23/06/2008;D;M;N;T;D;O
Martes 24/06/2008;M;T;D;N;D;O
Miércoles 25/06/2008;M;T;D;N;D;O
Jueves 26/06/2008;T;N;D;D;M;O
Viernes 27/06/2008;T;N;D;D;M;O
Sábado 28/06/2008;N;D;M;D;T;D
Domingo 29/06/2008;N;D;M;D;T;D
Lunes 30/06/2008;D;D;T;M;N;O
Martes 01/07/2008;D;D;T;M;N;O
Miércoles 02/07/2008;D;M;N;T;D;O
Jueves 03/07/2008;D;M;N;T;D;O
Viernes 04/07/2008;M;T;D;N;D;O
Sábado 05/07/2008;M;T;D;N;D;D
Domingo 06/07/2008;T;N;D;D;M;D
Lunes 07/07/2008;T;N;D;D;M;O
Martes 08/07/2008;N;D;M;D;T;O
Miércoles 09/07/2008;N;D;M;D;T;O
Jueves 10/07/2008;D;D;T;M;N;O
Viernes 11/07/2008;D;D;T;M;N;O
Sábado 12/07/2008;D;M;N;T;D;D
Domingo 13/07/2008;D;M;N;T;D;D
Lunes 14/07/2008;O;T;D;N;D;M
Martes 15/07/2008;O;T;D;N;D;M
Miércoles 16/07/2008;O;N;D;D;M;T
Jueves 17/07/2008;O;N;D;D;M;T
Viernes 18/07/2008;O;D;M;D;T;N
Sábado 19/07/2008;D;D;M;D;T;N
Domingo 20/07/2008;D;D;T;M;N;D
Lunes 21/07/2008;O;D;T;M;N;D
Martes 22/07/2008;O;M;N;T;D;D
Miércoles 23/07/2008;O;M;N;T;D;D
Jueves 24/07/2008;O;T;D;N;D;M
Viernes 25/07/2008;O;T;D;N;D;M
Sábado 26/07/2008;D;N;D;D;M;T
Domingo 27/07/2008;D;N;D;D;M;T
Lunes 28/07/2008;O;D;M;D;T;N
Martes 29/07/2008;O;D;M;D;T;N
Miércoles 30/07/2008;O;D;T;M;N;D
Jueves 31/07/2008;O;D;T;M;N;D
Viernes 01/08/2008;O;M;N;T;D;D
Sábado 02/08/2008;D;M;N;T;D;D
Domingo 03/08/2008;D;T;D;N;D;M
Lunes 04/08/2008;O;T;D;N;D;M
Martes 05/08/2008;O;N;D;D;M;T
Miércoles 06/08/2008;O;N;D;D;M;T
Jueves 07/08/2008;O;D;M;D;T;N
Viernes 08/08/2008;O;D;M;D;T;N
Sábado 09/08/2008;D;D;T;M;N;D
Domingo 10/08/2008;D;D;T;M;N;D
Lunes 11/08/2008;M;O;N;T;D;D
Martes 12/08/2008;M;O;N;T;D;D
Miércoles 13/08/2008;T;O;D;N;D;M
Jueves 14/08/2008;T;O;D;N;D;M
Viernes 15/08/2008;N;O;D;D;M;T
Sábado 16/08/2008;N;D;D;D;M;T
Domingo 17/08/2008;D;D;M;D;T;N
Lunes 18/08/2008;D;O;M;D;T;N
Martes 19/08/2008;D;O;T;M;N;D
Miércoles 20/08/2008;D;O;T;M;N;D
Jueves 21/08/2008;M;O;N;T;D;D
Viernes 22/08/2008;M;O;N;T;D;D
Sábado 23/08/2008;T;D;D;N;D;M
Domingo 24/08/2008;T;D;D;N;D;M
Lunes 25/08/2008;N;O;D;D;M;T
Martes 26/08/2008;N;O;D;D;M;T
Miércoles 27/08/2008;D;O;M;D;T;N
Jueves 28/08/2008;D;O;M;D;T;N
Viernes 29/08/2008;D;O;T;M;N;D
Sábado 30/08/2008;D;D;T;M;N;D
Domingo 31/08/2008;M;D;N;T;D;D
Lunes 01/09/2008;M;O;N;T;D;D
Martes 02/09/2008;T;O;D;N;D;M
Miércoles 03/09/2008;T;O;D;N;D;M
Jueves 04/09/2008;N;O;D;D;M;T
Viernes 05/09/2008;N;O;D;D;M;T
Sábado 06/09/2008;D;D;M;D;T;N
Domingo 07/09/2008;D;D;M;D;T;N
Lunes 08/09/2008;D;M;T;O;N;D
Martes 09/09/2008;D;M;T;O;N;D
Miércoles 10/09/2008;M;T;N;O;D;D
Jueves 11/09/2008;M;T;N;O;D;D
Viernes 12/09/2008;T;N;D;O;D;M
Sábado 13/09/2008;T;N;D;D;D;M
Domingo 14/09/2008;N;D;D;D;M;T
Lunes 15/09/2008;N;D;D;O;M;T
Martes 16/09/2008;D;D;M;O;T;N
Miércoles 17/09/2008;D;D;M;O;T;N
Jueves 18/09/2008;D;M;T;O;N;D
Viernes 19/09/2008;D;M;T;O;N;D
Sábado 20/09/2008;M;T;N;D;D;D
Domingo 21/09/2008;M;T;N;D;D;D
Lunes 22/09/2008;T;N;D;O;D;M
Martes 23/09/2008;T;N;D;O;D;M
Miércoles 24/09/2008;N;D;D;O;M;T
Jueves 25/09/2008;N;D;D;O;M;T
Viernes 26/09/2008;D;D;M;O;T;N
Sábado 27/09/2008;D;D;M;D;T;N
Domingo 28/09/2008;D;M;T;D;N;D
Lunes 29/09/2008;D;M;T;O;N;D
Martes 30/09/2008;M;T;N;O;D;D
Miércoles 01/10/2008;M;T;N;O;D;D
Jueves 02/10/2008;T;N;D;O;D;M
Viernes 03/10/2008;T;N;D;O;D;M
Sábado 04/10/2008;N;D;D;D;M;T
Domingo 05/10/2008;N;D;D;D;M;T
Lunes 06/10/2008;D;D;O;M;T;N
Martes 07/10/2008;D;D;O;M;T;N
Miércoles 08/10/2008;D;M;O;T;N;D
Jueves 09/10/2008;D;M;O;T;N;D
Viernes 10/10/2008;M;T;O;N;D;D
Sábado 11/10/2008;M;T;D;N;D;D
Domingo 12/10/2008;T;N;D;D;D;M
Lunes 13/10/2008;T;N;O;D;D;M
Martes 14/10/2008;N;D;O;D;M;T
Miércoles 15/10/2008;N;D;O;D;M;T
Jueves 16/10/2008;D;D;O;M;T;N
Viernes 17/10/2008;D;D;O;M;T;N
Sábado 18/10/2008;D;M;D;T;N;D
Domingo 19/10/2008;D;M;D;T;N;D
Lunes 20/10/2008;M;T;O;N;D;D
Martes 21/10/2008;M;T;O;N;D;D
Miércoles 22/10/2008;T;N;O;D;D;M
Jueves 23/10/2008;T;N;O;D;D;M
Viernes 24/10/2008;N;D;O;D;M;T
Sábado 25/10/2008;N;D;D;D;M;T
Domingo 26/10/2008;D;D;D;M;T;N
Lunes 27/10/2008;D;D;O;M;T;N
Martes 28/10/2008;D;M;O;T;N;D
Miércoles 29/10/2008;D;M;O;T;N;D
Jueves 30/10/2008;M;T;O;N;D;D
Viernes 31/10/2008;M;T;O;N;D;D
Sábado 01/11/2008;T;N;D;D;D;M
Domingo 02/11/2008;T;N;D;D;D;M
Lunes 03/11/2008;N;D;M;D;O;T
Martes 04/11/2008;N;D;M;D;O;T
Miércoles 05/11/2008;D;D;T;M;O;N
Jueves 06/11/2008;D;D;T;M;O;N
Viernes 07/11/2008;D;M;N;T;O;D
Sábado 08/11/2008;D;M;N;T;D;D
Domingo 09/11/2008;M;T;D;N;D;D
Lunes 10/11/2008;M;T;D;N;O;D
Martes 11/11/2008;T;N;D;D;O;M
Miércoles 12/11/2008;T;N;D;D;O;M
Jueves 13/11/2008;N;D;M;D;O;T
Viernes 14/11/2008;N;D;M;D;O;T
Sábado 15/11/2008;D;D;T;M;D;N
Domingo 16/11/2008;D;D;T;M;D;N
Lunes 17/11/2008;D;O;N;T;M;D
Martes 18/11/2008;D;O;N;T;M;D
Miércoles 19/11/2008;M;O;D;N;T;D
Jueves 20/11/2008;M;O;D;N;T;D
Viernes 21/11/2008;T;O;D;D;N;M
Sábado 22/11/2008;T;D;D;D;N;M
Domingo 23/11/2008;N;D;M;D;D;T
Lunes 24/11/2008;N;O;M;D;D;T
Martes 25/11/2008;D;O;T;M;D;N
Miércoles 26/11/2008;D;O;T;M;D;N
Jueves 27/11/2008;D;O;N;T;M;D
Viernes 28/11/2008;D;O;N;T;M;D
Sábado 29/11/2008;M;D;D;N;T;D
Domingo 30/11/2008;M;D;D;N;T;D
Lunes 01/12/2008;T;M;D;D;N;O
Martes 02/12/2008;T;M;D;D;N;O
Miércoles 03/12/2008;N;T;M;D;D;O
Jueves 04/12/2008;N;T;M;D;D;O
Viernes 05/12/2008;D;N;T;M;D;O
Sábado 06/12/2008;D;N;T;M;D;D
Domingo 07/12/2008;D;D;N;T;M;D
Lunes 08/12/2008;D;D;N;T;M;O
Martes 09/12/2008;M;D;D;N;T;O
Miércoles 10/12/2008;M;D;D;N;T;O
Jueves 11/12/2008;T;M;D;D;N;O
Viernes 12/12/2008;T;M;D;D;N;O
Sábado 13/12/2008;N;T;M;D;D;D
Domingo 14/12/2008;N;T;M;D;D;D
Lunes 15/12/2008;D;N;T;O;D;M
Martes 16/12/2008;D;N;T;O;D;M
Miércoles 17/12/2008;D;D;N;O;M;T
Jueves 18/12/2008;D;D;N;O;M;T
Viernes 19/12/2008;M;D;D;O;T;N
Sábado 20/12/2008;M;D;D;D;T;N
Domingo 21/12/2008;T;M;D;D;N;D
Lunes 22/12/2008;T;M;D;O;N;D
Martes 23/12/2008;N;T;M;O;D;D
Miércoles 24/12/2008;N;T;M;O;D;D
Jueves 25/12/2008;D;N;T;O;D;M
Viernes 26/12/2008;D;N;T;O;D;M
Sábado 27/12/2008;D;D;N;D;M;T
Domingo 28/12/2008;D;D;N;D;M;T
Lunes 29/12/2008;O;D;D;M;T;N
Martes 30/12/2008;O;D;D;M;T;N
Miércoles 31/12/2008;O;M;D;T;N;D
Jueves 01/01/2009;O;M;D;T;N;D
Viernes 02/01/2009;O;T;M;N;D;D
Sábado 03/01/2009;D;T;M;N;D;D
Domingo 04/01/2009;D;N;T;D;D;M
Lunes 05/01/2009;O;N;T;D;D;M
Martes 06/01/2009;O;D;N;D;M;T
Miércoles 07/01/2009;O;D;N;D;M;T
Jueves 08/01/2009;O;D;D;M;T;N
Viernes 09/01/2009;O;D;D;M;T;N
Sábado 10/01/2009;D;M;D;T;N;D
Domingo 11/01/2009;D;M;D;T;N;D
Lunes 12/01/2009;M;T;O;N;D;D
Martes 13/01/2009;M;T;O;N;D;D
Miércoles 14/01/2009;T;N;O;D;D;M
Jueves 15/01/2009;T;N;O;D;D;M
Viernes 16/01/2009;N;D;O;D;M;T
Sábado 17/01/2009;N;D;D;D;M;T
Domingo 18/01/2009;D;D;D;M;T;N
Lunes 19/01/2009;D;D;O;M;T;N
Martes 20/01/2009;D;M;O;T;N;D
Miércoles 21/01/2009;D;M;O;T;N;D
Jueves 22/01/2009;M;T;O;N;D;D
Viernes 23/01/2009;M;T;O;N;D;D
Sábado 24/01/2009;T;N;D;D;D;M
Domingo 25/01/2009;T;N;D;D;D;M
Lunes 26/01/2009;N;D;M;D;O;T
Martes 27/01/2009;N;D;M;D;O;T
Miércoles 28/01/2009;D;D;T;M;O;N
Jueves 29/01/2009;D;D;T;M;O;N
Viernes 30/01/2009;D;M;N;T;O;D
Sábado 31/01/2009;D;M;N;T;D;D
Domingo 01/02/2009;M;T;D;N;D;D
Lunes 02/02/2009;M;T;D;N;O;D
Martes 03/02/2009;T;N;D;D;O;M
Miércoles 04/02/2009;T;N;D;D;O;M
Jueves 05/02/2009;N;D;M;D;O;T
Viernes 06/02/2009;N;D;M;D;O;T
Sábado 07/02/2009;D;D;T;M;D;N
Domingo 08/02/2009;D;D;T;M;D;N
Lunes 09/02/2009;D;O;N;T;M;D
Martes 10/02/2009;D;O;N;T;M;D
Miércoles 11/02/2009;M;O;D;N;T;D
Jueves 12/02/2009;M;O;D;N;T;D
Viernes 13/02/2009;T;O;D;D;N;M
Sábado 14/02/2009;T;D;D;D;N;M
Domingo 15/02/2009;N;D;M;D;D;T
Lunes 16/02/2009;N;O;M;D;D;T
Martes 17/02/2009;D;O;T;M;D;N
Miércoles 18/02/2009;D;O;T;M;D;N
Jueves 19/02/2009;D;O;N;T;M;D
Viernes 20/02/2009;D;O;N;T;M;D
Sábado 21/02/2009;M;D;D;N;T;D
Domingo 22/02/2009;M;D;D;N;T;D
Lunes 23/02/2009;T;M;D;D;N;O
Martes 24/02/2009;T;M;D;D;N;O
Miércoles 25/02/2009;N;T;M;D;D;O
Jueves 26/02/2009;N;T;M;D;D;O
Viernes 27/02/2009;D;N;T;M;D;O
Sábado 28/02/2009;D;N;T;M;D;D
Domingo 01/03/2009;D;D;N;T;M;D
Lunes 02/03/2009;D;D;N;T;M;O
Martes 03/03/2009;M;D;D;N;T;O
Miércoles 04/03/2009;M;D;D;N;T;O
Jueves 05/03/2009;T;M;D;D;N;O
Viernes 06/03/2009;T;M;D;D;N;O
Sábado 07/03/2009;N;T;M;D;D;D
Domingo 08/03/2009;N;T;M;D;D;D
Lunes 09/03/2009;D;N;T;O;D;M
Martes 10/03/2009;D;N;T;O;D;M
Miércoles 11/03/2009;D;D;N;O;M;T
Jueves 12/03/2009;D;D;N;O;M;T
Viernes 13/03/2009;M;D;D;O;T;N
Sábado 14/03/2009;M;D;D;D;T;N
Domingo 15/03/2009;T;M;D;D;N;D
Lunes 16/03/2009;T;M;D;O;N;D
Martes 17/03/2009;N;T;M;O;D;D
Miércoles 18/03/2009;N;T;M;O;D;D
Jueves 19/03/2009;D;N;T;O;D;M
Viernes 20/03/2009;D;N;T;O;D;M
Sábado 21/03/2009;D;D;N;D;M;T
Domingo 22/03/2009;D;D;N;D;M;T
Lunes 23/03/2009;O;D;D;M;T;N
Martes 24/03/2009;O;D;D;M;T;N
Miércoles 25/03/2009;O;M;D;T;N;D
Jueves 26/03/2009;O;M;D;T;N;D
Viernes 27/03/2009;O;T;M;N;D;D
Sábado 28/03/2009;D;T;M;N;D;D
Domingo 29/03/2009;D;N;T;D;D;M
Lunes 30/03/2009;O;N;T;D;D;M
Martes 31/03/2009;O;D;N;D;M;T
Miércoles 01/04/2009;O;D;N;D;M;T
Jueves 02/04/2009;O;D;D;M;T;N
Viernes 03/04/2009;O;D;D;M;T;N
Sábado 04/04/2009;D;M;D;T;N;D
Domingo 05/04/2009;D;M;D;T;N;D
Lunes 06/04/2009;M;T;O;N;D;D
Martes 07/04/2009;M;T;O;N;D;D
Miércoles 08/04/2009;T;N;O;D;D;M
Jueves 09/04/2009;T;N;O;D;D;M
Viernes 10/04/2009;N;D;O;D;M;T
Sábado 11/04/2009;N;D;D;D;M;T
Domingo 12/04/2009;D;D;D;M;T;N
Lunes 13/04/2009;D;D;O;M;T;N
Martes 14/04/2009;D;M;O;T;N;D
Miércoles 15/04/2009;D;M;O;T;N;D
Jueves 16/04/2009;M;T;O;N;D;D
Viernes 17/04/2009;M;T;O;N;D;D
Sábado 18/04/2009;T;N;D;D;D;M
Domingo 19/04/2009;T;N;D;D;D;M
Lunes 20/04/2009;N;D;M;D;O;T
Martes 21/04/2009;N;D;M;D;O;T
Miércoles 22/04/2009;D;D;T;M;O;N
Jueves 23/04/2009;D;D;T;M;O;N
Viernes 24/04/2009;D;M;N;T;O;D
Sábado 25/04/2009;D;M;N;T;D;D
Domingo 26/04/2009;M;T;D;N;D;D
Lunes 27/04/2009;M;T;D;N;O;D
Martes 28/04/2009;T;N;D;D;O;M
Miércoles 29/04/2009;T;N;D;D;O;M
Jueves 30/04/2009;N;D;M;D;O;T
Viernes 01/05/2009;N;D;M;D;O;T
Sábado 02/05/2009;D;D;T;M;D;N
Domingo 03/05/2009;D;D;T;M;D;N
Lunes 04/05/2009;D;O;N;T;M;D
Martes 05/05/2009;D;O;N;T;M;D
Miércoles 06/05/2009;M;O;D;N;T;D
Jueves 07/05/2009;M;O;D;N;T;D
Viernes 08/05/2009;T;O;D;D;N;M
Sábado 09/05/2009;T;D;D;D;N;M
Domingo 10/05/2009;N;D;M;D;D;T
Lunes 11/05/2009;N;O;M;D;D;T
Martes 12/05/2009;D;O;T;M;D;N
Miércoles 13/05/2009;D;O;T;M;D;N
Jueves 14/05/2009;D;O;N;T;M;D
Viernes 15/05/2009;D;O;N;T;M;D
Sábado 16/05/2009;M;D;D;N;T;D
Domingo 17/05/2009;M;D;D;N;T;D
Lunes 18/05/2009;T;M;D;D;N;O
Martes 19/05/2009;T;M;D;D;N;O
Miércoles 20/05/2009;N;T;M;D;D;O
Jueves 21/05/2009;N;T;M;O;D;O
Viernes 22/05/2009;D;N;T;M;D;O
Sábado 23/05/2009;D;N;T;M;D;D
Domingo 24/05/2009;D;D;N;T;M;D
Lunes 25/05/2009;O;D;N;T;M;O
Martes 26/05/2009;M;D;D;N;T;O
Miércoles 27/05/2009;M;O;D;N;T;O
Jueves 28/05/2009;T;M;D;D;N;O
Viernes 29/05/2009;T;M;O;D;N;O
Sábado 30/05/2009;N;T;M;D;D;D
Domingo 31/05/2009;N;T;M;D;D;D
Lunes 01/06/2009;D;N;T;M;D;O
Martes 02/06/2009;D;N;T;M;O;O
Miércoles 03/06/2009;D;D;N;T;M;O
Jueves 04/06/2009;O;D;N;T;M;O
Viernes 05/06/2009;M;D;D;N;T;O
Sábado 06/06/2009;M;D;D;N;T;D
Domingo 07/06/2009;T;M;D;D;N;D
Lunes 08/06/2009;T;M;O;D;N;O
Martes 09/06/2009;N;T;M;D;D;O
Miércoles 10/06/2009;N;T;M;O;D;O
Jueves 11/06/2009;D;N;T;M;D;O
Viernes 12/06/2009;D;N;T;M;O;O
Sábado 13/06/2009;D;D;N;T;M;D
Domingo 14/06/2009;D;D;N;T;M;D
Lunes 15/06/2009;O;D;D;N;T;M
Martes 16/06/2009;O;O;D;N;T;M
Miércoles 17/06/2009;O;M;D;D;N;T
Jueves 18/06/2009;O;M;O;D;N;T
Viernes 19/06/2009;O;T;M;D;D;N
Sábado 20/06/2009;D;T;M;D;D;N
Domingo 21/06/2009;D;N;T;M;D;D
Lunes 22/06/2009;O;N;T;M;O;D
Martes 23/06/2009;O;D;N;T;M;D
Miércoles 24/06/2009;O;D;N;T;M;O
Jueves 25/06/2009;O;D;D;N;T;M
Viernes 26/06/2009;O;O;D;N;T;M
Sábado 27/06/2009;D;M;D;D;N;T
Domingo 28/06/2009;D;M;D;D;N;T
Lunes 29/06/2009;O;T;M;D;D;N
Martes 30/06/2009;O;T;M;O;D;N
Miércoles 01/07/2009;O;N;T;M;D;D
Jueves 02/07/2009;O;N;T;M;D;D
Viernes 03/07/2009;O;D;N;T;M;D
Sábado 04/07/2009;D;D;N;T;M;D
Domingo 05/07/2009;D;D;D;N;T;M
Lunes 06/07/2009;O;O;D;N;T;M
Martes 07/07/2009;O;M;D;D;N;T
Miércoles 08/07/2009;O;M;D;D;N;T
Jueves 09/07/2009;O;T;M;D;D;N
Viernes 10/07/2009;O;T;M;D;D;N
Sábado 11/07/2009;D;N;T;M;D;D
Domingo 12/07/2009;D;N;T;M;D;D
Lunes 13/07/2009;M;D;N;T;O;D
Martes 14/07/2009;M;D;N;T;O;D
Miércoles 15/07/2009;T;D;D;N;O;M
Jueves 16/07/2009;T;D;D;N;O;M
Viernes 17/07/2009;N;M;D;D;O;T
Sábado 18/07/2009;N;M;D;D;D;T
Domingo 19/07/2009;D;T;M;D;D;N
Lunes 20/07/2009;D;T;M;D;O;N
Martes 21/07/2009;D;N;T;M;O;D
Miércoles 22/07/2009;D;N;T;M;O;D
Jueves 23/07/2009;M;D;N;T;O;D
Viernes 24/07/2009;M;D;N;T;O;D
Sábado 25/07/2009;T;D;D;N;D;M
Domingo 26/07/2009;T;D;D;N;D;M
Lunes 27/07/2009;N;M;D;D;O;T
Martes 28/07/2009;N;M;D;D;O;T
Miércoles 29/07/2009;D;T;M;D;O;N
Jueves 30/07/2009;D;T;M;D;O;N
Viernes 31/07/2009;D;N;T;M;O;D
Sábado 01/08/2009;D;N;T;M;D;D
Domingo 02/08/2009;M;D;N;T;D;D
Lunes 03/08/2009;M;D;N;T;O;D
Martes 04/08/2009;T;D;D;N;O;M
Miércoles 05/08/2009;T;D;D;N;O;M
Jueves 06/08/2009;N;M;D;D;O;T
Viernes 07/08/2009;N;M;D;D;O;T
Sábado 08/08/2009;D;T;M;D;D;N
Domingo 09/08/2009;D;T;M;D;D;N
Lunes 10/08/2009;D;N;T;O;M;D
Martes 11/08/2009;D;N;T;O;M;D
Miércoles 12/08/2009;M;D;N;O;T;D
Jueves 13/08/2009;M;D;N;O;T;D
Viernes 14/08/2009;T;D;D;O;N;M
Sábado 15/08/2009;T;D;D;D;N;M
Domingo 16/08/2009;N;M;D;D;D;T
Lunes 17/08/2009;N;M;D;O;D;T
Martes 18/08/2009;D;T;M;O;D;N
Miércoles 19/08/2009;D;T;M;O;D;N
Jueves 20/08/2009;D;N;T;O;M;D
Viernes 21/08/2009;D;N;T;O;M;D
Sábado 22/08/2009;M;D;N;D;T;D
Domingo 23/08/2009;M;D;N;D;T;D
Lunes 24/08/2009;T;D;D;O;N;M
Martes 25/08/2009;T;D;D;O;N;M
Miércoles 26/08/2009;N;M;D;O;D;T
Jueves 27/08/2009;N;M;D;O;D;T
Viernes 28/08/2009;D;T;M;O;D;N
Sábado 29/08/2009;D;T;M;D;D;N
Domingo 30/08/2009;D;N;T;D;M;D
Lunes 31/08/2009;D;N;T;O;M;D
Martes 01/09/2009;M;D;N;O;T;D
Miércoles 02/09/2009;M;D;N;O;T;O
Jueves 03/09/2009;T;D;D;O;N;M
Viernes 04/09/2009;T;O;D;O;N;M
Sábado 05/09/2009;N;M;D;D;D;T
Domingo 06/09/2009;N;M;D;D;D;T
Lunes 07/09/2009;D;T;O;M;D;N
Martes 08/09/2009;D;T;O;M;O;N
Miércoles 09/09/2009;D;N;O;T;M;D
Jueves 10/09/2009;O;N;O;T;M;D
Viernes 11/09/2009;M;D;O;N;T;D
Sábado 12/09/2009;M;D;D;N;T;D
Domingo 13/09/2009;T;D;D;D;N;M
Lunes 14/09/2009;T;O;O;D;N;M
Martes 15/09/2009;N;M;O;D;D;T
Miércoles 16/09/2009;N;M;O;O;D;T
Jueves 17/09/2009;D;T;O;M;D;N
Viernes 18/09/2009;D;T;O;M;D;N
Sábado 19/09/2009;D;N;D;T;M;D
Domingo 20/09/2009;D;N;D;T;M;D
Lunes 21/09/2009;M;D;O;N;T;D
Martes 22/09/2009;M;D;O;N;T;O
Miércoles 23/09/2009;T;D;O;D;N;M
Jueves 24/09/2009;T;O;O;D;N;M
Viernes 25/09/2009;N;M;O;D;D;T
Sábado 26/09/2009;N;M;D;D;D;T
Domingo 27/09/2009;D;T;D;M;D;N
Lunes 28/09/2009;D;T;O;M;O;N
Martes 29/09/2009;D;N;O;T;M;D
Miércoles 30/09/2009;O;N;O;T;M;D
Jueves 01/10/2009;M;D;O;N;T;D
Viernes 02/10/2009;M;D;O;N;T;O
Sábado 03/10/2009;T;D;D;D;N;M
Domingo 04/10/2009;T;D;D;D;N;M
Lunes 05/10/2009;N;O;M;D;D;T
Martes 06/10/2009;N;O;M;O;D;T
Miércoles 07/10/2009;D;O;T;M;D;N
Jueves 08/10/2009;D;O;T;M;O;N
Viernes 09/10/2009;D;O;N;T;M;D
Sábado 10/10/2009;D;D;N;T;M;D
Domingo 11/10/2009;M;D;D;N;T;D
Lunes 12/10/2009;M;O;D;N;T;O
Martes 13/10/2009;T;O;D;D;N;M
Miércoles 14/10/2009;T;O;O;D;N;M
Jueves 15/10/2009;N;O;M;D;D;T
Viernes 16/10/2009;N;O;M;O;D;T
Sábado 17/10/2009;D;D;T;M;D;N
Domingo 18/10/2009;D;D;T;M;D;N
Lunes 19/10/2009;D;O;N;T;M;D
Martes 20/10/2009;O;O;N;T;M;D
Miércoles 21/10/2009;M;O;D;N;T;D
Jueves 22/10/2009;M;O;D;N;T;O
Viernes 23/10/2009;T;O;D;D;N;M
Sábado 24/10/2009;T;D;D;D;N;M
Domingo 25/10/2009;N;D;M;D;D;T
Lunes 26/10/2009;N;O;M;O;D;T
Martes 27/10/2009;D;O;T;M;D;N
Miércoles 28/10/2009;D;O;T;M;O;N
Jueves 29/10/2009;D;O;N;T;M;D
Viernes 30/10/2009;D;O;N;T;M;D
Sábado 31/10/2009;M;D;D;N;T;D
Domingo 01/11/2009;M;D;D;N;T;D
Lunes 02/11/2009;T;M;D;D;N;O
Martes 03/11/2009;T;M;D;D;N;O
Miércoles 04/11/2009;N;T;M;D;D;O
Jueves 05/11/2009;N;T;M;D;D;O
Viernes 06/11/2009;D;N;T;M;D;O
Sábado 07/11/2009;D;N;T;M;D;D
Domingo 08/11/2009;D;D;N;T;M;D
Lunes 09/11/2009;D;D;N;T;M;O
Martes 10/11/2009;M;D;D;N;T;O
Miércoles 11/11/2009;M;D;D;N;T;O
Jueves 12/11/2009;T;M;D;D;N;O
Viernes 13/11/2009;T;M;D;D;N;O
Sábado 14/11/2009;N;T;M;D;D;D
Domingo 15/11/2009;N;T;M;D;D;D
Lunes 16/11/2009;D;N;T;O;D;M
Martes 17/11/2009;D;N;T;O;D;M
Miércoles 18/11/2009;D;D;N;O;M;T
Jueves 19/11/2009;D;D;N;O;M;T
Viernes 20/11/2009;M;D;D;O;T;N
Sábado 21/11/2009;M;D;D;D;T;N
Domingo 22/11/2009;T;M;D;D;N;D
Lunes 23/11/2009;T;M;D;O;N;D
Martes 24/11/2009;N;T;M;O;D;D
Miércoles 25/11/2009;N;T;M;O;D;D
Jueves 26/11/2009;D;N;T;O;D;M
Viernes 27/11/2009;D;N;T;O;D;M
Sábado 28/11/2009;D;D;N;D;M;T
Domingo 29/11/2009;D;D;N;D;M;T
Lunes 30/11/2009;O;D;D;M;T;N
Martes 01/12/2009;O;D;D;M;T;N
Miércoles 02/12/2009;O;M;D;T;N;D
Jueves 03/12/2009;O;M;D;T;N;D
Viernes 04/12/2009;O;T;M;N;D;D
Sábado 05/12/2009;D;T;M;N;D;D
Domingo 06/12/2009;D;N;T;D;D;M
Lunes 07/12/2009;O;N;T;D;D;M
Martes 08/12/2009;O;D;N;D;M;T
Miércoles 09/12/2009;O;D;N;D;M;T
Jueves 10/12/2009;O;D;D;M;T;N
Viernes 11/12/2009;O;D;D;M;T;N
Sábado 12/12/2009;D;M;D;T;N;D
Domingo 13/12/2009;D;M;D;T;N;D
Lunes 14/12/2009;M;T;O;N;D;D
Martes 15/12/2009;M;T;O;N;D;D
Miércoles 16/12/2009;T;N;O;D;D;M
Jueves 17/12/2009;T;N;O;D;D;M
Viernes 18/12/2009;N;D;O;D;M;T
Sábado 19/12/2009;N;D;D;D;M;T
Domingo 20/12/2009;D;D;D;M;T;N
Lunes 21/12/2009;D;D;O;M;T;N
Martes 22/12/2009;D;M;O;T;N;D
Miércoles 23/12/2009;D;M;O;T;N;D
Jueves 24/12/2009;M;T;O;N;D;D
Viernes 25/12/2009;M;T;O;N;D;D
Sábado 26/12/2009;T;N;D;D;D;M
Domingo 27/12/2009;T;N;D;D;D;M
Lunes 28/12/2009;N;D;M;D;O;T
Martes 29/12/2009;N;D;M;D;O;T
Miércoles 30/12/2009;D;D;T;M;O;N
Jueves 31/12/2009;D;D;T;M;O;N
Viernes 01/01/2010;D;M;N;T;O;D
Sábado 02/01/2010;D;M;N;T;D;D
Domingo 03/01/2010;M;T;D;N;D;D
Lunes 04/01/2010;M;T;D;N;O;D
Martes 05/01/2010;T;N;D;D;O;M
Miércoles 06/01/2010;T;N;D;D;O;M
Jueves 07/01/2010;N;D;M;D;O;T
Viernes 08/01/2010;N;D;M;D;O;T
Sábado 09/01/2010;D;D;T;M;D;N
Domingo 10/01/2010;D;D;T;M;D;N
Lunes 11/01/2010;D;O;N;T;M;D
Martes 12/01/2010;D;O;N;T;M;D
Miércoles 13/01/2010;M;O;D;N;T;D
Jueves 14/01/2010;M;O;D;N;T;D
Viernes 15/01/2010;T;O;D;D;N;M
Sábado 16/01/2010;T;D;D;D;N;M
Domingo 17/01/2010;N;D;M;D;D;T
Lunes 18/01/2010;N;O;M;D;D;T
Martes 19/01/2010;D;O;T;M;D;N
Miércoles 20/01/2010;D;O;T;M;D;N
Jueves 21/01/2010;D;O;N;T;M;D
Viernes 22/01/2010;D;O;N;T;M;D
Sábado 23/01/2010;M;D;D;N;T;D
Domingo 24/01/2010;M;D;D;N;T;D
Lunes 25/01/2010;T;M;D;D;N;O
Martes 26/01/2010;T;M;D;D;N;O
Miércoles 27/01/2010;N;T;M;D;D;O
Jueves 28/01/2010;N;T;M;D;D;O
Viernes 29/01/2010;D;N;T;M;D;O
Sábado 30/01/2010;D;N;T;M;D;D
Domingo 31/01/2010;D;D;N;T;M;D
Lunes 01/02/2010;D;D;N;T;M;O
Martes 02/02/2010;M;D;D;N;T;O
Miércoles 03/02/2010;M;D;D;N;T;O
Jueves 04/02/2010;T;M;D;D;N;O
Viernes 05/02/2010;T;M;D;D;N;O
Sábado 06/02/2010;N;T;M;D;D;D
Domingo 07/02/2010;N;T;M;D;D;D
Lunes 08/02/2010;D;N;T;O;D;M
Martes 09/02/2010;D;N;T;O;D;M
Miércoles 10/02/2010;D;D;N;O;M;T
Jueves 11/02/2010;D;D;N;O;M;T
Viernes 12/02/2010;M;D;D;O;T;N
Sábado 13/02/2010;M;D;D;D;T;N
Domingo 14/02/2010;T;M;D;D;N;D
Lunes 15/02/2010;T;M;D;O;N;D
Martes 16/02/2010;N;T;M;O;D;D
Miércoles 17/02/2010;N;T;M;O;D;D
Jueves 18/02/2010;D;N;T;O;D;M
Viernes 19/02/2010;D;N;T;O;D;M
Sábado 20/02/2010;D;D;N;D;M;T
Domingo 21/02/2010;D;D;N;D;M;T
Lunes 22/02/2010;O;D;D;M;T;N
Martes 23/02/2010;O;D;D;M;T;N
Miércoles 24/02/2010;O;M;D;T;N;D
Jueves 25/02/2010;O;M;D;T;N;D
Viernes 26/02/2010;O;T;M;N;D;D
Sábado 27/02/2010;D;T;M;N;D;D
Domingo 28/02/2010;D;N;T;D;D;M
Lunes 01/03/2010;O;N;T;D;D;M
Martes 02/03/2010;O;D;N;D;M;T
Miércoles 03/03/2010;O;D;N;D;M;T
Jueves 04/03/2010;O;D;D;M;T;N
Viernes 05/03/2010;O;D;D;M;T;N
Sábado 06/03/2010;D;M;D;T;N;D
Domingo 07/03/2010;D;M;D;T;N;D
Lunes 08/03/2010;M;T;O;N;D;D
Martes 09/03/2010;M;T;O;N;D;D
Miércoles 10/03/2010;T;N;O;D;D;M
Jueves 11/03/2010;T;N;O;D;D;M
Viernes 12/03/2010;N;D;O;D;M;T
Sábado 13/03/2010;N;D;D;D;M;T
Domingo 14/03/2010;D;D;D;M;T;N
Lunes 15/03/2010;D;D;O;M;T;N
Martes 16/03/2010;D;M;O;T;N;D
Miércoles 17/03/2010;D;M;O;T;N;D
Jueves 18/03/2010;M;T;O;N;D;D
Viernes 19/03/2010;M;T;O;N;D;D
Sábado 20/03/2010;T;N;D;D;D;M
Domingo 21/03/2010;T;N;D;D;D;M
Lunes 22/03/2010;N;D;M;D;O;T
Martes 23/03/2010;N;D;M;D;O;T
Miércoles 24/03/2010;D;D;T;M;O;N
Jueves 25/03/2010;D;D;T;M;O;N
Viernes 26/03/2010;D;M;N;T;O;D
Sábado 27/03/2010;D;M;N;T;D;D
Domingo 28/03/2010;M;T;D;N;D;D
Lunes 29/03/2010;M;T;D;N;O;D
Martes 30/03/2010;T;N;D;D;O;M
Miércoles 31/03/2010;T;N;D;D;O;M
Jueves 01/04/2010;N;D;M;D;O;T
Viernes 02/04/2010;N;D;M;D;O;T
Sábado 03/04/2010;D;D;T;M;D;N
Domingo 04/04/2010;D;D;T;M;D;N
Lunes 05/04/2010;D;O;N;T;M;D
Martes 06/04/2010;D;O;N;T;M;D
Miércoles 07/04/2010;M;O;D;N;T;D
Jueves 08/04/2010;M;O;D;N;T;D
Viernes 09/04/2010;T;O;D;D;N;M
Sábado 10/04/2010;T;D;D;D;N;M
Domingo 11/04/2010;N;D;M;D;D;T
Lunes 12/04/2010;N;O;M;D;D;T
Martes 13/04/2010;D;O;T;M;D;N
Miércoles 14/04/2010;D;O;T;M;D;N
Jueves 15/04/2010;D;O;N;T;M;D
Viernes 16/04/2010;D;O;N;T;M;D
Sábado 17/04/2010;M;D;D;N;T;D
Domingo 18/04/2010;M;D;D;N;T;D
Lunes 19/04/2010;T;M;D;D;N;O
Martes 20/04/2010;T;M;D;D;N;O
Miércoles 21/04/2010;N;T;M;D;D;O
Jueves 22/04/2010;N;T;M;D;D;O
Viernes 23/04/2010;D;N;T;M;D;O
Sábado 24/04/2010;D;N;T;M;D;D
Domingo 25/04/2010;D;D;N;T;M;D
Lunes 26/04/2010;D;D;N;T;M;O
Martes 27/04/2010;M;D;D;N;T;O
Miércoles 28/04/2010;M;D;D;N;T;O
Jueves 29/04/2010;T;M;D;D;N;O
Viernes 30/04/2010;T;M;D;D;N;O
Sábado 01/05/2010;N;T;M;D;D;D
Domingo 02/05/2010;N;T;M;D;D;D
Lunes 03/05/2010;D;N;T;O;D;M
Martes 04/05/2010;D;N;T;O;D;M
Miércoles 05/05/2010;D;D;N;O;M;T
Jueves 06/05/2010;D;D;N;O;M;T
Viernes 07/05/2010;M;D;D;O;T;N
Sábado 08/05/2010;M;D;D;D;T;N
Domingo 09/05/2010;T;M;D;D;N;D
Lunes 10/05/2010;T;M;D;O;N;D
Martes 11/05/2010;N;T;M;O;D;D
Miércoles 12/05/2010;N;T;M;O;D;D
Jueves 13/05/2010;D;N;T;O;D;M
Viernes 14/05/2010;D;N;T;O;D;M
Sábado 15/05/2010;D;D;N;D;M;T
Domingo 16/05/2010;D;D;N;D;M;T
Lunes 17/05/2010;O;D;D;M;T;N
Martes 18/05/2010;O;O;D;M;T;N
Miércoles 19/05/2010;O;M;D;T;N;D
Jueves 20/05/2010;O;M;O;T;N;D
Viernes 21/05/2010;O;T;M;N;D;D
Sábado 22/05/2010;D;T;M;N;D;D
Domingo 23/05/2010;D;N;T;D;D;M
Lunes 24/05/2010;O;N;T;D;O;M
Martes 25/05/2010;O;D;N;D;M;T
Miércoles 26/05/2010;O;D;N;O;M;T
Jueves 27/05/2010;O;D;D;M;T;N
Viernes 28/05/2010;O;O;D;M;T;N
Sábado 29/05/2010;D;M;D;T;N;D
Domingo 30/05/2010;D;M;D;T;N;D
Lunes 31/05/2010;O;T;M;N;D;D
Martes 01/06/2010;O;T;M;N;D;O
Miércoles 02/06/2010;O;N;T;D;D;M
Jueves 03/06/2010;O;N;T;D;O;M
Viernes 04/06/2010;O;D;N;D;M;T
Sábado 05/06/2010;D;D;N;D;M;T
Domingo 06/06/2010;D;D;D;M;T;N
Lunes 07/06/2010;O;O;D;M;T;N
Martes 08/06/2010;O;M;D;T;N;D
Miércoles 09/06/2010;O;M;O;T;N;D
Jueves 10/06/2010;O;T;M;N;D;D
Viernes 11/06/2010;O;T;M;N;D;O
Sábado 12/06/2010;D;N;T;D;D;M
Domingo 13/06/2010;D;N;T;D;D;M
Lunes 14/06/2010;M;D;N;D;O;T
Martes 15/06/2010;M;D;N;O;O;T
Miércoles 16/06/2010;T;D;D;M;O;N
Jueves 17/06/2010;T;D;D;M;O;N
Viernes 18/06/2010;N;M;D;T;O;D
Sábado 19/06/2010;N;M;D;T;D;D
Domingo 20/06/2010;D;T;M;N;D;D
Lunes 21/06/2010;D;T;M;N;O;O
Martes 22/06/2010;D;N;T;D;O;M
Miércoles 23/06/2010;O;N;T;D;O;M
Jueves 24/06/2010;M;D;N;D;O;T
Viernes 25/06/2010;M;D;N;O;O;T
Sábado 26/06/2010;T;D;D;M;D;N
Domingo 27/06/2010;T;D;D;M;D;N
Lunes 28/06/2010;N;M;D;T;O;D
Martes 29/06/2010;N;M;O;T;O;D
Miércoles 30/06/2010;D;T;M;N;O;D
Jueves 01/07/2010;D;T;M;N;O;D
Viernes 02/07/2010;D;N;T;D;O;M
Sábado 03/07/2010;D;N;T;D;D;M
Domingo 04/07/2010;M;D;N;D;D;T
Lunes 05/07/2010;M;D;N;O;O;T
Martes 06/07/2010;T;D;D;M;O;N
Miércoles 07/07/2010;T;D;D;M;O;N
Jueves 08/07/2010;N;M;D;T;O;D
Viernes 09/07/2010;N;M;D;T;O;D
Sábado 10/07/2010;D;T;M;N;D;D
Domingo 11/07/2010;D;T;M;N;D;D
Lunes 12/07/2010;D;N;T;D;M;O
Martes 13/07/2010;D;N;T;D;M;O
Miércoles 14/07/2010;M;D;N;D;T;O
Jueves 15/07/2010;M;D;N;D;T;O
Viernes 16/07/2010;T;D;D;M;N;O
Sábado 17/07/2010;T;D;D;M;N;D
Domingo 18/07/2010;N;M;D;T;D;D
Lunes 19/07/2010;N;M;D;T;D;O
Martes 20/07/2010;D;T;M;N;D;O
Miércoles 21/07/2010;D;T;M;N;D;O
Jueves 22/07/2010;D;N;T;D;M;O
Viernes 23/07/2010;D;N;T;D;M;O
Sábado 24/07/2010;M;D;N;D;T;D
Domingo 25/07/2010;M;D;N;D;T;D
Lunes 26/07/2010;T;D;D;M;N;O
Martes 27/07/2010;T;D;D;M;N;O
Miércoles 28/07/2010;N;M;D;T;D;O
Jueves 29/07/2010;N;M;D;T;D;O
Viernes 30/07/2010;D;T;M;N;D;O
Sábado 31/07/2010;D;T;M;N;D;D
Domingo 01/08/2010;D;N;T;D;M;D
Lunes 02/08/2010;D;N;T;D;M;O
Martes 03/08/2010;M;D;N;D;T;O
Miércoles 04/08/2010;M;D;N;D;T;O
Jueves 05/08/2010;T;D;D;M;N;O
Viernes 06/08/2010;T;D;D;M;N;O
Sábado 07/08/2010;N;M;D;T;D;D
Domingo 08/08/2010;N;M;D;T;D;D
Lunes 09/08/2010;D;T;O;N;D;M
Martes 10/08/2010;D;T;O;N;D;M
Miércoles 11/08/2010;D;N;O;D;M;T
Jueves 12/08/2010;D;N;O;D;M;T
Viernes 13/08/2010;M;D;O;D;T;N
Sábado 14/08/2010;M;D;D;D;T;N
Domingo 15/08/2010;T;D;D;M;N;D
Lunes 16/08/2010;T;D;O;M;N;D
Martes 17/08/2010;N;M;O;T;D;D
Miércoles 18/08/2010;N;M;O;T;D;D
Jueves 19/08/2010;D;T;O;N;D;M
Viernes 20/08/2010;D;T;O;N;D;M
Sábado 21/08/2010;D;N;D;D;M;T
Domingo 22/08/2010;D;N;D;D;M;T
Lunes 23/08/2010;M;D;O;D;T;N
Martes 24/08/2010;M;D;O;D;T;N
Miércoles 25/08/2010;T;D;O;M;N;D
Jueves 26/08/2010;T;D;O;M;N;D
Viernes 27/08/2010;N;M;O;T;D;D
Sábado 28/08/2010;N;M;D;T;D;D
Domingo 29/08/2010;D;T;D;N;D;M
Lunes 30/08/2010;D;T;O;N;D;M
Martes 31/08/2010;D;N;O;D;M;T
Miércoles 01/09/2010;O;N;O;D;M;T
Jueves 02/09/2010;M;D;O;D;T;N
Viernes 03/09/2010;M;D;O;O;T;N
Sábado 04/09/2010;T;D;D;M;N;D
Domingo 05/09/2010;T;D;D;M;N;D
Lunes 06/09/2010;N;O;M;T;D;D
Martes 07/09/2010;N;O;M;T;D;D
Miércoles 08/09/2010;D;O;T;N;D;M
Jueves 09/09/2010;D;O;T;N;O;M
Viernes 10/09/2010;D;O;N;D;M;T
Sábado 11/09/2010;D;D;N;D;M;T
Domingo 12/09/2010;M;D;D;D;T;N
Lunes 13/09/2010;M;O;D;O;T;N
Martes 14/09/2010;T;O;D;M;N;D
Miércoles 15/09/2010;T;O;O;M;N;D
Jueves 16/09/2010;N;O;M;T;D;D
Viernes 17/09/2010;N;O;M;T;D;O
Sábado 18/09/2010;D;D;T;N;D;M
Domingo 19/09/2010;D;D;T;N;D;M
Lunes 20/09/2010;D;O;N;D;M;T
Martes 21/09/2010;O;O;N;D;M;T
Miércoles 22/09/2010;M;O;D;D;T;N
Jueves 23/09/2010;M;O;D;O;T;N
Viernes 24/09/2010;T;O;D;M;N;D
Sábado 25/09/2010;T;D;D;M;N;D
Domingo 26/09/2010;N;D;M;T;D;D
Lunes 27/09/2010;N;O;M;T;D;O
Martes 28/09/2010;D;O;T;N;D;M
Miércoles 29/09/2010;D;O;T;N;O;M
Jueves 30/09/2010;D;O;N;D;M;T
Viernes 01/10/2010;O;O;N;D;M;T
Sábado 02/10/2010;M;D;D;D;T;N
Domingo 03/10/2010;M;D;D;D;T;N
Lunes 04/10/2010;T;M;D;O;N;D
Martes 05/10/2010;T;M;O;O;N;D
Miércoles 06/10/2010;N;T;M;O;D;D
Jueves 07/10/2010;N;T;M;O;D;O
Viernes 08/10/2010;D;N;T;O;D;M
Sábado 09/10/2010;D;N;T;D;D;M
Domingo 10/10/2010;D;D;N;D;M;T
Lunes 11/10/2010;O;D;N;O;M;T
Martes 12/10/2010;M;D;D;O;T;N
Miércoles 13/10/2010;M;D;D;O;T;N
Jueves 14/10/2010;T;M;D;O;N;D
Viernes 15/10/2010;T;M;O;O;N;D
Sábado 16/10/2010;N;T;M;D;D;D
Domingo 17/10/2010;N;T;M;D;D;D
Lunes 18/10/2010;D;N;T;O;D;M
Martes 19/10/2010;D;N;T;O;O;M
Miércoles 20/10/2010;D;D;N;O;M;T
Jueves 21/10/2010;O;D;N;O;M;T
Viernes 22/10/2010;M;D;D;O;T;N
Sábado 23/10/2010;M;D;D;D;T;N
Domingo 24/10/2010;T;M;D;D;N;D
Lunes 25/10/2010;T;M;O;O;N;D
Martes 26/10/2010;N;T;M;O;D;D
Miércoles 27/10/2010;N;T;M;O;D;O
Jueves 28/10/2010;D;N;T;O;D;M
Viernes 29/10/2010;D;N;T;O;O;M
Sábado 30/10/2010;D;D;N;D;M;T
Domingo 31/10/2010;D;D;N;D;M;T
Lunes 01/11/2010;O;D;D;M;T;N
Martes 02/11/2010;O;D;D;M;T;N
Miércoles 03/11/2010;O;M;D;T;N;D
Jueves 04/11/2010;O;M;D;T;N;D
Viernes 05/11/2010;O;T;M;N;D;D
Sábado 06/11/2010;D;T;M;N;D;D
Domingo 07/11/2010;D;N;T;D;D;M
Lunes 08/11/2010;O;N;T;D;D;M
Martes 09/11/2010;O;D;N;D;M;T
Miércoles 10/11/2010;O;D;N;D;M;T
Jueves 11/11/2010;O;D;D;M;T;N
Viernes 12/11/2010;O;D;D;M;T;N
Sábado 13/11/2010;D;M;D;T;N;D
Domingo 14/11/2010;D;M;D;T;N;D
Lunes 15/11/2010;M;T;O;N;D;D
Martes 16/11/2010;M;T;O;N;D;D
Miércoles 17/11/2010;T;N;O;D;D;M
Jueves 18/11/2010;T;N;O;D;D;M
Viernes 19/11/2010;N;D;O;D;M;T
Sábado 20/11/2010;N;D;D;D;M;T
Domingo 21/11/2010;D;D;D;M;T;N
Lunes 22/11/2010;D;D;O;M;T;N
Martes 23/11/2010;D;M;O;T;N;D
Miércoles 24/11/2010;D;M;O;T;N;D
Jueves 25/11/2010;M;T;O;N;D;D
Viernes 26/11/2010;M;T;O;N;D;D
Sábado 27/11/2010;T;N;D;D;D;M
Domingo 28/11/2010;T;N;D;D;D;M
Lunes 29/11/2010;N;D;M;D;O;T
Martes 30/11/2010;N;D;M;D;O;T
Miércoles 01/12/2010;D;D;T;M;O;N
Jueves 02/12/2010;D;D;T;M;O;N
Viernes 03/12/2010;D;M;N;T;O;D
Sábado 04/12/2010;D;M;N;T;D;D
Domingo 05/12/2010;M;T;D;N;D;D
Lunes 06/12/2010;M;T;D;N;O;D
Martes 07/12/2010;T;N;D;D;O;M
Miércoles 08/12/2010;T;N;D;D;O;M
Jueves 09/12/2010;N;D;M;D;O;T
Viernes 10/12/2010;N;D;M;D;O;T
Sábado 11/12/2010;D;D;T;M;D;N
Domingo 12/12/2010;D;D;T;M;D;N
Lunes 13/12/2010;D;O;N;T;M;D
Martes 14/12/2010;D;O;N;T;M;D
Miércoles 15/12/2010;M;O;D;N;T;D
Jueves 16/12/2010;M;O;D;N;T;D
Viernes 17/12/2010;T;O;D;D;N;M
Sábado 18/12/2010;T;D;D;D;N;M
Domingo 19/12/2010;N;D;M;D;D;T
Lunes 20/12/2010;N;O;M;D;D;T
Martes 21/12/2010;D;O;T;M;D;N
Miércoles 22/12/2010;D;O;T;M;D;N
Jueves 23/12/2010;D;O;N;T;M;D
Viernes 24/12/2010;D;O;N;T;M;D
Sábado 25/12/2010;M;D;D;N;T;D
Domingo 26/12/2010;M;D;D;N;T;D
Lunes 27/12/2010;T;M;D;D;N;O
Martes 28/12/2010;T;M;D;D;N;O
Miércoles 29/12/2010;N;T;M;D;D;O
Jueves 30/12/2010;N;T;M;D;D;O
Viernes 31/12/2010;D;N;T;M;D;O
Sábado 01/01/2011;D;N;T;M;D;D
Domingo 02/01/2011;D;D;N;T;M;D
Lunes 03/01/2011;D;D;N;T;M;O
Martes 04/01/2011;M;D;D;N;T;O
Miércoles 05/01/2011;M;D;D;N;T;O
Jueves 06/01/2011;T;M;D;D;N;O
Viernes 07/01/2011;T;M;D;D;N;O
Sábado 08/01/2011;N;T;M;D;D;D
Domingo 09/01/2011;N;T;M;D;D;D
Lunes 10/01/2011;D;N;T;O;D;M
Martes 11/01/2011;D;N;T;O;D;M
Miércoles 12/01/2011;D;D;N;O;M;T
Jueves 13/01/2011;D;D;N;O;M;T
Viernes 14/01/2011;M;D;D;O;T;N
Sábado 15/01/2011;M;D;D;D;T;N
Domingo 16/01/2011;T;M;D;D;N;D
Lunes 17/01/2011;T;M;D;O;N;D
Martes 18/01/2011;N;T;M;O;D;D
Miércoles 19/01/2011;N;T;M;O;D;D
Jueves 20/01/2011;D;N;T;O;D;M
Viernes 21/01/2011;D;N;T;O;D;M
Sábado 22/01/2011;D;D;N;D;M;T
Domingo 23/01/2011;D;D;N;D;M;T
Lunes 24/01/2011;O;D;D;M;T;N
Martes 25/01/2011;O;D;D;M;T;N
Miércoles 26/01/2011;O;M;D;T;N;D
Jueves 27/01/2011;O;M;D;T;N;D
Viernes 28/01/2011;O;T;M;N;D;D
Sábado 29/01/2011;D;T;M;N;D;D
Domingo 30/01/2011;D;N;T;D;D;M
Lunes 31/01/2011;O;N;T;D;D;M
Martes 01/02/2011;O;D;N;D;M;T
Miércoles 02/02/2011;O;D;N;D;M;T
Jueves 03/02/2011;O;D;D;M;T;N
Viernes 04/02/2011;O;D;D;M;T;N
Sábado 05/02/2011;D;M;D;T;N;D
Domingo 06/02/2011;D;M;D;T;N;D
Lunes 07/02/2011;M;T;O;N;D;D
Martes 08/02/2011;M;T;O;N;D;D
Miércoles 09/02/2011;T;N;O;D;D;M
Jueves 10/02/2011;T;N;O;D;D;M
Viernes 11/02/2011;N;D;O;D;M;T
Sábado 12/02/2011;N;D;D;D;M;T
Domingo 13/02/2011;D;D;D;M;T;N
Lunes 14/02/2011;D;D;O;M;T;N
Martes 15/02/2011;D;M;O;T;N;D
Miércoles 16/02/2011;D;M;O;T;N;D
Jueves 17/02/2011;M;T;O;N;D;D
Viernes 18/02/2011;M;T;O;N;D;D
Sábado 19/02/2011;T;N;D;D;D;M
Domingo 20/02/2011;T;N;D;D;D;M
Lunes 21/02/2011;N;D;M;D;O;T
Martes 22/02/2011;N;D;M;D;O;T
Miércoles 23/02/2011;D;D;T;M;O;N
Jueves 24/02/2011;D;D;T;M;O;N
Viernes 25/02/2011;D;M;N;T;O;D
Sábado 26/02/2011;D;M;N;T;D;D
Domingo 27/02/2011;M;T;D;N;D;D
Lunes 28/02/2011;M;T;D;N;O;D
Martes 01/03/2011;T;N;D;D;O;M
Miércoles 02/03/2011;T;N;D;D;O;M
Jueves 03/03/2011;N;D;M;D;O;T
Viernes 04/03/2011;N;D;M;D;O;T
Sábado 05/03/2011;D;D;T;M;D;N
Domingo 06/03/2011;D;D;T;M;D;N
Lunes 07/03/2011;D;O;N;T;M;D
Martes 08/03/2011;D;O;N;T;M;D
Miércoles 09/03/2011;M;O;D;N;T;D
Jueves 10/03/2011;M;O;D;N;T;D
Viernes 11/03/2011;T;O;D;D;N;M
Sábado 12/03/2011;T;D;D;D;N;M
Domingo 13/03/2011;N;D;M;D;D;T
Lunes 14/03/2011;N;O;M;D;D;T
Martes 15/03/2011;D;O;T;M;D;N
Miércoles 16/03/2011;D;O;T;M;D;N
Jueves 17/03/2011;D;O;N;T;M;D
Viernes 18/03/2011;D;O;N;T;M;D
Sábado 19/03/2011;M;D;D;N;T;D
Domingo 20/03/2011;M;D;D;N;T;D
Lunes 21/03/2011;T;M;D;D;N;O
Martes 22/03/2011;T;M;D;D;N;O
Miércoles 23/03/2011;N;T;M;D;D;O
Jueves 24/03/2011;N;T;M;D;D;O
Viernes 25/03/2011;D;N;T;M;D;O
Sábado 26/03/2011;D;N;T;M;D;D
Domingo 27/03/2011;D;D;N;T;M;D
Lunes 28/03/2011;D;D;N;T;M;O
Martes 29/03/2011;M;D;D;N;T;O
Miércoles 30/03/2011;M;D;D;N;T;O
Jueves 31/03/2011;T;M;D;D;N;O
Viernes 01/04/2011;T;M;D;D;N;O
Sábado 02/04/2011;N;T;M;D;D;D
Domingo 03/04/2011;N;T;M;D;D;D
Lunes 04/04/2011;D;N;T;O;D;M
Martes 05/04/2011;D;N;T;O;D;M
Miércoles 06/04/2011;D;D;N;O;M;T
Jueves 07/04/2011;D;D;N;O;M;T
Viernes 08/04/2011;M;D;D;O;T;N
Sábado 09/04/2011;M;D;D;D;T;N
Domingo 10/04/2011;T;M;D;D;N;D
Lunes 11/04/2011;T;M;D;O;N;D
Martes 12/04/2011;N;T;M;O;D;D
Miércoles 13/04/2011;N;T;M;O;D;D
Jueves 14/04/2011;D;N;T;O;D;M
Viernes 15/04/2011;D;N;T;O;D;M
Sábado 16/04/2011;D;D;N;D;M;T
Domingo 17/04/2011;D;D;N;D;M;T
Lunes 18/04/2011;O;D;D;M;T;N
Martes 19/04/2011;O;D;D;M;T;N
Miércoles 20/04/2011;O;M;D;T;N;D
Jueves 21/04/2011;O;M;D;T;N;D
Viernes 22/04/2011;O;T;M;N;D;D
Sábado 23/04/2011;D;T;M;N;D;D
Domingo 24/04/2011;D;N;T;D;D;M
Lunes 25/04/2011;O;N;T;D;D;M
Martes 26/04/2011;O;D;N;D;M;T
Miércoles 27/04/2011;O;D;N;D;M;T
Jueves 28/04/2011;O;D;D;M;T;N
Viernes 29/04/2011;O;D;D;M;T;N
Sábado 30/04/2011;D;M;D;T;N;D
Domingo 01/05/2011;D;M;D;T;N;D
Lunes 02/05/2011;M;T;O;N;D;D
Martes 03/05/2011;M;T;O;N;D;O
Miércoles 04/05/2011;T;N;O;D;D;M
Jueves 05/05/2011;T;N;O;D;O;M
Viernes 06/05/2011;N;D;O;D;M;T
Sábado 07/05/2011;N;D;D;D;M;T
Domingo 08/05/2011;D;D;D;M;T;N
Lunes 09/05/2011;D;O;O;M;T;N
Martes 10/05/2011;D;M;O;T;N;D
Miércoles 11/05/2011;O;M;O;T;N;D
Jueves 12/05/2011;M;T;O;N;D;D
Viernes 13/05/2011;M;T;O;N;D;O
Sábado 14/05/2011;T;N;D;D;D;M
Domingo 15/05/2011;T;N;D;D;D;M
Lunes 16/05/2011;N;D;O;D;M;T
Martes 17/05/2011;N;D;O;O;M;T
Miércoles 18/05/2011;D;D;O;M;T;N
Jueves 19/05/2011;D;O;O;M;T;N
Viernes 20/05/2011;D;M;O;T;N;D
Sábado 21/05/2011;D;M;D;T;N;D
Domingo 22/05/2011;M;T;D;N;D;D
Lunes 23/05/2011;M;T;O;N;D;O
Martes 24/05/2011;T;N;O;D;D;M
Miércoles 25/05/2011;T;N;O;D;O;M
Jueves 26/05/2011;N;D;O;D;M;T
Viernes 27/05/2011;N;D;O;O;M;T
Sábado 28/05/2011;D;D;D;M;T;N
Domingo 29/05/2011;D;D;D;M;T;N
Lunes 30/05/2011;D;O;M;T;N;D
Martes 31/05/2011;O;O;M;T;N;D
Miércoles 01/06/2011;M;O;T;N;D;D
Jueves 02/06/2011;M;O;T;N;D;O
Viernes 03/06/2011;T;O;N;D;D;M
Sábado 04/06/2011;T;D;N;D;D;M
Domingo 05/06/2011;N;D;D;D;M;T
Lunes 06/06/2011;N;O;D;O;M;T
Martes 07/06/2011;D;O;D;M;T;N
Miércoles 08/06/2011;D;O;O;M;T;N
Jueves 09/06/2011;D;O;M;T;N;D
Viernes 10/06/2011;O;O;M;T;N;D
Sábado 11/06/2011;M;D;T;N;D;D
Domingo 12/06/2011;M;D;T;N;D;D
Lunes 13/06/2011;T;O;N;D;D;M
Martes 14/06/2011;T;O;N;D;O;M
Miércoles 15/06/2011;N;O;D;D;M;T
Jueves 16/06/2011;N;O;D;D;M;T
Viernes 17/06/2011;D;O;D;M;T;N
Sábado 18/06/2011;D;D;D;M;T;N
Domingo 19/06/2011;D;D;M;T;N;D
Lunes 20/06/2011;O;O;M;T;N;D
Martes 21/06/2011;M;O;T;N;D;D
Miércoles 22/06/2011;M;O;T;N;D;O
Jueves 23/06/2011;T;O;N;D;D;M
Viernes 24/06/2011;T;O;N;D;O;M
Sábado 25/06/2011;N;D;D;D;M;T
Domingo 26/06/2011;N;D;D;D;M;T
Lunes 27/06/2011;D;M;D;O;T;N
Martes 28/06/2011;D;M;O;O;T;N
Miércoles 29/06/2011;D;T;M;O;N;D
Jueves 30/06/2011;O;T;M;O;N;D
Viernes 01/07/2011;M;N;T;O;D;D
Sábado 02/07/2011;M;N;T;D;D;D
Domingo 03/07/2011;T;D;N;D;D;M
Lunes 04/07/2011;T;D;N;O;D;M
Martes 05/07/2011;N;D;D;O;M;T
Miércoles 06/07/2011;N;O;D;O;M;T
Jueves 07/07/2011;D;M;D;O;T;N
Viernes 08/07/2011;D;M;O;O;T;N
Sábado 09/07/2011;D;T;M;D;N;D
Domingo 10/07/2011;D;T;M;D;N;D
Lunes 11/07/2011;M;N;T;O;D;D
Martes 12/07/2011;M;N;T;O;D;O
Miércoles 13/07/2011;T;D;N;O;D;M
Jueves 14/07/2011;T;D;N;O;D;M
Viernes 15/07/2011;N;D;D;O;M;T
Sábado 16/07/2011;N;D;D;D;M;T
Domingo 17/07/2011;D;M;D;D;T;N
Lunes 18/07/2011;D;M;D;O;T;N
Martes 19/07/2011;D;T;M;O;N;D
Miércoles 20/07/2011;O;T;M;O;N;D
Jueves 21/07/2011;M;N;T;O;D;D
Viernes 22/07/2011;M;N;T;O;D;D
Sábado 23/07/2011;T;D;N;D;D;M
Domingo 24/07/2011;T;D;N;D;D;M
Lunes 25/07/2011;N;D;D;M;O;T
Martes 26/07/2011;N;O;D;M;O;T
Miércoles 27/07/2011;D;M;D;T;O;N
Jueves 28/07/2011;D;M;D;T;O;N
Viernes 29/07/2011;D;T;M;N;O;D
Sábado 30/07/2011;D;T;M;N;D;D
Domingo 31/07/2011;M;N;T;D;D;D
Lunes 01/08/2011;M;N;T;D;O;D
Martes 02/08/2011;T;D;N;D;O;M
Miércoles 03/08/2011;T;D;N;D;O;M
Jueves 04/08/2011;N;D;D;M;O;T
Viernes 05/08/2011;N;D;D;M;O;T
Sábado 06/08/2011;D;M;D;T;D;N
Domingo 07/08/2011;D;M;D;T;D;N
Lunes 08/08/2011;D;T;M;N;O;D
Martes 09/08/2011;D;T;M;N;O;D
Miércoles 10/08/2011;M;N;T;D;O;D
Jueves 11/08/2011;M;N;T;D;O;D
Viernes 12/08/2011;T;D;N;D;O;M
Sábado 13/08/2011;T;D;N;D;D;M
Domingo 14/08/2011;N;D;D;M;D;T
Lunes 15/08/2011;N;D;D;M;O;T
Martes 16/08/2011;D;M;D;T;O;N
Miércoles 17/08/2011;D;M;D;T;O;N
Jueves 18/08/2011;D;T;M;N;O;D
Viernes 19/08/2011;D;T;M;N;O;D
Sábado 20/08/2011;M;N;T;D;D;D
Domingo 21/08/2011;M;N;T;D;D;D
Lunes 22/08/2011;T;D;N;D;M;O
Martes 23/08/2011;T;D;N;D;M;O
Miércoles 24/08/2011;N;D;D;M;T;O
Jueves 25/08/2011;N;D;D;M;T;O
Viernes 26/08/2011;D;M;D;T;N;O
Sábado 27/08/2011;D;M;D;T;N;D
Domingo 28/08/2011;D;T;M;N;D;D
Lunes 29/08/2011;D;T;M;N;D;O
Martes 30/08/2011;M;N;T;D;D;O
Miércoles 31/08/2011;M;N;T;D;D;O
Jueves 01/09/2011;T;D;N;D;M;O
Viernes 02/09/2011;T;D;N;D;M;O
Sábado 03/09/2011;N;D;D;M;T;D
Domingo 04/09/2011;N;D;D;M;T;D
Lunes 05/09/2011;D;M;D;T;N;O
Martes 06/09/2011;D;M;O;T;N;O
Miércoles 07/09/2011;D;T;M;N;D;O
Jueves 08/09/2011;O;T;M;N;D;O
Viernes 09/09/2011;M;N;T;D;D;O
Sábado 10/09/2011;M;N;T;D;D;D
Domingo 11/09/2011;T;D;N;D;M;D
Lunes 12/09/2011;T;D;N;D;M;O
Martes 13/09/2011;N;D;D;M;T;O
Miércoles 14/09/2011;N;O;D;M;T;O
Jueves 15/09/2011;D;M;D;T;N;O
Viernes 16/09/2011;D;M;O;T;N;O
Sábado 17/09/2011;D;T;M;N;D;D
Domingo 18/09/2011;D;T;M;N;D;D
Lunes 19/09/2011;O;N;T;D;D;M
Martes 20/09/2011;O;N;T;D;O;M
Miércoles 21/09/2011;O;D;N;D;M;T
Jueves 22/09/2011;O;D;N;D;M;T
Viernes 23/09/2011;O;D;D;M;T;N
Sábado 24/09/2011;D;D;D;M;T;N
Domingo 25/09/2011;D;M;D;T;N;D
Lunes 26/09/2011;O;M;O;T;N;D
Martes 27/09/2011;O;T;M;N;D;D
Miércoles 28/09/2011;O;T;M;N;D;O
Jueves 29/09/2011;O;N;T;D;D;M
Viernes 30/09/2011;O;N;T;D;O;M
Sábado 01/10/2011;D;D;N;D;M;T
Domingo 02/10/2011;D;D;N;D;M;T
Lunes 03/10/2011;O;D;D;M;T;N
Martes 04/10/2011;O;O;D;M;T;N
Miércoles 05/10/2011;O;M;D;T;N;D
Jueves 06/10/2011;O;M;O;T;N;D
Viernes 07/10/2011;O;T;M;N;D;D
Sábado 08/10/2011;D;T;M;N;D;D
Domingo 09/10/2011;D;N;T;D;D;M
Lunes 10/10/2011;O;N;T;D;D;M
Martes 11/10/2011;O;D;N;D;M;T
Miércoles 12/10/2011;O;D;N;D;M;T
Jueves 13/10/2011;O;D;D;M;T;N
Viernes 14/10/2011;O;O;D;M;T;N
Sábado 15/10/2011;D;M;D;T;N;D
Domingo 16/10/2011;D;M;D;T;N;D
Lunes 17/10/2011;M;T;O;N;D;D
Martes 18/10/2011;M;T;O;N;D;D
Miércoles 19/10/2011;T;N;O;D;D;M
Jueves 20/10/2011;T;N;O;D;D;M
Viernes 21/10/2011;N;D;O;D;M;T
Sábado 22/10/2011;N;D;D;D;M;T
Domingo 23/10/2011;D;D;D;M;T;N
Lunes 24/10/2011;D;D;O;M;T;N
Martes 25/10/2011;D;M;O;T;N;D
Miércoles 26/10/2011;D;M;O;T;N;D
Jueves 27/10/2011;M;T;O;N;D;D
Viernes 28/10/2011;M;T;O;N;D;D
Sábado 29/10/2011;T;N;D;D;D;M
Domingo 30/10/2011;T;N;D;D;D;M
Lunes 31/10/2011;N;D;M;D;O;T
Martes 01/11/2011;N;D;M;D;O;T
Miércoles 02/11/2011;D;D;T;M;O;N
Jueves 03/11/2011;D;D;T;M;O;N
Viernes 04/11/2011;D;M;N;T;O;D
Sábado 05/11/2011;D;M;N;T;D;D
Domingo 06/11/2011;M;T;D;N;D;D
Lunes 07/11/2011;M;T;D;N;O;D
Martes 08/11/2011;T;N;D;D;O;M
Miércoles 09/11/2011;T;N;D;D;O;M
Jueves 10/11/2011;N;D;M;D;O;T
Viernes 11/11/2011;N;D;M;D;O;T
Sábado 12/11/2011;D;D;T;M;D;N
Domingo 13/11/2011;D;D;T;M;D;N
Lunes 14/11/2011;D;O;N;T;M;D
Martes 15/11/2011;D;O;N;T;M;D
Miércoles 16/11/2011;M;O;D;N;T;D
Jueves 17/11/2011;M;O;D;N;T;D
Viernes 18/11/2011;T;O;D;D;N;M
Sábado 19/11/2011;T;D;D;D;N;M
Domingo 20/11/2011;N;D;M;D;D;T
Lunes 21/11/2011;N;O;M;D;D;T
Martes 22/11/2011;D;O;T;M;D;N
Miércoles 23/11/2011;D;O;T;M;D;N
Jueves 24/11/2011;D;O;N;T;M;D
Viernes 25/11/2011;D;O;N;T;M;D
Sábado 26/11/2011;M;D;D;N;T;D
Domingo 27/11/2011;M;D;D;N;T;D
Lunes 28/11/2011;T;M;D;D;N;O
Martes 29/11/2011;T;M;D;D;N;O
Miércoles 30/11/2011;N;T;M;D;D;O
Jueves 01/12/2011;N;T;M;D;D;O
Viernes 02/12/2011;D;N;T;M;D;O
Sábado 03/12/2011;D;N;T;M;D;D
Domingo 04/12/2011;D;D;N;T;M;D
Lunes 05/12/2011;D;D;N;T;M;O
Martes 06/12/2011;M;D;D;N;T;O
Miércoles 07/12/2011;M;D;D;N;T;O
Jueves 08/12/2011;T;M;D;D;N;O
Viernes 09/12/2011;T;M;D;D;N;O
Sábado 10/12/2011;N;T;M;D;D;D
Domingo 11/12/2011;N;T;M;D;D;D
Lunes 12/12/2011;D;N;T;O;D;M
Martes 13/12/2011;D;N;T;O;D;M
Miércoles 14/12/2011;D;D;N;O;M;T
Jueves 15/12/2011;D;D;N;O;M;T
Viernes 16/12/2011;M;D;D;O;T;N
Sábado 17/12/2011;M;D;D;D;T;N
Domingo 18/12/2011;T;M;D;D;N;D
Lunes 19/12/2011;T;M;D;O;N;D
Martes 20/12/2011;N;T;M;O;D;D
Miércoles 21/12/2011;N;T;M;O;D;D
Jueves 22/12/2011;D;N;T;O;D;M
Viernes 23/12/2011;D;N;T;O;D;M
Sábado 24/12/2011;D;D;N;D;M;T
Domingo 25/12/2011;D;D;N;D;M;T
Lunes 26/12/2011;O;D;D;M;T;N
Martes 27/12/2011;O;D;D;M;T;N
Miércoles 28/12/2011;O;M;D;T;N;D
Jueves 29/12/2011;O;M;D;T;N;D
Viernes 30/12/2011;O;T;M;N;D;D
Sábado 31/12/2011;D;T;M;N;D;D
Domingo 01/01/2012;D;N;T;D;D;M
Lunes 02/01/2012;O;N;T;D;D;M
Martes 03/01/2012;O;D;N;D;M;T
Miércoles 04/01/2012;O;D;N;D;M;T
Jueves 05/01/2012;O;D;D;M;T;N
Viernes 06/01/2012;O;D;D;M;T;N
Sábado 07/01/2012;D;M;D;T;N;D
Domingo 08/01/2012;D;M;D;T;N;D
Lunes 09/01/2012;M;T;O;N;D;D
Martes 10/01/2012;M;T;O;N;D;D
Miércoles 11/01/2012;T;N;O;D;D;M
Jueves 12/01/2012;T;N;O;D;D;M
Viernes 13/01/2012;N;D;O;D;M;T
Sábado 14/01/2012;N;D;D;D;M;T
Domingo 15/01/2012;D;D;D;M;T;N
Lunes 16/01/2012;D;D;O;M;T;N
Martes 17/01/2012;D;M;O;T;N;D
Miércoles 18/01/2012;D;M;O;T;N;D
Jueves 19/01/2012;M;T;O;N;D;D
Viernes 20/01/2012;M;T;O;N;D;D
Sábado 21/01/2012;T;N;D;D;D;M
Domingo 22/01/2012;T;N;D;D;D;M
Lunes 23/01/2012;N;D;M;D;O;T
Martes 24/01/2012;N;D;M;D;O;T
Miércoles 25/01/2012;D;D;T;M;O;N
Jueves 26/01/2012;D;D;T;M;O;N
Viernes 27/01/2012;D;M;N;T;O;D
Sábado 28/01/2012;D;M;N;T;D;D
Domingo 29/01/2012;M;T;D;N;D;D
Lunes 30/01/2012;M;T;D;N;O;D
Martes 31/01/2012;T;N;D;D;O;M
Miércoles 01/02/2012;T;N;D;D;O;M
Jueves 02/02/2012;N;D;M;D;O;T
Viernes 03/02/2012;N;D;M;D;O;T
Sábado 04/02/2012;D;D;T;M;D;N
Domingo 05/02/2012;D;D;T;M;D;N
Lunes 06/02/2012;D;O;N;T;M;D
Martes 07/02/2012;D;O;N;T;M;D
Miércoles 08/02/2012;M;O;D;N;T;D
Jueves 09/02/2012;M;O;D;N;T;D
Viernes 10/02/2012;T;O;D;D;N;M
Sábado 11/02/2012;T;D;D;D;N;M
Domingo 12/02/2012;N;D;M;D;D;T
Lunes 13/02/2012;N;O;M;D;D;T
Martes 14/02/2012;D;O;T;M;D;N
Miércoles 15/02/2012;D;O;T;M;D;N
Jueves 16/02/2012;D;O;N;T;M;D
Viernes 17/02/2012;D;O;N;T;M;D
Sábado 18/02/2012;M;D;D;N;T;D
Domingo 19/02/2012;M;D;D;N;T;D
Lunes 20/02/2012;T;M;D;D;N;O
Martes 21/02/2012;T;M;D;D;N;O
Miércoles 22/02/2012;N;T;M;D;D;O
Jueves 23/02/2012;N;T;M;D;D;O
Viernes 24/02/2012;D;N;T;M;D;O
Sábado 25/02/2012;D;N;T;M;D;D
Domingo 26/02/2012;D;D;N;T;M;D
Lunes 27/02/2012;D;D;N;T;M;O
Martes 28/02/2012;M;D;D;N;T;O
Miércoles 29/02/2012;M;D;D;N;T;O
Jueves 01/03/2012;T;M;D;D;N;O
Viernes 02/03/2012;T;M;D;D;N;O
Sábado 03/03/2012;N;T;M;D;D;D
Domingo 04/03/2012;N;T;M;D;D;D
Lunes 05/03/2012;D;N;T;O;D;M
Martes 06/03/2012;D;N;T;O;D;M
Miércoles 07/03/2012;D;D;N;O;M;T
Jueves 08/03/2012;D;D;N;O;M;T
Viernes 09/03/2012;M;D;D;O;T;N
Sábado 10/03/2012;M;D;D;D;T;N
Domingo 11/03/2012;T;M;D;D;N;D
Lunes 12/03/2012;T;M;D;O;N;D
Martes 13/03/2012;N;T;M;O;D;D
Miércoles 14/03/2012;N;T;M;O;D;D
Jueves 15/03/2012;D;N;T;O;D;M
Viernes 16/03/2012;D;N;T;O;D;M
Sábado 17/03/2012;D;D;N;D;M;T
Domingo 18/03/2012;D;D;N;D;M;T
Lunes 19/03/2012;O;D;D;M;T;N
Martes 20/03/2012;O;D;D;M;T;N
Miércoles 21/03/2012;O;M;D;T;N;D
Jueves 22/03/2012;O;M;D;T;N;D
Viernes 23/03/2012;O;T;M;N;D;D
Sábado 24/03/2012;D;T;M;N;D;D
Domingo 25/03/2012;D;N;T;D;D;M
Lunes 26/03/2012;O;N;T;D;D;M
Martes 27/03/2012;O;D;N;D;M;T
Miércoles 28/03/2012;O;D;N;D;M;T
Jueves 29/03/2012;O;D;D;M;T;N
Viernes 30/03/2012;O;D;D;M;T;N
Sábado 31/03/2012;D;M;D;T;N;D
Domingo 01/04/2012;D;M;D;T;N;D
Lunes 02/04/2012;M;T;O;N;D;D
Martes 03/04/2012;M;T;O;N;D;D
Miércoles 04/04/2012;T;N;O;D;D;M
Jueves 05/04/2012;T;N;O;D;D;M
Viernes 06/04/2012;N;D;O;D;M;T
Sábado 07/04/2012;N;D;D;D;M;T
Domingo 08/04/2012;D;D;D;M;T;N
Lunes 09/04/2012;D;D;O;M;T;N
Martes 10/04/2012;D;M;O;T;N;D
Miércoles 11/04/2012;D;M;O;T;N;D
Jueves 12/04/2012;M;T;O;N;D;D
Viernes 13/04/2012;M;T;O;N;D;D
Sábado 14/04/2012;T;N;D;D;D;M
Domingo 15/04/2012;T;N;D;D;D;M
Lunes 16/04/2012;N;D;M;D;O;T
Martes 17/04/2012;N;D;M;D;O;T
Miércoles 18/04/2012;D;D;T;M;O;N
Jueves 19/04/2012;D;D;T;M;O;N
Viernes 20/04/2012;D;M;N;T;O;D
Sábado 21/04/2012;D;M;N;T;D;D
Domingo 22/04/2012;M;T;D;N;D;D
Lunes 23/04/2012;M;T;D;N;O;D
Martes 24/04/2012;T;N;D;D;O;M
Miércoles 25/04/2012;T;N;D;D;O;M
Jueves 26/04/2012;N;D;M;D;O;T
Viernes 27/04/2012;N;D;M;D;O;T
Sábado 28/04/2012;D;D;T;M;D;N
Domingo 29/04/2012;D;D;T;M;D;N
Lunes 30/04/2012;D;O;N;T;M;D
Martes 01/05/2012;D;O;N;T;M;D
Miércoles 02/05/2012;M;O;D;N;T;D
Jueves 03/05/2012;M;O;D;N;T;O
Viernes 04/05/2012;T;O;D;D;N;M
Sábado 05/05/2012;T;D;D;D;N;M
Domingo 06/05/2012;N;D;M;D;D;T
Lunes 07/05/2012;N;O;M;O;D;T
Martes 08/05/2012;D;O;T;M;D;N
Miércoles 09/05/2012;D;O;T;M;O;N
Jueves 10/05/2012;D;O;N;T;M;D
Viernes 11/05/2012;O;O;N;T;M;D
Sábado 12/05/2012;M;D;D;N;T;D
Domingo 13/05/2012;M;D;D;N;T;D
Lunes 14/05/2012;T;O;D;D;N;M
Martes 15/05/2012;T;O;O;D;N;M
Miércoles 16/05/2012;N;O;M;D;D;T
Jueves 17/05/2012;N;O;M;O;D;T
Viernes 18/05/2012;D;O;T;M;D;N
Sábado 19/05/2012;D;D;T;M;D;N
Domingo 20/05/2012;D;D;N;T;M;D
Lunes 21/05/2012;O;O;N;T;M;D
Martes 22/05/2012;M;O;D;N;T;D
Miércoles 23/05/2012;M;O;D;N;T;O
Jueves 24/05/2012;T;O;D;D;N;M
Viernes 25/05/2012;T;O;D;D;N;M
Sábado 26/05/2012;N;D;M;D;D;T
Domingo 27/05/2012;N;D;M;D;D;T
Lunes 28/05/2012;D;M;T;O;D;N
Martes 29/05/2012;D;M;T;O;O;N
Miércoles 30/05/2012;D;T;N;O;M;D
Jueves 31/05/2012;O;T;N;O;M;D
Viernes 01/06/2012;M;N;D;O;T;D
Sábado 02/06/2012;M;N;D;D;T;D
Domingo 03/06/2012;T;D;D;D;N;M
Lunes 04/06/2012;T;D;O;O;N;M
Martes 05/06/2012;N;D;M;O;D;T
Miércoles 06/06/2012;N;O;M;O;D;T
Jueves 07/06/2012;D;M;T;O;D;N
Viernes 08/06/2012;D;M;T;O;O;N
Sábado 09/06/2012;D;T;N;D;M;D
Domingo 10/06/2012;D;T;N;D;M;D
Lunes 11/06/2012;M;N;D;O;T;D
Martes 12/06/2012;M;N;D;O;T;O
Miércoles 13/06/2012;T;D;D;O;N;M
Jueves 14/06/2012;T;D;O;O;N;M
Viernes 15/06/2012;N;D;M;O;D;T
Sábado 16/06/2012;N;D;M;D;D;T
Domingo 17/06/2012;D;M;T;D;D;N
Lunes 18/06/2012;D;M;T;O;O;N
Martes 19/06/2012;D;T;N;O;M;D
Miércoles 20/06/2012;O;T;N;O;M;D
Jueves 21/06/2012;M;N;D;O;T;D
Viernes 22/06/2012;M;N;D;O;T;D
Sábado 23/06/2012;T;D;D;D;N;M
Domingo 24/06/2012;T;D;D;D;N;M
Lunes 25/06/2012;N;D;O;M;D;T
Martes 26/06/2012;N;O;O;M;D;T
Miércoles 27/06/2012;D;M;O;T;D;N
Jueves 28/06/2012;D;M;O;T;O;N
Viernes 29/06/2012;D;T;O;N;M;D
Sábado 30/06/2012;D;T;D;N;M;D
Domingo 01/07/2012;M;N;D;D;T;D
Lunes 02/07/2012;M;N;O;D;T;D
Martes 03/07/2012;T;D;O;D;N;M
Miércoles 04/07/2012;T;D;O;O;N;M
Jueves 05/07/2012;N;D;O;M;D;T
Viernes 06/07/2012;N;D;O;M;D;T
Sábado 07/07/2012;D;M;D;T;D;N
Domingo 08/07/2012;D;M;D;T;D;N
Lunes 09/07/2012;D;T;O;N;M;D
Martes 10/07/2012;D;T;O;N;M;D
Miércoles 11/07/2012;M;N;O;D;T;D
Jueves 12/07/2012;M;N;O;D;T;D
Viernes 13/07/2012;T;D;O;D;N;M
Sábado 14/07/2012;T;D;D;D;N;M
Domingo 15/07/2012;N;D;D;M;D;T
Lunes 16/07/2012;N;D;O;M;D;T
Martes 17/07/2012;D;M;O;T;D;N
Miércoles 18/07/2012;D;M;O;T;D;N
Jueves 19/07/2012;D;T;O;N;M;D
Viernes 20/07/2012;D;T;O;N;M;D
Sábado 21/07/2012;M;N;D;D;T;D
Domingo 22/07/2012;M;N;D;D;T;D
Lunes 23/07/2012;T;D;M;D;N;O
Martes 24/07/2012;T;D;M;D;N;O
Miércoles 25/07/2012;N;D;T;M;D;O
Jueves 26/07/2012;N;D;T;M;D;O
Viernes 27/07/2012;D;M;N;T;D;O
Sábado 28/07/2012;D;M;N;T;D;D
Domingo 29/07/2012;D;T;D;N;M;D
Lunes 30/07/2012;D;T;D;N;M;O
Martes 31/07/2012;M;N;D;D;T;O
Miércoles 01/08/2012;M;N;D;D;T;O
Jueves 02/08/2012;T;D;M;D;N;O
Viernes 03/08/2012;T;D;M;D;N;O
Sábado 04/08/2012;N;D;T;M;D;D
Domingo 05/08/2012;N;D;T;M;D;D
Lunes 06/08/2012;D;M;N;T;D;O
Martes 07/08/2012;D;M;N;T;D;O
Miércoles 08/08/2012;D;T;D;N;M;O
Jueves 09/08/2012;D;T;D;N;M;O
Viernes 10/08/2012;M;N;D;D;T;O
Sábado 11/08/2012;M;N;D;D;T;D
Domingo 12/08/2012;T;D;M;D;N;D
Lunes 13/08/2012;T;D;M;D;N;O
Martes 14/08/2012;N;D;T;M;D;O
Miércoles 15/08/2012;N;D;T;M;D;O
Jueves 16/08/2012;D;M;N;T;D;O
Viernes 17/08/2012;D;M;N;T;D;O
Sábado 18/08/2012;D;T;D;N;M;D
Domingo 19/08/2012;D;T;D;N;M;D
Lunes 20/08/2012;O;N;D;D;T;M
Martes 21/08/2012;O;N;D;D;T;M
Miércoles 22/08/2012;O;D;M;D;N;T
Jueves 23/08/2012;O;D;M;D;N;T
Viernes 24/08/2012;O;D;T;M;D;N
Sábado 25/08/2012;D;D;T;M;D;N
Domingo 26/08/2012;D;M;N;T;D;D
Lunes 27/08/2012;O;M;N;T;D;D
Martes 28/08/2012;O;T;D;N;M;D
Miércoles 29/08/2012;O;T;D;N;M;D
Jueves 30/08/2012;O;N;D;D;T;M
Viernes 31/08/2012;O;N;D;D;T;M
Sábado 01/09/2012;D;D;M;D;N;T
Domingo 02/09/2012;D;D;M;D;N;T
Lunes 03/09/2012;O;D;T;M;D;N
Martes 04/09/2012;O;O;T;M;D;N
Miércoles 05/09/2012;O;M;N;T;D;D
Jueves 06/09/2012;O;M;N;T;O;D
Viernes 07/09/2012;O;T;D;N;M;D
Sábado 08/09/2012;D;T;D;N;M;D
Domingo 09/09/2012;D;N;D;D;T;M
Lunes 10/09/2012;O;N;D;D;T;M
Martes 11/09/2012;O;D;M;D;N;T
Miércoles 12/09/2012;O;D;M;O;N;T
Jueves 13/09/2012;O;D;T;M;D;N
Viernes 14/09/2012;O;O;T;M;D;N
Sábado 15/09/2012;D;M;N;T;D;D
Domingo 16/09/2012;D;M;N;T;D;D
Lunes 17/09/2012;M;T;D;N;O;D
Martes 18/09/2012;M;T;D;N;O;O
Miércoles 19/09/2012;T;N;D;D;O;M
Jueves 20/09/2012;T;N;D;D;O;M
Viernes 21/09/2012;N;D;M;D;O;T
Sábado 22/09/2012;N;D;M;D;D;T
Domingo 23/09/2012;D;D;T;M;D;N
Lunes 24/09/2012;D;O;T;M;O;N
Martes 25/09/2012;D;M;N;T;O;D
Miércoles 26/09/2012;O;M;N;T;O;D
Jueves 27/09/2012;M;T;D;N;O;D
Viernes 28/09/2012;M;T;D;N;O;O
Sábado 29/09/2012;T;N;D;D;D;M
Domingo 30/09/2012;T;N;D;D;D;M
Lunes 01/10/2012;N;D;M;D;O;T
Martes 02/10/2012;N;D;M;O;O;T
Miércoles 03/10/2012;D;D;T;M;O;N
Jueves 04/10/2012;D;O;T;M;O;N
Viernes 05/10/2012;D;M;N;T;O;D
Sábado 06/10/2012;D;M;N;T;D;D
Domingo 07/10/2012;M;T;D;N;D;D
Lunes 08/10/2012;M;T;D;N;O;O
Martes 09/10/2012;T;N;D;D;O;M
Miércoles 10/10/2012;T;N;O;D;O;M
Jueves 11/10/2012;N;D;M;D;O;T
Viernes 12/10/2012;N;D;M;O;O;T
Sábado 13/10/2012;D;D;T;M;D;N
Domingo 14/10/2012;D;D;T;M;D;N
Lunes 15/10/2012;D;O;N;T;M;D
Martes 16/10/2012;D;O;N;T;M;D
Miércoles 17/10/2012;M;O;D;N;T;D
Jueves 18/10/2012;M;O;D;N;T;D
Viernes 19/10/2012;T;O;D;D;N;M
Sábado 20/10/2012;T;D;D;D;N;M
Domingo 21/10/2012;N;D;M;D;D;T
Lunes 22/10/2012;N;O;M;D;D;T
Martes 23/10/2012;D;O;T;M;D;N
Miércoles 24/10/2012;D;O;T;M;D;N
Jueves 25/10/2012;D;O;N;T;M;D
Viernes 26/10/2012;D;O;N;T;M;D
Sábado 27/10/2012;M;D;D;N;T;D
Domingo 28/10/2012;M;D;D;N;T;D
Lunes 29/10/2012;T;M;D;D;N;O
Martes 30/10/2012;T;M;D;D;N;O
Miércoles 31/10/2012;N;T;M;D;D;O
Jueves 01/11/2012;N;T;M;D;D;O
Viernes 02/11/2012;D;N;T;M;D;O
Sábado 03/11/2012;D;N;T;M;D;D
Domingo 04/11/2012;D;D;N;T;M;D
Lunes 05/11/2012;D;D;N;T;M;O
Martes 06/11/2012;M;D;D;N;T;O
Miércoles 07/11/2012;M;D;D;N;T;O
Jueves 08/11/2012;T;M;D;D;N;O
Viernes 09/11/2012;T;M;D;D;N;O
Sábado 10/11/2012;N;T;M;D;D;D
Domingo 11/11/2012;N;T;M;D;D;D
Lunes 12/11/2012;D;N;T;O;D;M
Martes 13/11/2012;D;N;T;O;D;M
Miércoles 14/11/2012;D;D;N;O;M;T
Jueves 15/11/2012;D;D;N;O;M;T
Viernes 16/11/2012;M;D;D;O;T;N
Sábado 17/11/2012;M;D;D;D;T;N
Domingo 18/11/2012;T;M;D;D;N;D
Lunes 19/11/2012;T;M;D;O;N;D
Martes 20/11/2012;N;T;M;O;D;D
Miércoles 21/11/2012;N;T;M;O;D;D
Jueves 22/11/2012;D;N;T;O;D;M
Viernes 23/11/2012;D;N;T;O;D;M
Sábado 24/11/2012;D;D;N;D;M;T
Domingo 25/11/2012;D;D;N;D;M;T
Lunes 26/11/2012;O;D;D;M;T;N
Martes 27/11/2012;O;D;D;M;T;N
Miércoles 28/11/2012;O;M;D;T;N;D
Jueves 29/11/2012;O;M;D;T;N;D
Viernes 30/11/2012;O;T;M;N;D;D
Sábado 01/12/2012;D;T;M;N;D;D
Domingo 02/12/2012;D;N;T;D;D;M
Lunes 03/12/2012;O;N;T;D;D;M
Martes 04/12/2012;O;D;N;D;M;T
Miércoles 05/12/2012;O;D;N;D;M;T
Jueves 06/12/2012;O;D;D;M;T;N
Viernes 07/12/2012;O;D;D;M;T;N
Sábado 08/12/2012;D;M;D;T;N;D
Domingo 09/12/2012;D;M;D;T;N;D
Lunes 10/12/2012;M;T;O;N;D;D
Martes 11/12/2012;M;T;O;N;D;D
Miércoles 12/12/2012;T;N;O;D;D;M
Jueves 13/12/2012;T;N;O;D;D;M
Viernes 14/12/2012;N;D;O;D;M;T
Sábado 15/12/2012;N;D;D;D;M;T
Domingo 16/12/2012;D;D;D;M;T;N
Lunes 17/12/2012;D;D;O;M;T;N
Martes 18/12/2012;D;M;O;T;N;D
Miércoles 19/12/2012;D;M;O;T;N;D
Jueves 20/12/2012;M;T;O;N;D;D
Viernes 21/12/2012;M;T;O;N;D;D
Sábado 22/12/2012;T;N;D;D;D;M
Domingo 23/12/2012;T;N;D;D;D;M
Lunes 24/12/2012;N;D;M;D;O;T
Martes 25/12/2012;N;D;M;D;O;T
Miércoles 26/12/2012;D;D;T;M;O;N
Jueves 27/12/2012;D;D;T;M;O;N
Viernes 28/12/2012;D;M;N;T;O;D
Sábado 29/12/2012;D;M;N;T;D;D
Domingo 30/12/2012;M;T;D;N;D;D
Lunes 31/12/2012;M;T;D;N;O;D
Martes 01/01/2013;T;N;D;D;O;M
Miércoles 02/01/2013;T;N;D;D;O;M
Jueves 03/01/2013;N;D;M;D;O;T
Viernes 04/01/2013;N;D;M;D;O;T
Sábado 05/01/2013;D;D;T;M;D;N
Domingo 06/01/2013;D;D;T;M;D;N
Lunes 07/01/2013;D;O;N;T;M;D
Martes 08/01/2013;D;O;N;T;M;D
Miércoles 09/01/2013;M;O;D;N;T;D
Jueves 10/01/2013;M;O;D;N;T;D
Viernes 11/01/2013;T;O;D;D;N;M
Sábado 12/01/2013;T;D;D;D;N;M
Domingo 13/01/2013;N;D;M;D;D;T
Lunes 14/01/2013;N;O;M;D;D;T
Martes 15/01/2013;D;O;T;M;D;N
Miércoles 16/01/2013;D;O;T;M;D;N
Jueves 17/01/2013;D;O;N;T;M;D
Viernes 18/01/2013;D;O;N;T;M;D
Sábado 19/01/2013;M;D;D;N;T;D
Domingo 20/01/2013;M;D;D;N;T;D
Lunes 21/01/2013;T;M;D;D;N;O
Martes 22/01/2013;T;M;D;D;N;O
Miércoles 23/01/2013;N;T;M;D;D;O
Jueves 24/01/2013;N;T;M;D;D;O
Viernes 25/01/2013;D;N;T;M;D;O
Sábado 26/01/2013;D;N;T;M;D;D
Domingo 27/01/2013;D;D;N;T;M;D
Lunes 28/01/2013;D;D;N;T;M;O
Martes 29/01/2013;M;D;D;N;T;O
Miércoles 30/01/2013;M;D;D;N;T;O
Jueves 31/01/2013;T;M;D;D;N;O
Viernes 01/02/2013;T;M;D;D;N;O
Sábado 02/02/2013;N;T;M;D;D;D
Domingo 03/02/2013;N;T;M;D;D;D
Lunes 04/02/2013;D;N;T;O;D;M
Martes 05/02/2013;D;N;T;O;D;M
Miércoles 06/02/2013;D;D;N;O;M;T
Jueves 07/02/2013;D;D;N;O;M;T
Viernes 08/02/2013;M;D;D;O;T;N
Sábado 09/02/2013;M;D;D;D;T;N
Domingo 10/02/2013;T;M;D;D;N;D
Lunes 11/02/2013;T;M;D;O;N;D
Martes 12/02/2013;N;T;M;O;D;D
Miércoles 13/02/2013;N;T;M;O;D;D
Jueves 14/02/2013;D;N;T;O;D;M
Viernes 15/02/2013;D;N;T;O;D;M
Sábado 16/02/2013;D;D;N;D;M;T
Domingo 17/02/2013;D;D;N;D;M;T
Lunes 18/02/2013;O;D;D;M;T;N
Martes 19/02/2013;O;D;D;M;T;N
Miércoles 20/02/2013;O;M;D;T;N;D
Jueves 21/02/2013;O;M;D;T;N;D
Viernes 22/02/2013;O;T;M;N;D;D
Sábado 23/02/2013;D;T;M;N;D;D
Domingo 24/02/2013;D;N;T;D;D;M
Lunes 25/02/2013;O;N;T;D;D;M
Martes 26/02/2013;O;D;N;D;M;T
Miércoles 27/02/2013;O;D;N;D;M;T
Jueves 28/02/2013;O;D;D;M;T;N
Viernes 01/03/2013;O;D;D;M;T;N
Sábado 02/03/2013;D;M;D;T;N;D
Domingo 03/03/2013;D;M;D;T;N;D
Lunes 04/03/2013;M;T;O;N;D;D
Martes 05/03/2013;M;T;O;N;D;D
Miércoles 06/03/2013;T;N;O;D;D;M
Jueves 07/03/2013;T;N;O;D;D;M
Viernes 08/03/2013;N;D;O;D;M;T
Sábado 09/03/2013;N;D;D;D;M;T
Domingo 10/03/2013;D;D;D;M;T;N
Lunes 11/03/2013;D;D;O;M;T;N
Martes 12/03/2013;D;M;O;T;N;D
Miércoles 13/03/2013;D;M;O;T;N;D
Jueves 14/03/2013;M;T;O;N;D;D
Viernes 15/03/2013;M;T;O;N;D;D
Sábado 16/03/2013;T;N;D;D;D;M
Domingo 17/03/2013;T;N;D;D;D;M
Lunes 18/03/2013;N;D;M;D;O;T
Martes 19/03/2013;N;D;M;D;O;T
Miércoles 20/03/2013;D;D;T;M;O;N
Jueves 21/03/2013;D;D;T;M;O;N
Viernes 22/03/2013;D;M;N;T;O;D
Sábado 23/03/2013;D;M;N;T;D;D
Domingo 24/03/2013;M;T;D;N;D;D
Lunes 25/03/2013;M;T;D;N;O;D
Martes 26/03/2013;T;N;D;D;O;M
Miércoles 27/03/2013;T;N;D;D;O;M
Jueves 28/03/2013;N;D;M;D;O;T
Viernes 29/03/2013;N;D;M;D;O;T
Sábado 30/03/2013;D;D;T;M;D;N
Domingo 31/03/2013;D;D;T;M;D;N
Lunes 01/04/2013;D;O;N;T;M;D
Martes 02/04/2013;D;O;N;T;M;D
Miércoles 03/04/2013;M;O;D;N;T;D
Jueves 04/04/2013;M;O;D;N;T;D
Viernes 05/04/2013;T;O;D;D;N;M
Sábado 06/04/2013;T;D;D;D;N;M
Domingo 07/04/2013;N;D;M;D;D;T
Lunes 08/04/2013;N;O;M;D;D;T
Martes 09/04/2013;D;O;T;M;D;N
Miércoles 10/04/2013;D;O;T;M;D;N
Jueves 11/04/2013;D;O;N;T;M;D
Viernes 12/04/2013;D;O;N;T;M;D
Sábado 13/04/2013;M;D;D;N;T;D
Domingo 14/04/2013;M;D;D;N;T;D
Lunes 15/04/2013;T;M;D;D;N;O
Martes 16/04/2013;T;M;D;D;N;O
Miércoles 17/04/2013;N;T;M;D;D;O
Jueves 18/04/2013;N;T;M;D;D;O
Viernes 19/04/2013;D;N;T;M;D;O
Sábado 20/04/2013;D;N;T;M;D;D
Domingo 21/04/2013;D;D;N;T;M;D
Lunes 22/04/2013;D;D;N;T;M;O
Martes 23/04/2013;M;D;D;N;T;O
Miércoles 24/04/2013;M;D;D;N;T;O
Jueves 25/04/2013;T;M;D;D;N;O
Viernes 26/04/2013;T;M;D;D;N;O
Sábado 27/04/2013;N;T;M;D;D;D
Domingo 28/04/2013;N;T;M;D;D;D
Lunes 29/04/2013;D;N;T;O;D;M
Martes 30/04/2013;D;N;T;O;O;M
Miércoles 01/05/2013;D;D;N;O;M;T
Jueves 02/05/2013;O;D;N;O;M;T
Viernes 03/05/2013;M;D;D;O;T;N
Sábado 04/05/2013;M;D;D;D;T;N
Domingo 05/05/2013;T;M;D;D;N;D
Lunes 06/05/2013;T;M;O;O;N;D
Martes 07/05/2013;N;T;M;O;D;D
Miércoles 08/05/2013;N;T;M;O;D;O
Jueves 09/05/2013;D;N;T;O;D;M
Viernes 10/05/2013;D;N;T;O;O;M
Sábado 11/05/2013;D;D;N;D;M;T
Domingo 12/05/2013;D;D;N;D;M;T
Lunes 13/05/2013;M;D;D;O;T;N
Martes 14/05/2013;M;O;D;O;T;N
Miércoles 15/05/2013;T;M;D;O;N;D
Jueves 16/05/2013;T;M;O;O;N;D
Viernes 17/05/2013;N;T;M;O;D;D
Sábado 18/05/2013;N;T;M;D;D;D
Domingo 19/05/2013;D;N;T;D;D;M
Lunes 20/05/2013;D;N;T;O;O;M
Martes 21/05/2013;D;D;N;O;M;T
Miércoles 22/05/2013;O;D;N;O;M;T
Jueves 23/05/2013;M;D;D;O;T;N
Viernes 24/05/2013;M;O;D;O;T;N
Sábado 25/05/2013;T;M;D;D;N;D
Domingo 26/05/2013;T;M;D;D;N;D
Lunes 27/05/2013;N;T;O;M;D;D
Martes 28/05/2013;N;T;O;M;D;O
Miércoles 29/05/2013;D;N;O;T;D;M
Jueves 30/05/2013;D;N;O;T;D;M
Viernes 31/05/2013;D;D;O;N;M;T
Sábado 01/06/2013;D;D;D;N;M;T
Domingo 02/06/2013;M;D;D;D;T;N
Lunes 03/06/2013;M;O;O;D;T;N
Martes 04/06/2013;T;M;O;D;N;D
Miércoles 05/06/2013;T;M;O;O;N;D
Jueves 06/06/2013;N;T;O;M;D;D
Viernes 07/06/2013;N;T;O;M;D;D
Sábado 08/06/2013;D;N;D;T;D;M
Domingo 09/06/2013;D;N;D;T;D;M
Lunes 10/06/2013;D;D;O;N;M;T
Martes 11/06/2013;O;D;O;N;M;T
Miércoles 12/06/2013;M;D;O;D;T;N
Jueves 13/06/2013;M;D;O;D;T;N
Viernes 14/06/2013;T;M;O;D;N;D
Sábado 15/06/2013;T;M;D;D;N;D
Domingo 16/06/2013;N;T;D;M;D;D
Lunes 17/06/2013;N;T;O;M;D;O
Martes 18/06/2013;D;N;O;T;D;M
Miércoles 19/06/2013;D;N;O;T;O;M
Jueves 20/06/2013;D;D;O;N;M;T
Viernes 21/06/2013;O;D;O;N;M;T
Sábado 22/06/2013;M;D;D;D;T;N
Domingo 23/06/2013;M;D;D;D;T;N
Lunes 24/06/2013;T;O;M;D;N;D
Martes 25/06/2013;T;O;M;O;N;D
Miércoles 26/06/2013;N;O;T;M;D;D
Jueves 27/06/2013;N;O;T;M;D;O
Viernes 28/06/2013;D;O;N;T;D;M
Sábado 29/06/2013;D;D;N;T;D;M
Domingo 30/06/2013;D;D;D;N;M;T
Lunes 01/07/2013;D;O;D;N;M;T
Martes 02/07/2013;M;O;D;D;T;N
Miércoles 03/07/2013;M;O;O;D;T;N
Jueves 04/07/2013;T;O;M;D;N;D
Viernes 05/07/2013;T;O;M;O;N;D
Sábado 06/07/2013;N;D;T;M;D;D
Domingo 07/07/2013;N;D;T;M;D;D
Lunes 08/07/2013;D;O;N;T;D;M
Martes 09/07/2013;D;O;N;T;D;M
Miércoles 10/07/2013;D;O;D;N;M;T
Jueves 11/07/2013;D;O;D;N;M;T
Viernes 12/07/2013;M;O;D;D;T;N
Sábado 13/07/2013;M;D;D;D;T;N
Domingo 14/07/2013;T;D;M;D;N;D
Lunes 15/07/2013;T;O;M;D;N;D
Martes 16/07/2013;N;O;T;M;D;D
Miércoles 17/07/2013;N;O;T;M;D;D
Jueves 18/07/2013;D;O;N;T;D;M
Viernes 19/07/2013;D;O;N;T;D;M
Sábado 20/07/2013;D;D;D;N;M;T
Domingo 21/07/2013;D;D;D;N;M;T
Lunes 22/07/2013;O;M;D;D;T;N
Martes 23/07/2013;O;M;D;D;T;N
Miércoles 24/07/2013;O;T;M;D;N;D
Jueves 25/07/2013;O;T;M;D;N;D
Viernes 26/07/2013;O;N;T;M;D;D
Sábado 27/07/2013;D;N;T;M;D;D
Domingo 28/07/2013;D;D;N;T;D;M
Lunes 29/07/2013;O;D;N;T;D;M
Martes 30/07/2013;O;D;D;N;M;T
Miércoles 31/07/2013;O;D;D;N;M;T
Jueves 01/08/2013;O;M;D;D;T;N
Viernes 02/08/2013;O;M;D;D;T;N
Sábado 03/08/2013;D;T;M;D;N;D
Domingo 04/08/2013;D;T;M;D;N;D
Lunes 05/08/2013;O;N;T;M;D;D
Martes 06/08/2013;O;N;T;M;D;D
Miércoles 07/08/2013;O;D;N;T;D;M
Jueves 08/08/2013;O;D;N;T;D;M
Viernes 09/08/2013;O;D;D;N;M;T
Sábado 10/08/2013;D;D;D;N;M;T
Domingo 11/08/2013;D;M;D;D;T;N
Lunes 12/08/2013;O;M;D;D;T;N
Martes 13/08/2013;O;T;M;D;N;D
Miércoles 14/08/2013;O;T;M;D;N;D
Jueves 15/08/2013;O;N;T;M;D;D
Viernes 16/08/2013;O;N;T;M;D;D
Sábado 17/08/2013;D;D;N;T;D;M
Domingo 18/08/2013;D;D;N;T;D;M
Lunes 19/08/2013;M;D;D;N;O;T
Martes 20/08/2013;M;D;D;N;O;T
Miércoles 21/08/2013;T;M;D;D;O;N
Jueves 22/08/2013;T;M;D;D;O;N
Viernes 23/08/2013;N;T;M;D;O;D
Sábado 24/08/2013;N;T;M;D;D;D
Domingo 25/08/2013;D;N;T;M;D;D
Lunes 26/08/2013;D;N;T;M;O;D
Martes 27/08/2013;D;D;N;T;O;M
Miércoles 28/08/2013;D;D;N;T;O;M
Jueves 29/08/2013;M;D;D;N;O;T
Viernes 30/08/2013;M;D;D;N;O;T
Sábado 31/08/2013;T;M;D;D;D;N
Domingo 01/09/2013;T;M;D;D;D;N
Lunes 02/09/2013;N;T;M;D;O;D
Martes 03/09/2013;N;T;M;O;O;D
Miércoles 04/09/2013;D;N;T;M;O;D
Jueves 05/09/2013;D;N;T;M;O;O
Viernes 06/09/2013;D;D;N;T;O;M
Sábado 07/09/2013;D;D;N;T;D;M
Domingo 08/09/2013;M;D;D;N;D;T
Lunes 09/09/2013;M;O;D;N;O;T
Martes 10/09/2013;T;M;D;D;O;N
Miércoles 11/09/2013;T;M;O;D;O;N
Jueves 12/09/2013;N;T;M;D;O;D
Viernes 13/09/2013;N;T;M;O;O;D
Sábado 14/09/2013;D;N;T;M;D;D
Domingo 15/09/2013;D;N;T;M;D;D
Lunes 16/09/2013;D;D;N;T;M;O
Martes 17/09/2013;O;D;N;T;M;O
Miércoles 18/09/2013;M;D;D;N;T;O
Jueves 19/09/2013;M;O;D;N;T;O
Viernes 20/09/2013;T;M;D;D;N;O
Sábado 21/09/2013;T;M;D;D;N;D
Domingo 22/09/2013;N;T;M;D;D;D
Lunes 23/09/2013;N;T;M;O;D;O
Martes 24/09/2013;D;N;T;M;D;O
Miércoles 25/09/2013;D;N;T;M;O;O
Jueves 26/09/2013;D;D;N;T;M;O
Viernes 27/09/2013;O;D;N;T;M;O
Sábado 28/09/2013;M;D;D;N;T;D
Domingo 29/09/2013;M;D;D;N;T;D
Lunes 30/09/2013;T;M;D;D;N;O
Martes 01/10/2013;T;M;O;D;N;O
Miércoles 02/10/2013;N;T;M;D;D;O
Jueves 03/10/2013;N;T;M;O;D;O
Viernes 04/10/2013;D;N;T;M;D;O
Sábado 05/10/2013;D;N;T;M;D;D
Domingo 06/10/2013;D;D;N;T;M;D
Lunes 07/10/2013;O;D;N;T;M;O
Martes 08/10/2013;M;D;D;N;T;O
Miércoles 09/10/2013;M;O;D;N;T;O
Jueves 10/10/2013;T;M;D;D;N;O
Viernes 11/10/2013;T;M;O;D;N;O
Sábado 12/10/2013;N;T;M;D;D;D
Domingo 13/10/2013;N;T;M;D;D;D
Lunes 14/10/2013;D;N;T;O;D;M
Martes 15/10/2013;D;N;T;O;D;M
Miércoles 16/10/2013;D;D;N;O;M;T
Jueves 17/10/2013;D;D;N;O;M;T
Viernes 18/10/2013;M;D;D;O;T;N
Sábado 19/10/2013;M;D;D;D;T;N
Domingo 20/10/2013;T;M;D;D;N;D
Lunes 21/10/2013;T;M;D;O;N;D
Martes 22/10/2013;N;T;M;O;D;D
Miércoles 23/10/2013;N;T;M;O;D;D
Jueves 24/10/2013;D;N;T;O;D;M
Viernes 25/10/2013;D;N;T;O;D;M
Sábado 26/10/2013;D;D;N;D;M;T
Domingo 27/10/2013;D;D;N;D;M;T
Lunes 28/10/2013;O;D;D;M;T;N
Martes 29/10/2013;O;D;D;M;T;N
Miércoles 30/10/2013;O;M;D;T;N;D
Jueves 31/10/2013;O;M;D;T;N;D
Viernes 01/11/2013;O;T;M;N;D;D
Sábado 02/11/2013;D;T;M;N;D;D
Domingo 03/11/2013;D;N;T;D;D;M
Lunes 04/11/2013;O;N;T;D;D;M
Martes 05/11/2013;O;D;N;D;M;T
Miércoles 06/11/2013;O;D;N;D;M;T
Jueves 07/11/2013;O;D;D;M;T;N
Viernes 08/11/2013;O;D;D;M;T;N
Sábado 09/11/2013;D;M;D;T;N;D
Domingo 10/11/2013;D;M;D;T;N;D
Lunes 11/11/2013;M;T;O;N;D;D
Martes 12/11/2013;M;T;O;N;D;D
Miércoles 13/11/2013;T;N;O;D;D;M
Jueves 14/11/2013;T;N;O;D;D;M
Viernes 15/11/2013;N;D;O;D;M;T
Sábado 16/11/2013;N;D;D;D;M;T
Domingo 17/11/2013;D;D;D;M;T;N
Lunes 18/11/2013;D;D;O;M;T;N
Martes 19/11/2013;D;M;O;T;N;D
Miércoles 20/11/2013;D;M;O;T;N;D
Jueves 21/11/2013;M;T;O;N;D;D
Viernes 22/11/2013;M;T;O;N;D;D
Sábado 23/11/2013;T;N;D;D;D;M
Domingo 24/11/2013;T;N;D;D;D;M
Lunes 25/11/2013;N;D;M;D;O;T
Martes 26/11/2013;N;D;M;D;O;T
Miércoles 27/11/2013;D;D;T;M;O;N
Jueves 28/11/2013;D;D;T;M;O;N
Viernes 29/11/2013;D;M;N;T;O;D
Sábado 30/11/2013;D;M;N;T;D;D
Domingo 01/12/2013;M;T;D;N;D;D
Lunes 02/12/2013;M;T;D;N;O;D
Martes 03/12/2013;T;N;D;D;O;M
Miércoles 04/12/2013;T;N;D;D;O;M
Jueves 05/12/2013;N;D;M;D;O;T
Viernes 06/12/2013;N;D;M;D;O;T
Sábado 07/12/2013;D;D;T;M;D;N
Domingo 08/12/2013;D;D;T;M;D;N
Lunes 09/12/2013;D;O;N;T;M;D
Martes 10/12/2013;D;O;N;T;M;D
Miércoles 11/12/2013;M;O;D;N;T;D
Jueves 12/12/2013;M;O;D;N;T;D
Viernes 13/12/2013;T;O;D;D;N;M
Sábado 14/12/2013;T;D;D;D;N;M
Domingo 15/12/2013;N;D;M;D;D;T
Lunes 16/12/2013;N;O;M;D;D;T
Martes 17/12/2013;D;O;T;M;D;N
Miércoles 18/12/2013;D;O;T;M;D;N
Jueves 19/12/2013;D;O;N;T;M;D
Viernes 20/12/2013;D;O;N;T;M;D
Sábado 21/12/2013;M;D;D;N;T;D
Domingo 22/12/2013;M;D;D;N;T;D
Lunes 23/12/2013;T;M;D;D;N;O
Martes 24/12/2013;T;M;D;D;N;O
Miércoles 25/12/2013;N;T;M;D;D;O
Jueves 26/12/2013;N;T;M;D;D;O
Viernes 27/12/2013;D;N;T;M;D;O
Sábado 28/12/2013;D;N;T;M;D;D
Domingo 29/12/2013;D;D;N;T;M;D
Lunes 30/12/2013;D;D;N;T;M;O
Martes 31/12/2013;M;D;D;N;T;O
Miércoles 01/01/2014;M;D;D;N;T;O
Jueves 02/01/2014;T;M;D;D;N;O
Viernes 03/01/2014;T;M;D;D;N;O
Sábado 04/01/2014;N;T;M;D;D;D
Domingo 05/01/2014;N;T;M;D;D;D
Lunes 06/01/2014;D;N;T;O;D;M
Martes 07/01/2014;D;N;T;O;D;M
Miércoles 08/01/2014;D;D;N;O;M;T
Jueves 09/01/2014;D;D;N;O;M;T
Viernes 10/01/2014;M;D;D;O;T;N
Sábado 11/01/2014;M;D;D;D;T;N
Domingo 12/01/2014;T;M;D;D;N;D
Lunes 13/01/2014;T;M;D;O;N;D
Martes 14/01/2014;N;T;M;O;D;D
Miércoles 15/01/2014;N;T;M;O;D;D
Jueves 16/01/2014;D;N;T;O;D;M
Viernes 17/01/2014;D;N;T;O;D;M
Sábado 18/01/2014;D;D;N;D;M;T
Domingo 19/01/2014;D;D;N;D;M;T
Lunes 20/01/2014;O;D;D;M;T;N
Martes 21/01/2014;O;D;D;M;T;N
Miércoles 22/01/2014;O;M;D;T;N;D
Jueves 23/01/2014;O;M;D;T;N;D
Viernes 24/01/2014;O;T;M;N;D;D
Sábado 25/01/2014;D;T;M;N;D;D
Domingo 26/01/2014;D;N;T;D;D;M
Lunes 27/01/2014;O;N;T;D;D;M
Martes 28/01/2014;O;D;N;D;M;T
Miércoles 29/01/2014;O;D;N;D;M;T
Jueves 30/01/2014;O;D;D;M;T;N
Viernes 31/01/2014;O;D;D;M;T;N
Sábado 01/02/2014;D;M;D;T;N;D
Domingo 02/02/2014;D;M;D;T;N;D
Lunes 03/02/2014;M;T;O;N;D;D
Martes 04/02/2014;M;T;O;N;D;D
Miércoles 05/02/2014;T;N;O;D;D;M
Jueves 06/02/2014;T;N;O;D;D;M
Viernes 07/02/2014;N;D;O;D;M;T
Sábado 08/02/2014;N;D;D;D;M;T
Domingo 09/02/2014;D;D;D;M;T;N
Lunes 10/02/2014;D;D;O;M;T;N
Martes 11/02/2014;D;M;O;T;N;D
Miércoles 12/02/2014;D;M;O;T;N;D
Jueves 13/02/2014;M;T;O;N;D;D
Viernes 14/02/2014;M;T;O;N;D;D
Sábado 15/02/2014;T;N;D;D;D;M
Domingo 16/02/2014;T;N;D;D;D;M
Lunes 17/02/2014;N;D;M;D;O;T
Martes 18/02/2014;N;D;M;D;O;T
Miércoles 19/02/2014;D;D;T;M;O;N
Jueves 20/02/2014;D;D;T;M;O;N
Viernes 21/02/2014;D;M;N;T;O;D
Sábado 22/02/2014;D;M;N;T;D;D
Domingo 23/02/2014;M;T;D;N;D;D
Lunes 24/02/2014;M;T;D;N;O;D
Martes 25/02/2014;T;N;D;D;O;M
Miércoles 26/02/2014;T;N;D;D;O;M
Jueves 27/02/2014;N;D;M;D;O;T
Viernes 28/02/2014;N;D;M;D;O;T
Sábado 01/03/2014;D;D;T;M;D;N
Domingo 02/03/2014;D;D;T;M;D;N
Lunes 03/03/2014;D;O;N;T;M;D
Martes 04/03/2014;D;O;N;T;M;D
Miércoles 05/03/2014;M;O;D;N;T;D
Jueves 06/03/2014;M;O;D;N;T;D
Viernes 07/03/2014;T;O;D;D;N;M
Sábado 08/03/2014;T;D;D;D;N;M
Domingo 09/03/2014;N;D;M;D;D;T
Lunes 10/03/2014;N;O;M;D;D;T
Martes 11/03/2014;D;O;T;M;D;N
Miércoles 12/03/2014;D;O;T;M;D;N
Jueves 13/03/2014;D;O;N;T;M;D
Viernes 14/03/2014;D;O;N;T;M;D
Sábado 15/03/2014;M;D;D;N;T;D
Domingo 16/03/2014;M;D;D;N;T;D
Lunes 17/03/2014;T;M;D;D;N;O
Martes 18/03/2014;T;M;D;D;N;O
Miércoles 19/03/2014;N;T;M;D;D;O
Jueves 20/03/2014;N;T;M;D;D;O
Viernes 21/03/2014;D;N;T;M;D;O
Sábado 22/03/2014;D;N;T;M;D;D
Domingo 23/03/2014;D;D;N;T;M;D
Lunes 24/03/2014;D;D;N;T;M;O
Martes 25/03/2014;M;D;D;N;T;O
Miércoles 26/03/2014;M;D;D;N;T;O
Jueves 27/03/2014;T;M;D;D;N;O
Viernes 28/03/2014;T;M;D;D;N;O
Sábado 29/03/2014;N;T;M;D;D;D
Domingo 30/03/2014;N;T;M;D;D;D
Lunes 31/03/2014;D;N;T;O;D;M
Martes 01/04/2014;D;N;T;O;D;M
Miércoles 02/04/2014;D;D;N;O;M;T
Jueves 03/04/2014;D;D;N;O;M;T
Viernes 04/04/2014;M;D;D;O;T;N
Sábado 05/04/2014;M;D;D;D;T;N
Domingo 06/04/2014;T;M;D;D;N;D
Lunes 07/04/2014;T;M;D;O;N;D
Martes 08/04/2014;N;T;M;O;D;D
Miércoles 09/04/2014;N;T;M;O;D;D
Jueves 10/04/2014;D;N;T;O;D;M
Viernes 11/04/2014;D;N;T;O;D;M
Sábado 12/04/2014;D;D;N;D;M;T
Domingo 13/04/2014;D;D;N;D;M;T
Lunes 14/04/2014;O;D;D;M;T;N
Martes 15/04/2014;O;D;D;M;T;N
Miércoles 16/04/2014;O;M;D;T;N;D
Jueves 17/04/2014;O;M;D;T;N;D
Viernes 18/04/2014;O;T;M;N;D;D
Sábado 19/04/2014;D;T;M;N;D;D
Domingo 20/04/2014;D;N;T;D;D;M
Lunes 21/04/2014;O;N;T;D;D;M
Martes 22/04/2014;O;D;N;D;M;T
Miércoles 23/04/2014;O;D;N;D;M;T
Jueves 24/04/2014;O;D;D;M;T;N
Viernes 25/04/2014;O;D;D;M;T;N
Sábado 26/04/2014;D;M;D;T;N;D
Domingo 27/04/2014;D;M;D;T;N;D
Lunes 28/04/2014;M;T;O;N;D;D
Martes 29/04/2014;M;T;O;N;D;D
Miércoles 30/04/2014;T;N;O;D;D;M
Jueves 01/05/2014;T;N;O;D;D;M
Viernes 02/05/2014;N;D;O;D;M;T
Sábado 03/05/2014;N;D;D;D;M;T
Domingo 04/05/2014;D;D;D;M;T;N
Lunes 05/05/2014;D;D;O;M;T;N
Martes 06/05/2014;D;M;O;T;N;D
Miércoles 07/05/2014;D;M;O;T;N;D
Jueves 08/05/2014;M;T;O;N;D;D
Viernes 09/05/2014;M;T;O;N;D;D
Sábado 10/05/2014;T;N;D;D;D;M
Domingo 11/05/2014;T;N;D;D;D;M
Lunes 12/05/2014;N;D;M;D;O;T
Martes 13/05/2014;N;D;M;D;O;T
Miércoles 14/05/2014;D;D;T;M;O;N
Jueves 15/05/2014;D;D;T;M;O;N
Viernes 16/05/2014;D;M;N;T;O;D
Sábado 17/05/2014;D;M;N;T;D;D
Domingo 18/05/2014;M;T;D;N;D;D
Lunes 19/05/2014;M;T;D;N;O;D
Martes 20/05/2014;T;N;D;D;O;M
Miércoles 21/05/2014;T;N;D;D;O;M
Jueves 22/05/2014;N;D;M;D;O;T
Viernes 23/05/2014;N;D;M;D;O;T
Sábado 24/05/2014;D;D;T;M;D;N
Domingo 25/05/2014;D;D;T;M;D;N
Lunes 26/05/2014;D;M;N;T;O;D
Martes 27/05/2014;D;M;N;T;O;D
Miércoles 28/05/2014;M;T;D;N;O;D
Jueves 29/05/2014;M;T;D;N;O;D
Viernes 30/05/2014;T;N;D;D;O;M
Sábado 31/05/2014;T;N;D;D;D;M
Domingo 01/06/2014;N;D;M;D;D;T
Lunes 02/06/2014;N;D;M;D;O;T
Martes 03/06/2014;D;D;T;M;O;N
Miércoles 04/06/2014;D;D;T;M;O;N
Jueves 05/06/2014;D;M;N;T;O;D
Viernes 06/06/2014;D;M;N;T;O;D
Sábado 07/06/2014;M;T;D;N;D;D
Domingo 08/06/2014;M;T;D;N;D;D
Lunes 09/06/2014;T;N;D;D;M;O
Martes 10/06/2014;T;N;D;D;M;O
Miércoles 11/06/2014;N;D;M;D;T;O
Jueves 12/06/2014;N;D;M;D;T;O
Viernes 13/06/2014;D;D;T;M;N;O
Sábado 14/06/2014;D;D;T;M;N;D
Domingo 15/06/2014;D;M;N;T;D;D
Lunes 16/06/2014;D;M;N;T;D;O
Martes 17/06/2014;M;T;D;N;D;O
Miércoles 18/06/2014;M;T;D;N;D;O
Jueves 19/06/2014;T;N;D;D;M;O
Viernes 20/06/2014;T;N;D;D;M;O
Sábado 21/06/2014;N;D;M;D;T;D
Domingo 22/06/2014;N;D;M;D;T;D
Lunes 23/06/2014;D;D;T;M;N;O
Martes 24/06/2014;D;D;T;M;N;O
Miércoles 25/06/2014;D;M;N;T;D;O
Jueves 26/06/2014;D;M;N;T;D;O
Viernes 27/06/2014;M;T;D;N;D;O
Sábado 28/06/2014;M;T;D;N;D;D
Domingo 29/06/2014;T;N;D;D;M;D
Lunes 30/06/2014;T;N;D;D;M;O
Martes 01/07/2014;N;D;M;D;T;O
Miércoles 02/07/2014;N;D;M;D;T;O
Jueves 03/07/2014;D;D;T;M;N;O
Viernes 04/07/2014;D;D;T;M;N;O
Sábado 05/07/2014;D;M;N;T;D;D
Domingo 06/07/2014;D;M;N;T;D;D
Lunes 07/07/2014;O;T;D;N;D;M
Martes 08/07/2014;O;T;D;N;D;M
Miércoles 09/07/2014;O;N;D;D;M;T
Jueves 10/07/2014;O;N;D;D;M;T
Viernes 11/07/2014;O;D;M;D;T;N
Sábado 12/07/2014;D;D;M;D;T;N
Domingo 13/07/2014;D;D;T;M;N;D
Lunes 14/07/2014;O;D;T;M;N;D
Martes 15/07/2014;O;M;N;T;D;D
Miércoles 16/07/2014;O;M;N;T;D;D
Jueves 17/07/2014;O;T;D;N;D;M
Viernes 18/07/2014;O;T;D;N;D;M
Sábado 19/07/2014;D;N;D;D;M;T
Domingo 20/07/2014;D;N;D;D;M;T
Lunes 21/07/2014;O;D;M;D;T;N
Martes 22/07/2014;O;D;M;D;T;N
Miércoles 23/07/2014;O;D;T;M;N;D
Jueves 24/07/2014;O;D;T;M;N;D
Viernes 25/07/2014;O;M;N;T;D;D
Sábado 26/07/2014;D;M;N;T;D;D
Domingo 27/07/2014;D;T;D;N;D;M
Lunes 28/07/2014;O;T;D;N;D;M
Martes 29/07/2014;O;N;D;D;M;T
Miércoles 30/07/2014;O;N;D;D;M;T
Jueves 31/07/2014;O;D;M;D;T;N
Viernes 01/08/2014;O;D;M;D;T;N
Sábado 02/08/2014;D;D;T;M;N;D
Domingo 03/08/2014;D;D;T;M;N;D
Lunes 04/08/2014;M;O;N;T;D;D
Martes 05/08/2014;M;O;N;T;D;D
Miércoles 06/08/2014;T;O;D;N;D;M
Jueves 07/08/2014;T;O;D;N;D;M
Viernes 08/08/2014;N;O;D;D;M;T
Sábado 09/08/2014;N;D;D;D;M;T
Domingo 10/08/2014;D;D;M;D;T;N
Lunes 11/08/2014;D;O;M;D;T;N
Martes 12/08/2014;D;O;T;M;N;D
Miércoles 13/08/2014;D;O;T;M;N;D
Jueves 14/08/2014;M;O;N;T;D;D
Viernes 15/08/2014;M;O;N;T;D;D
Sábado 16/08/2014;T;D;D;N;D;M
Domingo 17/08/2014;T;D;D;N;D;M
Lunes 18/08/2014;N;O;D;D;M;T
Martes 19/08/2014;N;O;D;D;M;T
Miércoles 20/08/2014;D;O;M;D;T;N
Jueves 21/08/2014;D;O;M;D;T;N
Viernes 22/08/2014;D;O;T;M;N;D
Sábado 23/08/2014;D;D;T;M;N;D
Domingo 24/08/2014;M;D;N;T;D;D
Lunes 25/08/2014;M;O;N;T;D;D
Martes 26/08/2014;T;O;D;N;D;M
Miércoles 27/08/2014;T;O;D;N;D;M
Jueves 28/08/2014;N;O;D;D;M;T
Viernes 29/08/2014;N;O;D;D;M;T
Sábado 30/08/2014;D;D;M;D;T;N
Domingo 31/08/2014;D;D;M;D;T;N
Lunes 01/09/2014;D;M;T;O;N;D
Martes 02/09/2014;D;M;T;O;N;D
Miércoles 03/09/2014;M;T;N;O;D;D
Jueves 04/09/2014;M;T;N;O;D;D
Viernes 05/09/2014;T;N;D;O;D;M
Sábado 06/09/2014;T;N;D;D;D;M
Domingo 07/09/2014;N;D;D;D;M;T
Lunes 08/09/2014;N;D;D;O;M;T
Martes 09/09/2014;D;D;M;O;T;N
Miércoles 10/09/2014;D;D;M;O;T;N
Jueves 11/09/2014;D;M;T;O;N;D
Viernes 12/09/2014;D;M;T;O;N;D
Sábado 13/09/2014;M;T;N;D;D;D
Domingo 14/09/2014;M;T;N;D;D;D
Lunes 15/09/2014;T;N;D;O;D;M
Martes 16/09/2014;T;N;D;O;D;M
Miércoles 17/09/2014;N;D;D;O;M;T
Jueves 18/09/2014;N;D;D;O;M;T
Viernes 19/09/2014;D;D;M;O;T;N
Sábado 20/09/2014;D;D;M;D;T;N
Domingo 21/09/2014;D;M;T;D;N;D
Lunes 22/09/2014;D;M;T;O;N;D
Martes 23/09/2014;M;T;N;O;D;D
Miércoles 24/09/2014;M;T;N;O;D;D
Jueves 25/09/2014;T;N;D;O;D;M
Viernes 26/09/2014;T;N;D;O;D;M
Sábado 27/09/2014;N;D;D;D;M;T
Domingo 28/09/2014;N;D;D;D;M;T
Lunes 29/09/2014;D;D;O;M;T;N
Martes 30/09/2014;D;D;O;M;T;N
Miércoles 01/10/2014;D;M;O;T;N;D
Jueves 02/10/2014;D;M;O;T;N;D
Viernes 03/10/2014;M;T;O;N;D;D
Sábado 04/10/2014;M;T;D;N;D;D
Domingo 05/10/2014;T;N;D;D;D;M
Lunes 06/10/2014;T;N;O;D;D;M
Martes 07/10/2014;N;D;O;D;M;T
Miércoles 08/10/2014;N;D;O;D;M;T
Jueves 09/10/2014;D;D;O;M;T;N
Viernes 10/10/2014;D;D;O;M;T;N
Sábado 11/10/2014;D;M;D;T;N;D
Domingo 12/10/2014;D;M;D;T;N;D
Lunes 13/10/2014;M;T;O;N;D;D
Martes 14/10/2014;M;T;O;N;D;D
Miércoles 15/10/2014;T;N;O;D;D;M
Jueves 16/10/2014;T;N;O;D;D;M
Viernes 17/10/2014;N;D;O;D;M;T
Sábado 18/10/2014;N;D;D;D;M;T
Domingo 19/10/2014;D;D;D;M;T;N
Lunes 20/10/2014;D;D;O;M;T;N
Martes 21/10/2014;D;M;O;T;N;D
Miércoles 22/10/2014;D;M;O;T;N;D
Jueves 23/10/2014;M;T;O;N;D;D
Viernes 24/10/2014;M;T;O;N;D;D
Sábado 25/10/2014;T;N;D;D;D;M
Domingo 26/10/2014;T;N;D;D;D;M
Lunes 27/10/2014;N;D;M;D;O;T
Martes 28/10/2014;N;D;M;D;O;T
Miércoles 29/10/2014;D;D;T;M;O;N
Jueves 30/10/2014;D;D;T;M;O;N
Viernes 31/10/2014;D;M;N;T;O;D
Sábado 01/11/2014;D;M;N;T;D;D
Domingo 02/11/2014;M;T;D;N;D;D
Lunes 03/11/2014;M;T;D;N;O;D
Martes 04/11/2014;T;N;D;D;O;M
Miércoles 05/11/2014;T;N;D;D;O;M
Jueves 06/11/2014;N;D;M;D;O;T
Viernes 07/11/2014;N;D;M;D;O;T
Sábado 08/11/2014;D;D;T;M;D;N
Domingo 09/11/2014;D;D;T;M;D;N
Lunes 10/11/2014;D;O;N;T;M;D
Martes 11/11/2014;D;O;N;T;M;D
Miércoles 12/11/2014;M;O;D;N;T;D
Jueves 13/11/2014;M;O;D;N;T;D
Viernes 14/11/2014;T;O;D;D;N;M
Sábado 15/11/2014;T;D;D;D;N;M
Domingo 16/11/2014;N;D;M;D;D;T
Lunes 17/11/2014;N;O;M;D;D;T
Martes 18/11/2014;D;O;T;M;D;N
Miércoles 19/11/2014;D;O;T;M;D;N
Jueves 20/11/2014;D;O;N;T;M;D
Viernes 21/11/2014;D;O;N;T;M;D
Sábado 22/11/2014;M;D;D;N;T;D
Domingo 23/11/2014;M;D;D;N;T;D
Lunes 24/11/2014;T;M;D;D;N;O
Martes 25/11/2014;T;M;D;D;N;O
Miércoles 26/11/2014;N;T;M;D;D;O
Jueves 27/11/2014;N;T;M;D;D;O
Viernes 28/11/2014;D;N;T;M;D;O
Sábado 29/11/2014;D;N;T;M;D;D
Domingo 30/11/2014;D;D;N;T;M;D
Lunes 01/12/2014;D;D;N;T;M;O
Martes 02/12/2014;M;D;D;N;T;O
Miércoles 03/12/2014;M;D;D;N;T;O
Jueves 04/12/2014;T;M;D;D;N;O
Viernes 05/12/2014;T;M;D;D;N;O
Sábado 06/12/2014;N;T;M;D;D;D
Domingo 07/12/2014;N;T;M;D;D;D
Lunes 08/12/2014;D;N;T;O;D;M
Martes 09/12/2014;D;N;T;O;D;M
Miércoles 10/12/2014;D;D;N;O;M;T
Jueves 11/12/2014;D;D;N;O;M;T
Viernes 12/12/2014;M;D;D;O;T;N
Sábado 13/12/2014;M;D;D;D;T;N
Domingo 14/12/2014;T;M;D;D;N;D
Lunes 15/12/2014;T;M;D;O;N;D
Martes 16/12/2014;N;T;M;O;D;D
Miércoles 17/12/2014;N;T;M;O;D;D
Jueves 18/12/2014;D;N;T;O;D;M
Viernes 19/12/2014;D;N;T;O;D;M
Sábado 20/12/2014;D;D;N;D;M;T
Domingo 21/12/2014;D;D;N;D;M;T
Lunes 22/12/2014;O;D;D;M;T;N
Martes 23/12/2014;O;D;D;M;T;N
Miércoles 24/12/2014;O;M;D;T;N;D
Jueves 25/12/2014;O;M;D;T;N;D
Viernes 26/12/2014;O;T;M;N;D;D
Sábado 27/12/2014;D;T;M;N;D;D
Domingo 28/12/2014;D;N;T;D;D;M
Lunes 29/12/2014;O;N;T;D;D;M
Martes 30/12/2014;O;D;N;D;M;T
Miércoles 31/12/2014;O;D;N;D;M;T
Jueves 01/01/2015;O;D;D;M;T;N
Viernes 02/01/2015;O;D;D;M;T;N
Sábado 03/01/2015;D;M;D;T;N;D
Domingo 04/01/2015;D;M;D;T;N;D
Lunes 05/01/2015;M;T;O;N;D;D
Martes 06/01/2015;M;T;O;N;D;D
Miércoles 07/01/2015;T;N;O;D;D;M
Jueves 08/01/2015;T;N;O;D;D;M
Viernes 09/01/2015;N;D;O;D;M;T
Sábado 10/01/2015;N;D;D;D;M;T
Domingo 11/01/2015;D;D;D;M;T;N
Lunes 12/01/2015;D;D;O;M;T;N
Martes 13/01/2015;D;M;O;T;N;D
Miércoles 14/01/2015;D;M;O;T;N;D
Jueves 15/01/2015;M;T;O;N;D;D
Viernes 16/01/2015;M;T;O;N;D;D
Sábado 17/01/2015;T;N;D;D;D;M
Domingo 18/01/2015;T;N;D;D;D;M
Lunes 19/01/2015;N;D;M;D;O;T
Martes 20/01/2015;N;D;M;D;O;T
Miércoles 21/01/2015;D;D;T;M;O;N
Jueves 22/01/2015;D;D;T;M;O;N
Viernes 23/01/2015;D;M;N;T;O;D
Sábado 24/01/2015;D;M;N;T;D;D
Domingo 25/01/2015;M;T;D;N;D;D
Lunes 26/01/2015;M;T;D;N;O;D
Martes 27/01/2015;T;N;D;D;O;M
Miércoles 28/01/2015;T;N;D;D;O;M
Jueves 29/01/2015;N;D;M;D;O;T
Viernes 30/01/2015;N;D;M;D;O;T
Sábado 31/01/2015;D;D;T;M;D;N
Domingo 01/02/2015;D;D;T;M;D;N
Lunes 02/02/2015;D;O;N;T;M;D
Martes 03/02/2015;D;O;N;T;M;D
Miércoles 04/02/2015;M;O;D;N;T;D
Jueves 05/02/2015;M;O;D;N;T;D
Viernes 06/02/2015;T;O;D;D;N;M
Sábado 07/02/2015;T;D;D;D;N;M
Domingo 08/02/2015;N;D;M;D;D;T
Lunes 09/02/2015;N;O;M;D;D;T
Martes 10/02/2015;D;O;T;M;D;N
Miércoles 11/02/2015;D;O;T;M;D;N
Jueves 12/02/2015;D;O;N;T;M;D
Viernes 13/02/2015;D;O;N;T;M;D
Sábado 14/02/2015;M;D;D;N;T;D
Domingo 15/02/2015;M;D;D;N;T;D
Lunes 16/02/2015;T;M;D;D;N;O
Martes 17/02/2015;T;M;D;D;N;O
Miércoles 18/02/2015;N;T;M;D;D;O
Jueves 19/02/2015;N;T;M;D;D;O
Viernes 20/02/2015;D;N;T;M;D;O
Sábado 21/02/2015;D;N;T;M;D;D
Domingo 22/02/2015;D;D;N;T;M;D
Lunes 23/02/2015;D;D;N;T;M;O
Martes 24/02/2015;M;D;D;N;T;O
Miércoles 25/02/2015;M;D;D;N;T;O
Jueves 26/02/2015;T;M;D;D;N;O
Viernes 27/02/2015;T;M;D;D;N;O
Sábado 28/02/2015;N;T;M;D;D;D
Domingo 01/03/2015;N;T;M;D;D;D
Lunes 02/03/2015;D;N;T;O;D;M
Martes 03/03/2015;D;N;T;O;D;M
Miércoles 04/03/2015;D;D;N;O;M;T
Jueves 05/03/2015;D;D;N;O;M;T
Viernes 06/03/2015;M;D;D;O;T;N
Sábado 07/03/2015;M;D;D;D;T;N
Domingo 08/03/2015;T;M;D;D;N;D
Lunes 09/03/2015;T;M;D;O;N;D
Martes 10/03/2015;N;T;M;O;D;D
Miércoles 11/03/2015;N;T;M;O;D;D
Jueves 12/03/2015;D;N;T;O;D;M
Viernes 13/03/2015;D;N;T;O;D;M
Sábado 14/03/2015;D;D;N;D;M;T
Domingo 15/03/2015;D;D;N;D;M;T
Lunes 16/03/2015;O;D;D;M;T;N
Martes 17/03/2015;O;D;D;M;T;N
Miércoles 18/03/2015;O;M;D;T;N;D
Jueves 19/03/2015;O;M;D;T;N;D
Viernes 20/03/2015;O;T;M;N;D;D
Sábado 21/03/2015;D;T;M;N;D;D
Domingo 22/03/2015;D;N;T;D;D;M
Lunes 23/03/2015;O;N;T;D;D;M
Martes 24/03/2015;O;D;N;D;M;T
Miércoles 25/03/2015;O;D;N;D;M;T
Jueves 26/03/2015;O;D;D;M;T;N
Viernes 27/03/2015;O;D;D;M;T;N
Sábado 28/03/2015;D;M;D;T;N;D
Domingo 29/03/2015;D;M;D;T;N;D
Lunes 30/03/2015;M;T;O;N;D;D
Martes 31/03/2015;M;T;O;N;D;D
Miércoles 01/04/2015;T;N;O;D;D;M
Jueves 02/04/2015;T;N;O;D;D;M
Viernes 03/04/2015;N;D;O;D;M;T
Sábado 04/04/2015;N;D;D;D;M;T
Domingo 05/04/2015;D;D;D;M;T;N
Lunes 06/04/2015;D;D;O;M;T;N
Martes 07/04/2015;D;M;O;T;N;D
Miércoles 08/04/2015;D;M;O;T;N;D
Jueves 09/04/2015;M;T;O;N;D;D
Viernes 10/04/2015;M;T;O;N;D;D
Sábado 11/04/2015;T;N;D;D;D;M
Domingo 12/04/2015;T;N;D;D;D;M
Lunes 13/04/2015;N;D;M;D;O;T
Martes 14/04/2015;N;D;M;D;O;T
Miércoles 15/04/2015;D;D;T;M;O;N
Jueves 16/04/2015;D;D;T;M;O;N
Viernes 17/04/2015;D;M;N;T;O;D
Sábado 18/04/2015;D;M;N;T;D;D
Domingo 19/04/2015;M;T;D;N;D;D
Lunes 20/04/2015;M;T;D;N;O;D
Martes 21/04/2015;T;N;D;D;O;M
Miércoles 22/04/2015;T;N;D;D;O;M
Jueves 23/04/2015;N;D;M;D;O;T
Viernes 24/04/2015;N;D;M;D;O;T
Sábado 25/04/2015;D;D;T;M;D;N
Domingo 26/04/2015;D;D;T;M;D;N
Lunes 27/04/2015;D;O;N;T;M;D
Martes 28/04/2015;D;O;N;T;M;D
Miércoles 29/04/2015;M;O;D;N;T;D
Jueves 30/04/2015;M;O;D;N;T;D
Viernes 01/05/2015;T;O;D;D;N;M
Sábado 02/05/2015;T;D;D;D;N;M
Domingo 03/05/2015;N;D;M;D;D;T
Lunes 04/05/2015;N;O;M;D;D;T
Martes 05/05/2015;D;O;T;M;D;N
Miércoles 06/05/2015;D;O;T;M;D;N
Jueves 07/05/2015;D;O;N;T;M;D
Viernes 08/05/2015;D;O;N;T;M;D
Sábado 09/05/2015;M;D;D;N;T;D
Domingo 10/05/2015;M;D;D;N;T;D
Lunes 11/05/2015;T;M;D;D;N;O
Martes 12/05/2015;T;M;D;D;N;O
Miércoles 13/05/2015;N;T;M;D;D;O
Jueves 14/05/2015;N;T;M;D;D;O
Viernes 15/05/2015;D;N;T;M;D;O
Sábado 16/05/2015;D;N;T;M;D;D
Domingo 17/05/2015;D;D;N;T;M;D
Lunes 18/05/2015;D;D;N;T;M;O
Martes 19/05/2015;M;D;D;N;T;O
Miércoles 20/05/2015;M;D;D;N;T;O
Jueves 21/05/2015;T;M;D;D;N;O
Viernes 22/05/2015;T;M;D;D;N;O
Sábado 23/05/2015;N;T;M;D;D;D
Domingo 24/05/2015;N;T;M;D;D;D
Lunes 25/05/2015;D;N;T;M;D;O
Martes 26/05/2015;D;N;T;M;D;O
Miércoles 27/05/2015;D;D;N;T;M;O
Jueves 28/05/2015;D;D;N;T;M;O
Viernes 29/05/2015;M;D;D;N;T;O
Sábado 30/05/2015;M;D;D;N;T;D
Domingo 31/05/2015;T;M;D;D;N;D
Lunes 01/06/2015;T;M;D;D;N;O
Martes 02/06/2015;N;T;M;D;D;O
Miércoles 03/06/2015;N;T;M;D;D;O
Jueves 04/06/2015;D;N;T;M;D;O
Viernes 05/06/2015;D;N;T;M;D;O
Sábado 06/06/2015;D;D;N;T;M;D
Domingo 07/06/2015;D;D;N;T;M;D
Lunes 08/06/2015;O;D;D;N;T;M
Martes 09/06/2015;O;D;D;N;T;M
Miércoles 10/06/2015;O;M;D;D;N;T
Jueves 11/06/2015;O;M;D;D;N;T
Viernes 12/06/2015;O;T;M;D;D;N
Sábado 13/06/2015;D;T;M;D;D;N
Domingo 14/06/2015;D;N;T;M;D;D
Lunes 15/06/2015;O;N;T;M;D;D
Martes 16/06/2015;O;D;N;T;M;D
Miércoles 17/06/2015;O;D;N;T;M;D
Jueves 18/06/2015;O;D;D;N;T;M
Viernes 19/06/2015;O;D;D;N;T;M
Sábado 20/06/2015;D;M;D;D;N;T
Domingo 21/06/2015;D;M;D;D;N;T
Lunes 22/06/2015;O;T;M;D;D;N
Martes 23/06/2015;O;T;M;D;D;N
Miércoles 24/06/2015;O;N;T;M;D;D
Jueves 25/06/2015;O;N;T;M;D;D
Viernes 26/06/2015;O;D;N;T;M;D
Sábado 27/06/2015;D;D;N;T;M;D
Domingo 28/06/2015;D;D;D;N;T;M
Lunes 29/06/2015;O;D;D;N;T;M
Martes 30/06/2015;O;M;D;D;N;T
Miércoles 01/07/2015;O;M;D;D;N;T
Jueves 02/07/2015;O;T;M;D;D;N
Viernes 03/07/2015;O;T;M;D;D;N
Sábado 04/07/2015;D;N;T;M;D;D
Domingo 05/07/2015;D;N;T;M;D;D
Lunes 06/07/2015;M;D;N;T;O;D
Martes 07/07/2015;M;D;N;T;O;D
Miércoles 08/07/2015;T;D;D;N;O;M
Jueves 09/07/2015;T;D;D;N;O;M
Viernes 10/07/2015;N;M;D;D;O;T
Sábado 11/07/2015;N;M;D;D;D;T
Domingo 12/07/2015;D;T;M;D;D;N
Lunes 13/07/2015;D;T;M;D;O;N
Martes 14/07/2015;D;N;T;M;O;D
Miércoles 15/07/2015;D;N;T;M;O;D
Jueves 16/07/2015;M;D;N;T;O;D
Viernes 17/07/2015;M;D;N;T;O;D
Sábado 18/07/2015;T;D;D;N;D;M
Domingo 19/07/2015;T;D;D;N;D;M
Lunes 20/07/2015;N;M;D;D;O;T
Martes 21/07/2015;N;M;D;D;O;T
Miércoles 22/07/2015;D;T;M;D;O;N
Jueves 23/07/2015;D;T;M;D;O;N
Viernes 24/07/2015;D;N;T;M;O;D
Sábado 25/07/2015;D;N;T;M;D;D
Domingo 26/07/2015;M;D;N;T;D;D
Lunes 27/07/2015;M;D;N;T;O;D
Martes 28/07/2015;T;D;D;N;O;M
Miércoles 29/07/2015;T;D;D;N;O;M
Jueves 30/07/2015;N;M;D;D;O;T
Viernes 31/07/2015;N;M;D;D;O;T
Sábado 01/08/2015;D;T;M;D;D;N
Domingo 02/08/2015;D;T;M;D;D;N
Lunes 03/08/2015;D;N;T;O;M;D
Martes 04/08/2015;D;N;T;O;M;D
Miércoles 05/08/2015;M;D;N;O;T;D
Jueves 06/08/2015;M;D;N;O;T;D
Viernes 07/08/2015;T;D;D;O;N;M
Sábado 08/08/2015;T;D;D;D;N;M
Domingo 09/08/2015;N;M;D;D;D;T
Lunes 10/08/2015;N;M;D;O;D;T
Martes 11/08/2015;D;T;M;O;D;N
Miércoles 12/08/2015;D;T;M;O;D;N
Jueves 13/08/2015;D;N;T;O;M;D
Viernes 14/08/2015;D;N;T;O;M;D
Sábado 15/08/2015;M;D;N;D;T;D
Domingo 16/08/2015;M;D;N;D;T;D
Lunes 17/08/2015;T;D;D;O;N;M
Martes 18/08/2015;T;D;D;O;N;M
Miércoles 19/08/2015;N;M;D;O;D;T
Jueves 20/08/2015;N;M;D;O;D;T
Viernes 21/08/2015;D;T;M;O;D;N
Sábado 22/08/2015;D;T;M;D;D;N
Domingo 23/08/2015;D;N;T;D;M;D
Lunes 24/08/2015;D;N;T;O;M;D
Martes 25/08/2015;M;D;N;O;T;D
Miércoles 26/08/2015;M;D;N;O;T;D
Jueves 27/08/2015;T;D;D;O;N;M
Viernes 28/08/2015;T;D;D;O;N;M
Sábado 29/08/2015;N;M;D;D;D;T
Domingo 30/08/2015;N;M;D;D;D;T
Lunes 31/08/2015;D;T;O;M;D;N
Martes 01/09/2015;D;T;O;M;D;N
Miércoles 02/09/2015;D;N;O;T;M;D
Jueves 03/09/2015;D;N;O;T;M;D
Viernes 04/09/2015;M;D;O;N;T;D
Sábado 05/09/2015;M;D;D;N;T;D
Domingo 06/09/2015;T;D;D;D;N;M
Lunes 07/09/2015;T;D;O;D;N;M
Martes 08/09/2015;N;M;O;D;D;T
Miércoles 09/09/2015;N;M;O;D;D;T
Jueves 10/09/2015;D;T;O;M;D;N
Viernes 11/09/2015;D;T;O;M;D;N
Sábado 12/09/2015;D;N;D;T;M;D
Domingo 13/09/2015;D;N;D;T;M;D
Lunes 14/09/2015;M;D;O;N;T;D
Martes 15/09/2015;M;D;O;N;T;D
Miércoles 16/09/2015;T;D;O;D;N;M
Jueves 17/09/2015;T;D;O;D;N;M
Viernes 18/09/2015;N;M;O;D;D;T
Sábado 19/09/2015;N;M;D;D;D;T
Domingo 20/09/2015;D;T;D;M;D;N
Lunes 21/09/2015;D;T;O;M;D;N
Martes 22/09/2015;D;N;O;T;M;D
Miércoles 23/09/2015;D;N;O;T;M;D
Jueves 24/09/2015;M;D;O;N;T;D
Viernes 25/09/2015;M;D;O;N;T;D
Sábado 26/09/2015;T;D;D;D;N;M
Domingo 27/09/2015;T;D;D;D;N;M
Lunes 28/09/2015;N;O;M;D;D;T
Martes 29/09/2015;N;O;M;D;D;T
Miércoles 30/09/2015;D;O;T;M;D;N
Jueves 01/10/2015;D;O;T;M;D;N
Viernes 02/10/2015;D;O;N;T;M;D
Sábado 03/10/2015;D;D;N;T;M;D
Domingo 04/10/2015;M;D;D;N;T;D
Lunes 05/10/2015;M;O;D;N;T;D
Martes 06/10/2015;T;O;D;D;N;M
Miércoles 07/10/2015;T;O;D;D;N;M
Jueves 08/10/2015;N;O;M;D;D;T
Viernes 09/10/2015;N;O;M;D;D;T
Sábado 10/10/2015;D;D;T;M;D;N
Domingo 11/10/2015;D;D;T;M;D;N
Lunes 12/10/2015;D;O;N;T;M;D
Martes 13/10/2015;D;O;N;T;M;D
Miércoles 14/10/2015;M;O;D;N;T;D
Jueves 15/10/2015;M;O;D;N;T;D
Viernes 16/10/2015;T;O;D;D;N;M
Sábado 17/10/2015;T;D;D;D;N;M
Domingo 18/10/2015;N;D;M;D;D;T
Lunes 19/10/2015;N;O;M;D;D;T
Martes 20/10/2015;D;O;T;M;D;N
Miércoles 21/10/2015;D;O;T;M;D;N
Jueves 22/10/2015;D;O;N;T;M;D
Viernes 23/10/2015;D;O;N;T;M;D
Sábado 24/10/2015;M;D;D;N;T;D
Domingo 25/10/2015;M;D;D;N;T;D
Lunes 26/10/2015;T;M;D;D;N;O
Martes 27/10/2015;T;M;D;D;N;O
Miércoles 28/10/2015;N;T;M;D;D;O
Jueves 29/10/2015;N;T;M;D;D;O
Viernes 30/10/2015;D;N;T;M;D;O
Sábado 31/10/2015;D;N;T;M;D;D
Domingo 01/11/2015;D;D;N;T;M;D
Lunes 02/11/2015;D;D;N;T;M;O
Martes 03/11/2015;M;D;D;N;T;O
Miércoles 04/11/2015;M;D;D;N;T;O
Jueves 05/11/2015;T;M;D;D;N;O
Viernes 06/11/2015;T;M;D;D;N;O
Sábado 07/11/2015;N;T;M;D;D;D
Domingo 08/11/2015;N;T;M;D;D;D
Lunes 09/11/2015;D;N;T;O;D;M
Martes 10/11/2015;D;N;T;O;D;M
Miércoles 11/11/2015;D;D;N;O;M;T
Jueves 12/11/2015;D;D;N;O;M;T
Viernes 13/11/2015;M;D;D;O;T;N
Sábado 14/11/2015;M;D;D;D;T;N
Domingo 15/11/2015;T;M;D;D;N;D
Lunes 16/11/2015;T;M;D;O;N;D
Martes 17/11/2015;N;T;M;O;D;D
Miércoles 18/11/2015;N;T;M;O;D;D
Jueves 19/11/2015;D;N;T;O;D;M
Viernes 20/11/2015;D;N;T;O;D;M
Sábado 21/11/2015;D;D;N;D;M;T
Domingo 22/11/2015;D;D;N;D;M;T
Lunes 23/11/2015;O;D;D;M;T;N
Martes 24/11/2015;O;D;D;M;T;N
Miércoles 25/11/2015;O;M;D;T;N;D
Jueves 26/11/2015;O;M;D;T;N;D
Viernes 27/11/2015;O;T;M;N;D;D
Sábado 28/11/2015;D;T;M;N;D;D
Domingo 29/11/2015;D;N;T;D;D;M
Lunes 30/11/2015;O;N;T;D;D;M
Martes 01/12/2015;O;D;N;D;M;T
Miércoles 02/12/2015;O;D;N;D;M;T
Jueves 03/12/2015;O;D;D;M;T;N
Viernes 04/12/2015;O;D;D;M;T;N
Sábado 05/12/2015;D;M;D;T;N;D
Domingo 06/12/2015;D;M;D;T;N;D
Lunes 07/12/2015;M;T;O;N;D;D
Martes 08/12/2015;M;T;O;N;D;D
Miércoles 09/12/2015;T;N;O;D;D;M
Jueves 10/12/2015;T;N;O;D;D;M
Viernes 11/12/2015;N;D;O;D;M;T
Sábado 12/12/2015;N;D;D;D;M;T
Domingo 13/12/2015;D;D;D;M;T;N
Lunes 14/12/2015;D;D;O;M;T;N
Martes 15/12/2015;D;M;O;T;N;D
Miércoles 16/12/2015;D;M;O;T;N;D
Jueves 17/12/2015;M;T;O;N;D;D
Viernes 18/12/2015;M;T;O;N;D;D
Sábado 19/12/2015;T;N;D;D;D;M
Domingo 20/12/2015;T;N;D;D;D;M
Lunes 21/12/2015;N;D;M;D;O;T
Martes 22/12/2015;N;D;M;D;O;T
Miércoles 23/12/2015;D;D;T;M;O;N
Jueves 24/12/2015;D;D;T;M;O;N
Viernes 25/12/2015;D;M;N;T;O;D
Sábado 26/12/2015;D;M;N;T;D;D
Domingo 27/12/2015;M;T;D;N;D;D
Lunes 28/12/2015;M;T;D;N;O;D
Martes 29/12/2015;T;N;D;D;O;M
Miércoles 30/12/2015;T;N;D;D;O;M
Jueves 31/12/2015;N;D;M;D;O;T
Viernes 01/01/2016;N;D;M;D;O;T
Sábado 02/01/2016;D;D;T;M;D;N
Domingo 03/01/2016;D;D;T;M;D;N
Lunes 04/01/2016;D;O;N;T;M;D
Martes 05/01/2016;D;O;N;T;M;D
Miércoles 06/01/2016;M;O;D;N;T;D
Jueves 07/01/2016;M;O;D;N;T;D
Viernes 08/01/2016;T;O;D;D;N;M
Sábado 09/01/2016;T;D;D;D;N;M
Domingo 10/01/2016;N;D;M;D;D;T
Lunes 11/01/2016;N;O;M;D;D;T
Martes 12/01/2016;D;O;T;M;D;N
Miércoles 13/01/2016;D;O;T;M;D;N
Jueves 14/01/2016;D;O;N;T;M;D
Viernes 15/01/2016;D;O;N;T;M;D
Sábado 16/01/2016;M;D;D;N;T;D
Domingo 17/01/2016;M;D;D;N;T;D
Lunes 18/01/2016;T;M;D;D;N;O
Martes 19/01/2016;T;M;D;D;N;O
Miércoles 20/01/2016;N;T;M;D;D;O
Jueves 21/01/2016;N;T;M;D;D;O
Viernes 22/01/2016;D;N;T;M;D;O
Sábado 23/01/2016;D;N;T;M;D;D
Domingo 24/01/2016;D;D;N;T;M;D
Lunes 25/01/2016;D;D;N;T;M;O
Martes 26/01/2016;M;D;D;N;T;O
Miércoles 27/01/2016;M;D;D;N;T;O
Jueves 28/01/2016;T;M;D;D;N;O
Viernes 29/01/2016;T;M;D;D;N;O
Sábado 30/01/2016;N;T;M;D;D;D
Domingo 31/01/2016;N;T;M;D;D;D
Lunes 01/02/2016;D;N;T;O;D;M
Martes 02/02/2016;D;N;T;O;D;M
Miércoles 03/02/2016;D;D;N;O;M;T
Jueves 04/02/2016;D;D;N;O;M;T
Viernes 05/02/2016;M;D;D;O;T;N
Sábado 06/02/2016;M;D;D;D;T;N
Domingo 07/02/2016;T;M;D;D;N;D
Lunes 08/02/2016;T;M;D;O;N;D
Martes 09/02/2016;N;T;M;O;D;D
Miércoles 10/02/2016;N;T;M;O;D;D
Jueves 11/02/2016;D;N;T;O;D;M
Viernes 12/02/2016;D;N;T;O;D;M
Sábado 13/02/2016;D;D;N;D;M;T
Domingo 14/02/2016;D;D;N;D;M;T
Lunes 15/02/2016;O;D;D;M;T;N
Martes 16/02/2016;O;D;D;M;T;N
Miércoles 17/02/2016;O;M;D;T;N;D
Jueves 18/02/2016;O;M;D;T;N;D
Viernes 19/02/2016;O;T;M;N;D;D
Sábado 20/02/2016;D;T;M;N;D;D
Domingo 21/02/2016;D;N;T;D;D;M
Lunes 22/02/2016;O;N;T;D;D;M
Martes 23/02/2016;O;D;N;D;M;T
Miércoles 24/02/2016;O;D;N;D;M;T
Jueves 25/02/2016;O;D;D;M;T;N
Viernes 26/02/2016;O;D;D;M;T;N
Sábado 27/02/2016;D;M;D;T;N;D
Domingo 28/02/2016;D;M;D;T;N;D
Lunes 29/02/2016;M;T;O;N;D;D
Martes 01/03/2016;M;T;O;N;D;D
Miércoles 02/03/2016;T;N;O;D;D;M
Jueves 03/03/2016;T;N;O;D;D;M
Viernes 04/03/2016;N;D;O;D;M;T
Sábado 05/03/2016;N;D;D;D;M;T
Domingo 06/03/2016;D;D;D;M;T;N
Lunes 07/03/2016;D;D;O;M;T;N
Martes 08/03/2016;D;M;O;T;N;D
Miércoles 09/03/2016;D;M;O;T;N;D
Jueves 10/03/2016;M;T;O;N;D;D
Viernes 11/03/2016;M;T;O;N;D;D
Sábado 12/03/2016;T;N;D;D;D;M
Domingo 13/03/2016;T;N;D;D;D;M
Lunes 14/03/2016;N;D;M;D;O;T
Martes 15/03/2016;N;D;M;D;O;T
Miércoles 16/03/2016;D;D;T;M;O;N
Jueves 17/03/2016;D;D;T;M;O;N
Viernes 18/03/2016;D;M;N;T;O;D
Sábado 19/03/2016;D;M;N;T;D;D
Domingo 20/03/2016;M;T;D;N;D;D
Lunes 21/03/2016;M;T;D;N;O;D
Martes 22/03/2016;T;N;D;D;O;M
Miércoles 23/03/2016;T;N;D;D;O;M
Jueves 24/03/2016;N;D;M;D;O;T
Viernes 25/03/2016;N;D;M;D;O;T
Sábado 26/03/2016;D;D;T;M;D;N
Domingo 27/03/2016;D;D;T;M;D;N
Lunes 28/03/2016;D;O;N;T;M;D
Martes 29/03/2016;D;O;N;T;M;D
Miércoles 30/03/2016;M;O;D;N;T;D
Jueves 31/03/2016;M;O;D;N;T;D
Viernes 01/04/2016;T;O;D;D;N;M
Sábado 02/04/2016;T;D;D;D;N;M
Domingo 03/04/2016;N;D;M;D;D;T
Lunes 04/04/2016;N;O;M;D;D;T
Martes 05/04/2016;D;O;T;M;D;N
Miércoles 06/04/2016;D;O;T;M;D;N
Jueves 07/04/2016;D;O;N;T;M;D
Viernes 08/04/2016;D;O;N;T;M;D
Sábado 09/04/2016;M;D;D;N;T;D
Domingo 10/04/2016;M;D;D;N;T;D
Lunes 11/04/2016;T;M;D;D;N;O
Martes 12/04/2016;T;M;D;D;N;O
Miércoles 13/04/2016;N;T;M;D;D;O
Jueves 14/04/2016;N;T;M;D;D;O
Viernes 15/04/2016;D;N;T;M;D;O
Sábado 16/04/2016;D;N;T;M;D;D
Domingo 17/04/2016;D;D;N;T;M;D
Lunes 18/04/2016;D;D;N;T;M;O
Martes 19/04/2016;M;D;D;N;T;O
Miércoles 20/04/2016;M;D;D;N;T;O
Jueves 21/04/2016;T;M;D;D;N;O
Viernes 22/04/2016;T;M;D;D;N;O
Sábado 23/04/2016;N;T;M;D;D;D
Domingo 24/04/2016;N;T;M;D;D;D
Lunes 25/04/2016;D;N;T;O;D;M
Martes 26/04/2016;D;N;T;O;D;M
Miércoles 27/04/2016;D;D;N;O;M;T
Jueves 28/04/2016;D;D;N;O;M;T
Viernes 29/04/2016;M;D;D;O;T;N
Sábado 30/04/2016;M;D;D;D;T;N
Domingo 01/05/2016;T;M;D;D;N;D
Lunes 02/05/2016;T;M;D;O;N;D
Martes 03/05/2016;N;T;M;O;D;D
Miércoles 04/05/2016;N;T;M;O;D;D
Jueves 05/05/2016;D;N;T;O;D;M
Viernes 06/05/2016;D;N;T;O;D;M
Sábado 07/05/2016;D;D;N;D;M;T
Domingo 08/05/2016;D;D;N;D;M;T
Lunes 09/05/2016;O;D;D;M;T;N
Martes 10/05/2016;O;D;D;M;T;N
Miércoles 11/05/2016;O;M;D;T;N;D
Jueves 12/05/2016;O;M;D;T;N;D
Viernes 13/05/2016;O;T;M;N;D;D
Sábado 14/05/2016;D;T;M;N;D;D
Domingo 15/05/2016;D;N;T;D;D;M
Lunes 16/05/2016;O;N;T;D;D;M
Martes 17/05/2016;O;D;N;D;M;T
Miércoles 18/05/2016;O;D;N;D;M;T
Jueves 19/05/2016;O;D;D;M;T;N
Viernes 20/05/2016;O;D;D;M;T;N
Sábado 21/05/2016;D;M;D;T;N;D
Domingo 22/05/2016;D;M;D;T;N;D
Lunes 23/05/2016;O;T;M;N;D;D
Martes 24/05/2016;O;T;M;N;D;D
Miércoles 25/05/2016;O;N;T;D;D;M
Jueves 26/05/2016;O;N;T;D;D;M
Viernes 27/05/2016;O;D;N;D;M;T
Sábado 28/05/2016;D;D;N;D;M;T
Domingo 29/05/2016;D;D;D;M;T;N
Lunes 30/05/2016;O;D;D;M;T;N
Martes 31/05/2016;O;M;D;T;N;D
Miércoles 01/06/2016;O;M;D;T;N;D
Jueves 02/06/2016;O;T;M;N;D;D
Viernes 03/06/2016;O;T;M;N;D;D
Sábado 04/06/2016;D;N;T;D;D;M
Domingo 05/06/2016;D;N;T;D;D;M
Lunes 06/06/2016;M;D;N;D;O;T
Martes 07/06/2016;M;D;N;D;O;T
Miércoles 08/06/2016;T;D;D;M;O;N
Jueves 09/06/2016;T;D;D;M;O;N
Viernes 10/06/2016;N;M;D;T;O;D
Sábado 11/06/2016;N;M;D;T;D;D
Domingo 12/06/2016;D;T;M;N;D;D
Lunes 13/06/2016;D;T;M;N;O;D
Martes 14/06/2016;D;N;T;D;O;M
Miércoles 15/06/2016;D;N;T;D;O;M
Jueves 16/06/2016;M;D;N;D;O;T
Viernes 17/06/2016;M;D;N;D;O;T
Sábado 18/06/2016;T;D;D;M;D;N
Domingo 19/06/2016;T;D;D;M;D;N
Lunes 20/06/2016;N;M;D;T;O;D
Martes 21/06/2016;N;M;D;T;O;D
Miércoles 22/06/2016;D;T;M;N;O;D
Jueves 23/06/2016;D;T;M;N;O;D
Viernes 24/06/2016;D;N;T;D;O;M
Sábado 25/06/2016;D;N;T;D;D;M
Domingo 26/06/2016;M;D;N;D;D;T
Lunes 27/06/2016;M;D;N;D;O;T
Martes 28/06/2016;T;D;D;M;O;N
Miércoles 29/06/2016;T;D;D;M;O;N
Jueves 30/06/2016;N;M;D;T;O;D
Viernes 01/07/2016;N;M;D;T;O;D
Sábado 02/07/2016;D;T;M;N;D;D
Domingo 03/07/2016;D;T;M;N;D;D
Lunes 04/07/2016;D;N;T;D;M;O
Martes 05/07/2016;D;N;T;D;M;O
Miércoles 06/07/2016;M;D;N;D;T;O
Jueves 07/07/2016;M;D;N;D;T;O
Viernes 08/07/2016;T;D;D;M;N;O
Sábado 09/07/2016;T;D;D;M;N;D
Domingo 10/07/2016;N;M;D;T;D;D
Lunes 11/07/2016;N;M;D;T;D;O
Martes 12/07/2016;D;T;M;N;D;O
Miércoles 13/07/2016;D;T;M;N;D;O
Jueves 14/07/2016;D;N;T;D;M;O
Viernes 15/07/2016;D;N;T;D;M;O
Sábado 16/07/2016;M;D;N;D;T;D
Domingo 17/07/2016;M;D;N;D;T;D
Lunes 18/07/2016;T;D;D;M;N;O
Martes 19/07/2016;T;D;D;M;N;O
Miércoles 20/07/2016;N;M;D;T;D;O
Jueves 21/07/2016;N;M;D;T;D;O
Viernes 22/07/2016;D;T;M;N;D;O
Sábado 23/07/2016;D;T;M;N;D;D
Domingo 24/07/2016;D;N;T;D;M;D
Lunes 25/07/2016;D;N;T;D;M;O
Martes 26/07/2016;M;D;N;D;T;O
Miércoles 27/07/2016;M;D;N;D;T;O
Jueves 28/07/2016;T;D;D;M;N;O
Viernes 29/07/2016;T;D;D;M;N;O
Sábado 30/07/2016;N;M;D;T;D;D
Domingo 31/07/2016;N;M;D;T;D;D
Lunes 01/08/2016;D;T;O;N;D;M
Martes 02/08/2016;D;T;O;N;D;M
Miércoles 03/08/2016;D;N;O;D;M;T
Jueves 04/08/2016;D;N;O;D;M;T
Viernes 05/08/2016;M;D;O;D;T;N
Sábado 06/08/2016;M;D;D;D;T;N
Domingo 07/08/2016;T;D;D;M;N;D
Lunes 08/08/2016;T;D;O;M;N;D
Martes 09/08/2016;N;M;O;T;D;D
Miércoles 10/08/2016;N;M;O;T;D;D
Jueves 11/08/2016;D;T;O;N;D;M
Viernes 12/08/2016;D;T;O;N;D;M
Sábado 13/08/2016;D;N;D;D;M;T
Domingo 14/08/2016;D;N;D;D;M;T
Lunes 15/08/2016;M;D;O;D;T;N
Martes 16/08/2016;M;D;O;D;T;N
Miércoles 17/08/2016;T;D;O;M;N;D
Jueves 18/08/2016;T;D;O;M;N;D
Viernes 19/08/2016;N;M;O;T;D;D
Sábado 20/08/2016;N;M;D;T;D;D
Domingo 21/08/2016;D;T;D;N;D;M
Lunes 22/08/2016;D;T;O;N;D;M
Martes 23/08/2016;D;N;O;D;M;T
Miércoles 24/08/2016;D;N;O;D;M;T
Jueves 25/08/2016;M;D;O;D;T;N
Viernes 26/08/2016;M;D;O;D;T;N
Sábado 27/08/2016;T;D;D;M;N;D
Domingo 28/08/2016;T;D;D;M;N;D
Lunes 29/08/2016;N;O;M;T;D;D
Martes 30/08/2016;N;O;M;T;D;D
Miércoles 31/08/2016;D;O;T;N;D;M
Jueves 01/09/2016;D;O;T;N;D;M
Viernes 02/09/2016;D;O;N;D;M;T
Sábado 03/09/2016;D;D;N;D;M;T
Domingo 04/09/2016;M;D;D;D;T;N
Lunes 05/09/2016;M;O;D;D;T;N
Martes 06/09/2016;T;O;D;M;N;D
Miércoles 07/09/2016;T;O;D;M;N;D
Jueves 08/09/2016;N;O;M;T;D;D
Viernes 09/09/2016;N;O;M;T;D;D
Sábado 10/09/2016;D;D;T;N;D;M
Domingo 11/09/2016;D;D;T;N;D;M
Lunes 12/09/2016;D;O;N;D;M;T
Martes 13/09/2016;D;O;N;D;M;T
Miércoles 14/09/2016;M;O;D;D;T;N
Jueves 15/09/2016;M;O;D;D;T;N
Viernes 16/09/2016;T;O;D;M;N;D
Sábado 17/09/2016;T;D;D;M;N;D
Domingo 18/09/2016;N;D;M;T;D;D
Lunes 19/09/2016;N;O;M;T;D;D
Martes 20/09/2016;D;O;T;N;D;M
Miércoles 21/09/2016;D;O;T;N;D;M
Jueves 22/09/2016;D;O;N;D;M;T
Viernes 23/09/2016;D;O;N;D;M;T
Sábado 24/09/2016;M;D;D;D;T;N
Domingo 25/09/2016;M;D;D;D;T;N
Lunes 26/09/2016;T;M;D;O;N;D
Martes 27/09/2016;T;M;D;O;N;D
Miércoles 28/09/2016;N;T;M;O;D;D
Jueves 29/09/2016;N;T;M;O;D;D
Viernes 30/09/2016;D;N;T;O;D;M
Sábado 01/10/2016;D;N;T;D;D;M
Domingo 02/10/2016;D;D;N;D;M;T
Lunes 03/10/2016;D;D;N;O;M;T
Martes 04/10/2016;M;D;D;O;T;N
Miércoles 05/10/2016;M;D;D;O;T;N
Jueves 06/10/2016;T;M;D;O;N;D
Viernes 07/10/2016;T;M;D;O;N;D
Sábado 08/10/2016;N;T;M;D;D;D
Domingo 09/10/2016;N;T;M;D;D;D
Lunes 10/10/2016;D;N;T;O;D;M
Martes 11/10/2016;D;N;T;O;D;M
Miércoles 12/10/2016;D;D;N;O;M;T
Jueves 13/10/2016;D;D;N;O;M;T
Viernes 14/10/2016;M;D;D;O;T;N
Sábado 15/10/2016;M;D;D;D;T;N
Domingo 16/10/2016;T;M;D;D;N;D
Lunes 17/10/2016;T;M;D;O;N;D
Martes 18/10/2016;N;T;M;O;D;D
Miércoles 19/10/2016;N;T;M;O;D;D
Jueves 20/10/2016;D;N;T;O;D;M
Viernes 21/10/2016;D;N;T;O;D;M
Sábado 22/10/2016;D;D;N;D;M;T
Domingo 23/10/2016;D;D;N;D;M;T
Lunes 24/10/2016;O;D;D;M;T;N
Martes 25/10/2016;O;D;D;M;T;N
Miércoles 26/10/2016;O;M;D;T;N;D
Jueves 27/10/2016;O;M;D;T;N;D
Viernes 28/10/2016;O;T;M;N;D;D
Sábado 29/10/2016;D;T;M;N;D;D
Domingo 30/10/2016;D;N;T;D;D;M
Lunes 31/10/2016;O;N;T;D;D;M
Martes 01/11/2016;O;D;N;D;M;T
Miércoles 02/11/2016;O;D;N;D;M;T
Jueves 03/11/2016;O;D;D;M;T;N
Viernes 04/11/2016;O;D;D;M;T;N
Sábado 05/11/2016;D;M;D;T;N;D
Domingo 06/11/2016;D;M;D;T;N;D
Lunes 07/11/2016;M;T;O;N;D;D
Martes 08/11/2016;M;T;O;N;D;D
Miércoles 09/11/2016;T;N;O;D;D;M
Jueves 10/11/2016;T;N;O;D;D;M
Viernes 11/11/2016;N;D;O;D;M;T
Sábado 12/11/2016;N;D;D;D;M;T
Domingo 13/11/2016;D;D;D;M;T;N
Lunes 14/11/2016;D;D;O;M;T;N
Martes 15/11/2016;D;M;O;T;N;D
Miércoles 16/11/2016;D;M;O;T;N;D
Jueves 17/11/2016;M;T;O;N;D;D
Viernes 18/11/2016;M;T;O;N;D;D
Sábado 19/11/2016;T;N;D;D;D;M
Domingo 20/11/2016;T;N;D;D;D;M
Lunes 21/11/2016;N;D;M;D;O;T
Martes 22/11/2016;N;D;M;D;O;T
Miércoles 23/11/2016;D;D;T;M;O;N
Jueves 24/11/2016;D;D;T;M;O;N
Viernes 25/11/2016;D;M;N;T;O;D
Sábado 26/11/2016;D;M;N;T;D;D
Domingo 27/11/2016;M;T;D;N;D;D
Lunes 28/11/2016;M;T;D;N;O;D
Martes 29/11/2016;T;N;D;D;O;M
Miércoles 30/11/2016;T;N;D;D;O;M
Jueves 01/12/2016;N;D;M;D;O;T
Viernes 02/12/2016;N;D;M;D;O;T
Sábado 03/12/2016;D;D;T;M;D;N
Domingo 04/12/2016;D;D;T;M;D;N
Lunes 05/12/2016;D;O;N;T;M;D
Martes 06/12/2016;D;O;N;T;M;D
Miércoles 07/12/2016;M;O;D;N;T;D
Jueves 08/12/2016;M;O;D;N;T;D
Viernes 09/12/2016;T;O;D;D;N;M
Sábado 10/12/2016;T;D;D;D;N;M
Domingo 11/12/2016;N;D;M;D;D;T
Lunes 12/12/2016;N;O;M;D;D;T
Martes 13/12/2016;D;O;T;M;D;N
Miércoles 14/12/2016;D;O;T;M;D;N
Jueves 15/12/2016;D;O;N;T;M;D
Viernes 16/12/2016;D;O;N;T;M;D
Sábado 17/12/2016;M;D;D;N;T;D
Domingo 18/12/2016;M;D;D;N;T;D
Lunes 19/12/2016;T;M;D;D;N;O
Martes 20/12/2016;T;M;D;D;N;O
Miércoles 21/12/2016;N;T;M;D;D;O
Jueves 22/12/2016;N;T;M;D;D;O
Viernes 23/12/2016;D;N;T;M;D;O
Sábado 24/12/2016;D;N;T;M;D;D
Domingo 25/12/2016;D;D;N;T;M;D
Lunes 26/12/2016;D;D;N;T;M;O
Martes 27/12/2016;M;D;D;N;T;O
Miércoles 28/12/2016;M;D;D;N;T;O
Jueves 29/12/2016;T;M;D;D;N;O
Viernes 30/12/2016;T;M;D;D;N;O
Sábado 31/12/2016;N;T;M;D;D;D
Domingo 01/01/2017;N;T;M;D;D;D
Lunes 02/01/2017;D;N;T;O;D;M
Martes 03/01/2017;D;N;T;O;D;M
Miércoles 04/01/2017;D;D;N;O;M;T
Jueves 05/01/2017;D;D;N;O;M;T
Viernes 06/01/2017;M;D;D;O;T;N
Sábado 07/01/2017;M;D;D;D;T;N
Domingo 08/01/2017;T;M;D;D;N;D
Lunes 09/01/2017;T;M;D;O;N;D
Martes 10/01/2017;N;T;M;O;D;D
Miércoles 11/01/2017;N;T;M;O;D;D
Jueves 12/01/2017;D;N;T;O;D;M
Viernes 13/01/2017;D;N;T;O;D;M
Sábado 14/01/2017;D;D;N;D;M;T
Domingo 15/01/2017;D;D;N;D;M;T
Lunes 16/01/2017;O;D;D;M;T;N
Martes 17/01/2017;O;D;D;M;T;N
Miércoles 18/01/2017;O;M;D;T;N;D
Jueves 19/01/2017;O;M;D;T;N;D
Viernes 20/01/2017;O;T;M;N;D;D
Sábado 21/01/2017;D;T;M;N;D;D
Domingo 22/01/2017;D;N;T;D;D;M
Lunes 23/01/2017;O;N;T;D;D;M
Martes 24/01/2017;O;D;N;D;M;T
Miércoles 25/01/2017;O;D;N;D;M;T
Jueves 26/01/2017;O;D;D;M;T;N
Viernes 27/01/2017;O;D;D;M;T;N
Sábado 28/01/2017;D;M;D;T;N;D
Domingo 29/01/2017;D;M;D;T;N;D
Lunes 30/01/2017;M;T;O;N;D;D
Martes 31/01/2017;M;T;O;N;D;D
Miércoles 01/02/2017;T;N;O;D;D;M
Jueves 02/02/2017;T;N;O;D;D;M
Viernes 03/02/2017;N;D;O;D;M;T
Sábado 04/02/2017;N;D;D;D;M;T
Domingo 05/02/2017;D;D;D;M;T;N
Lunes 06/02/2017;D;D;O;M;T;N
Martes 07/02/2017;D;M;O;T;N;D
Miércoles 08/02/2017;D;M;O;T;N;D
Jueves 09/02/2017;M;T;O;N;D;D
Viernes 10/02/2017;M;T;O;N;D;D
Sábado 11/02/2017;T;N;D;D;D;M
Domingo 12/02/2017;T;N;D;D;D;M
Lunes 13/02/2017;N;D;M;D;O;T
Martes 14/02/2017;N;D;M;D;O;T
Miércoles 15/02/2017;D;D;T;M;O;N
Jueves 16/02/2017;D;D;T;M;O;N
Viernes 17/02/2017;D;M;N;T;O;D
Sábado 18/02/2017;D;M;N;T;D;D
Domingo 19/02/2017;M;T;D;N;D;D
Lunes 20/02/2017;M;T;D;N;O;D
Martes 21/02/2017;T;N;D;D;O;M
Miércoles 22/02/2017;T;N;D;D;O;M
Jueves 23/02/2017;N;D;M;D;O;T
Viernes 24/02/2017;N;D;M;D;O;T
Sábado 25/02/2017;D;D;T;M;D;N
Domingo 26/02/2017;D;D;T;M;D;N
Lunes 27/02/2017;D;O;N;T;M;D
Martes 28/02/2017;D;O;N;T;M;D
Miércoles 01/03/2017;M;O;D;N;T;D
Jueves 02/03/2017;M;O;D;N;T;D
Viernes 03/03/2017;T;O;D;D;N;M
Sábado 04/03/2017;T;D;D;D;N;M
Domingo 05/03/2017;N;D;M;D;D;T
Lunes 06/03/2017;N;O;M;D;D;T
Martes 07/03/2017;D;O;T;M;D;N
Miércoles 08/03/2017;D;O;T;M;D;N
Jueves 09/03/2017;D;O;N;T;M;D
Viernes 10/03/2017;D;O;N;T;M;D
Sábado 11/03/2017;M;D;D;N;T;D
Domingo 12/03/2017;M;D;D;N;T;D
Lunes 13/03/2017;T;M;D;D;N;O
Martes 14/03/2017;T;M;D;D;N;O
Miércoles 15/03/2017;N;T;M;D;D;O
Jueves 16/03/2017;N;T;M;D;D;O
Viernes 17/03/2017;D;N;T;M;D;O
Sábado 18/03/2017;D;N;T;M;D;D
Domingo 19/03/2017;D;D;N;T;M;D
Lunes 20/03/2017;D;D;N;T;M;O
Martes 21/03/2017;M;D;D;N;T;O
Miércoles 22/03/2017;M;D;D;N;T;O
Jueves 23/03/2017;T;M;D;D;N;O
Viernes 24/03/2017;T;M;D;D;N;O
Sábado 25/03/2017;N;T;M;D;D;D
Domingo 26/03/2017;N;T;M;D;D;D
Lunes 27/03/2017;D;N;T;O;D;M
Martes 28/03/2017;D;N;T;O;D;M
Miércoles 29/03/2017;D;D;N;O;M;T
Jueves 30/03/2017;D;D;N;O;M;T
Viernes 31/03/2017;M;D;D;O;T;N
Sábado 01/04/2017;M;D;D;D;T;N
Domingo 02/04/2017;T;M;D;D;N;D
Lunes 03/04/2017;T;M;D;O;N;D
Martes 04/04/2017;N;T;M;O;D;D
Miércoles 05/04/2017;N;T;M;O;D;D
Jueves 06/04/2017;D;N;T;O;D;M
Viernes 07/04/2017;D;N;T;O;D;M
Sábado 08/04/2017;D;D;N;D;M;T
Domingo 09/04/2017;D;D;N;D;M;T
Lunes 10/04/2017;O;D;D;M;T;N
Martes 11/04/2017;O;D;D;M;T;N
Miércoles 12/04/2017;O;M;D;T;N;D
Jueves 13/04/2017;O;M;D;T;N;D
Viernes 14/04/2017;O;T;M;N;D;D
Sábado 15/04/2017;D;T;M;N;D;D
Domingo 16/04/2017;D;N;T;D;D;M
Lunes 17/04/2017;O;N;T;D;D;M
Martes 18/04/2017;O;D;N;D;M;T
Miércoles 19/04/2017;O;D;N;D;M;T
Jueves 20/04/2017;O;D;D;M;T;N
Viernes 21/04/2017;O;D;D;M;T;N
Sábado 22/04/2017;D;M;D;T;N;D
Domingo 23/04/2017;D;M;D;T;N;D
Lunes 24/04/2017;M;T;O;N;D;D
Martes 25/04/2017;M;T;O;N;D;D
Miércoles 26/04/2017;T;N;O;D;D;M
Jueves 27/04/2017;T;N;O;D;D;M
Viernes 28/04/2017;N;D;O;D;M;T
Sábado 29/04/2017;N;D;D;D;M;T
Domingo 30/04/2017;D;D;D;M;T;N
Lunes 01/05/2017;D;D;O;M;T;N
Martes 02/05/2017;D;M;O;T;N;D
Miércoles 03/05/2017;D;M;O;T;N;D
Jueves 04/05/2017;M;T;O;N;D;D
Viernes 05/05/2017;M;T;O;N;D;D
Sábado 06/05/2017;T;N;D;D;D;M
Domingo 07/05/2017;T;N;D;D;D;M
Lunes 08/05/2017;N;D;O;D;M;T
Martes 09/05/2017;N;D;O;D;M;T
Miércoles 10/05/2017;D;D;O;M;T;N
Jueves 11/05/2017;D;D;O;M;T;N
Viernes 12/05/2017;D;M;O;T;N;D
Sábado 13/05/2017;D;M;D;T;N;D
Domingo 14/05/2017;M;T;D;N;D;D
Lunes 15/05/2017;M;T;O;N;D;D
Martes 16/05/2017;T;N;O;D;D;M
Miércoles 17/05/2017;T;N;O;D;D;M
Jueves 18/05/2017;N;D;O;D;M;T
Viernes 19/05/2017;N;D;O;D;M;T
Sábado 20/05/2017;D;D;D;M;T;N
Domingo 21/05/2017;D;D;D;M;T;N
Lunes 22/05/2017;D;O;M;T;N;D
Martes 23/05/2017;D;O;M;T;N;D
Miércoles 24/05/2017;M;O;T;N;D;D
Jueves 25/05/2017;M;O;T;N;D;D
Viernes 26/05/2017;T;O;N;D;D;M
Sábado 27/05/2017;T;D;N;D;D;M
Domingo 28/05/2017;N;D;D;D;M;T
Lunes 29/05/2017;N;O;D;D;M;T
Martes 30/05/2017;D;O;D;M;T;N
Miércoles 31/05/2017;D;O;D;M;T;N
Jueves 01/06/2017;D;O;M;T;N;D
Viernes 02/06/2017;D;O;M;T;N;D
Sábado 03/06/2017;M;D;T;N;D;D
Domingo 04/06/2017;M;D;T;N;D;D
Lunes 05/06/2017;T;O;N;D;D;M
Martes 06/06/2017;T;O;N;D;D;M
Miércoles 07/06/2017;N;O;D;D;M;T
Jueves 08/06/2017;N;O;D;D;M;T
Viernes 09/06/2017;D;O;D;M;T;N
Sábado 10/06/2017;D;D;D;M;T;N
Domingo 11/06/2017;D;D;M;T;N;D
Lunes 12/06/2017;D;O;M;T;N;D
Martes 13/06/2017;M;O;T;N;D;D
Miércoles 14/06/2017;M;O;T;N;D;D
Jueves 15/06/2017;T;O;N;D;D;M
Viernes 16/06/2017;T;O;N;D;D;M
Sábado 17/06/2017;N;D;D;D;M;T
Domingo 18/06/2017;N;D;D;D;M;T
Lunes 19/06/2017;D;M;D;O;T;N
Martes 20/06/2017;D;M;D;O;T;N
Miércoles 21/06/2017;D;T;M;O;N;D
Jueves 22/06/2017;D;T;M;O;N;D
Viernes 23/06/2017;M;N;T;O;D;D
Sábado 24/06/2017;M;N;T;D;D;D
Domingo 25/06/2017;T;D;N;D;D;M
Lunes 26/06/2017;T;D;N;O;D;M
Martes 27/06/2017;N;D;D;O;M;T
Miércoles 28/06/2017;N;D;D;O;M;T
Jueves 29/06/2017;D;M;D;O;T;N
Viernes 30/06/2017;D;M;D;O;T;N
Sábado 01/07/2017;D;T;M;D;N;D
Domingo 02/07/2017;D;T;M;D;N;D
Lunes 03/07/2017;M;N;T;O;D;D
Martes 04/07/2017;M;N;T;O;D;D
Miércoles 05/07/2017;T;D;N;O;D;M
Jueves 06/07/2017;T;D;N;O;D;M
Viernes 07/07/2017;N;D;D;O;M;T
Sábado 08/07/2017;N;D;D;D;M;T
Domingo 09/07/2017;D;M;D;D;T;N
Lunes 10/07/2017;D;M;D;O;T;N
Martes 11/07/2017;D;T;M;O;N;D
Miércoles 12/07/2017;D;T;M;O;N;D
Jueves 13/07/2017;M;N;T;O;D;D
Viernes 14/07/2017;M;N;T;O;D;D
Sábado 15/07/2017;T;D;N;D;D;M
Domingo 16/07/2017;T;D;N;D;D;M
Lunes 17/07/2017;N;D;D;M;O;T
Martes 18/07/2017;N;D;D;M;O;T
Miércoles 19/07/2017;D;M;D;T;O;N
Jueves 20/07/2017;D;M;D;T;O;N
Viernes 21/07/2017;D;T;M;N;O;D
Sábado 22/07/2017;D;T;M;N;D;D
Domingo 23/07/2017;M;N;T;D;D;D
Lunes 24/07/2017;M;N;T;D;O;D
Martes 25/07/2017;T;D;N;D;O;M
Miércoles 26/07/2017;T;D;N;D;O;M
Jueves 27/07/2017;N;D;D;M;O;T
Viernes 28/07/2017;N;D;D;M;O;T
Sábado 29/07/2017;D;M;D;T;D;N
Domingo 30/07/2017;D;M;D;T;D;N
Lunes 31/07/2017;D;T;M;N;O;D
Martes 01/08/2017;D;T;M;N;O;D
Miércoles 02/08/2017;M;N;T;D;O;D
Jueves 03/08/2017;M;N;T;D;O;D
Viernes 04/08/2017;T;D;N;D;O;M
Sábado 05/08/2017;T;D;N;D;D;M
Domingo 06/08/2017;N;D;D;M;D;T
Lunes 07/08/2017;N;D;D;M;O;T
Martes 08/08/2017;D;M;D;T;O;N
Miércoles 09/08/2017;D;M;D;T;O;N
Jueves 10/08/2017;D;T;M;N;O;D
Viernes 11/08/2017;D;T;M;N;O;D
Sábado 12/08/2017;M;N;T;D;D;D
Domingo 13/08/2017;M;N;T;D;D;D
Lunes 14/08/2017;T;D;N;D;M;O
Martes 15/08/2017;T;D;N;D;M;O
Miércoles 16/08/2017;N;D;D;M;T;O
Jueves 17/08/2017;N;D;D;M;T;O
Viernes 18/08/2017;D;M;D;T;N;O
Sábado 19/08/2017;D;M;D;T;N;D
Domingo 20/08/2017;D;T;M;N;D;D
Lunes 21/08/2017;D;T;M;N;D;O
Martes 22/08/2017;M;N;T;D;D;O
Miércoles 23/08/2017;M;N;T;D;D;O
Jueves 24/08/2017;T;D;N;D;M;O
Viernes 25/08/2017;T;D;N;D;M;O
Sábado 26/08/2017;N;D;D;M;T;D
Domingo 27/08/2017;N;D;D;M;T;D
Lunes 28/08/2017;D;M;D;T;N;O
Martes 29/08/2017;D;M;D;T;N;O
Miércoles 30/08/2017;D;T;M;N;D;O
Jueves 31/08/2017;D;T;M;N;D;O
Viernes 01/09/2017;M;N;T;D;D;O
Sábado 02/09/2017;M;N;T;D;D;D
Domingo 03/09/2017;T;D;N;D;M;D
Lunes 04/09/2017;T;D;N;D;M;O
Martes 05/09/2017;N;D;D;M;T;O
Miércoles 06/09/2017;N;D;D;M;T;O
Jueves 07/09/2017;D;M;D;T;N;O
Viernes 08/09/2017;D;M;D;T;N;O
Sábado 09/09/2017;D;T;M;N;D;D
Domingo 10/09/2017;D;T;M;N;D;D
Lunes 11/09/2017;O;N;T;D;D;M
Martes 12/09/2017;O;N;T;D;D;M
Miércoles 13/09/2017;O;D;N;D;M;T
Jueves 14/09/2017;O;D;N;D;M;T
Viernes 15/09/2017;O;D;D;M;T;N
Sábado 16/09/2017;D;D;D;M;T;N
Domingo 17/09/2017;D;M;D;T;N;D
Lunes 18/09/2017;O;M;D;T;N;D
Martes 19/09/2017;O;T;M;N;D;D
Miércoles 20/09/2017;O;T;M;N;D;D
Jueves 21/09/2017;O;N;T;D;D;M
Viernes 22/09/2017;O;N;T;D;D;M
Sábado 23/09/2017;D;D;N;D;M;T
Domingo 24/09/2017;D;D;N;D;M;T
Lunes 25/09/2017;O;D;D;M;T;N
Martes 26/09/2017;O;D;D;M;T;N
Miércoles 27/09/2017;O;M;D;T;N;D
Jueves 28/09/2017;O;M;D;T;N;D
Viernes 29/09/2017;O;T;M;N;D;D
Sábado 30/09/2017;D;T;M;N;D;D
Domingo 01/10/2017;D;N;T;D;D;M
Lunes 02/10/2017;O;N;T;D;D;M
Martes 03/10/2017;O;D;N;D;M;T
Miércoles 04/10/2017;O;D;N;D;M;T
Jueves 05/10/2017;O;D;D;M;T;N
Viernes 06/10/2017;O;D;D;M;T;N
Sábado 07/10/2017;D;M;D;T;N;D
Domingo 08/10/2017;D;M;D;T;N;D
Lunes 09/10/2017;M;T;O;N;D;D
Martes 10/10/2017;M;T;O;N;D;D
Miércoles 11/10/2017;T;N;O;D;D;M
Jueves 12/10/2017;T;N;O;D;D;M
Viernes 13/10/2017;N;D;O;D;M;T
Sábado 14/10/2017;N;D;D;D;M;T
Domingo 15/10/2017;D;D;D;M;T;N
Lunes 16/10/2017;D;D;O;M;T;N
Martes 17/10/2017;D;M;O;T;N;D
Miércoles 18/10/2017;D;M;O;T;N;D
Jueves 19/10/2017;M;T;O;N;D;D
Viernes 20/10/2017;M;T;O;N;D;D
Sábado 21/10/2017;T;N;D;D;D;M
Domingo 22/10/2017;T;N;D;D;D;M
Lunes 23/10/2017;N;D;M;D;O;T
Martes 24/10/2017;N;D;M;D;O;T
Miércoles 25/10/2017;D;D;T;M;O;N
Jueves 26/10/2017;D;D;T;M;O;N
Viernes 27/10/2017;D;M;N;T;O;D
Sábado 28/10/2017;D;M;N;T;D;D
Domingo 29/10/2017;M;T;D;N;D;D
Lunes 30/10/2017;M;T;D;N;O;D
Martes 31/10/2017;T;N;D;D;O;M
Miércoles 01/11/2017;T;N;D;D;O;M
Jueves 02/11/2017;N;D;M;D;O;T
Viernes 03/11/2017;N;D;M;D;O;T
Sábado 04/11/2017;D;D;T;M;D;N
Domingo 05/11/2017;D;D;T;M;D;N
Lunes 06/11/2017;D;O;N;T;M;D
Martes 07/11/2017;D;O;N;T;M;D
Miércoles 08/11/2017;M;O;D;N;T;D
Jueves 09/11/2017;M;O;D;N;T;D
Viernes 10/11/2017;T;O;D;D;N;M
Sábado 11/11/2017;T;D;D;D;N;M
Domingo 12/11/2017;N;D;M;D;D;T
Lunes 13/11/2017;N;O;M;D;D;T
Martes 14/11/2017;D;O;T;M;D;N
Miércoles 15/11/2017;D;O;T;M;D;N
Jueves 16/11/2017;D;O;N;T;M;D
Viernes 17/11/2017;D;O;N;T;M;D
Sábado 18/11/2017;M;D;D;N;T;D
Domingo 19/11/2017;M;D;D;N;T;D
Lunes 20/11/2017;T;M;D;D;N;O
Martes 21/11/2017;T;M;D;D;N;O
Miércoles 22/11/2017;N;T;M;D;D;O
Jueves 23/11/2017;N;T;M;D;D;O
Viernes 24/11/2017;D;N;T;M;D;O
Sábado 25/11/2017;D;N;T;M;D;D
Domingo 26/11/2017;D;D;N;T;M;D
Lunes 27/11/2017;D;D;N;T;M;O
Martes 28/11/2017;M;D;D;N;T;O
Miércoles 29/11/2017;M;D;D;N;T;O
Jueves 30/11/2017;T;M;D;D;N;O
Viernes 01/12/2017;T;M;D;D;N;O
Sábado 02/12/2017;N;T;M;D;D;D
Domingo 03/12/2017;N;T;M;D;D;D
Lunes 04/12/2017;D;N;T;O;D;M
Martes 05/12/2017;D;N;T;O;D;M
Miércoles 06/12/2017;D;D;N;O;M;T
Jueves 07/12/2017;D;D;N;O;M;T
Viernes 08/12/2017;M;D;D;O;T;N
Sábado 09/12/2017;M;D;D;D;T;N
Domingo 10/12/2017;T;M;D;D;N;D
Lunes 11/12/2017;T;M;D;O;N;D
Martes 12/12/2017;N;T;M;O;D;D
Miércoles 13/12/2017;N;T;M;O;D;D
Jueves 14/12/2017;D;N;T;O;D;M
Viernes 15/12/2017;D;N;T;O;D;M
Sábado 16/12/2017;D;D;N;D;M;T
Domingo 17/12/2017;D;D;N;D;M;T
Lunes 18/12/2017;O;D;D;M;T;N
Martes 19/12/2017;O;D;D;M;T;N
Miércoles 20/12/2017;O;M;D;T;N;D
Jueves 21/12/2017;O;M;D;T;N;D
Viernes 22/12/2017;O;T;M;N;D;D
Sábado 23/12/2017;D;T;M;N;D;D
Domingo 24/12/2017;D;N;T;D;D;M
Lunes 25/12/2017;O;N;T;D;D;M
Martes 26/12/2017;O;D;N;D;M;T
Miércoles 27/12/2017;O;D;N;D;M;T
Jueves 28/12/2017;O;D;D;M;T;N
Viernes 29/12/2017;O;D;D;M;T;N
Sábado 30/12/2017;D;M;D;T;N;D
Domingo 31/12/2017;D;M;D;T;N;D
Lunes 01/01/2018;M;T;O;N;D;D
Martes 02/01/2018;M;T;O;N;D;D
Miércoles 03/01/2018;T;N;O;D;D;M
Jueves 04/01/2018;T;N;O;D;D;M
Viernes 05/01/2018;N;D;O;D;M;T
Sábado 06/01/2018;N;D;D;D;M;T
Domingo 07/01/2018;D;D;D;M;T;N
Lunes 08/01/2018;D;D;O;M;T;N
Martes 09/01/2018;D;M;O;T;N;D
Miércoles 10/01/2018;D;M;O;T;N;D
Jueves 11/01/2018;M;T;O;N;D;D
Viernes 12/01/2018;M;T;O;N;D;D
Sábado 13/01/2018;T;N;D;D;D;M
Domingo 14/01/2018;T;N;D;D;D;M
Lunes 15/01/2018;N;D;M;D;O;T
Martes 16/01/2018;N;D;M;D;O;T
Miércoles 17/01/2018;D;D;T;M;O;N
Jueves 18/01/2018;D;D;T;M;O;N
Viernes 19/01/2018;D;M;N;T;O;D
Sábado 20/01/2018;D;M;N;T;D;D
Domingo 21/01/2018;M;T;D;N;D;D
Lunes 22/01/2018;M;T;D;N;O;D
Martes 23/01/2018;T;N;D;D;O;M
Miércoles 24/01/2018;T;N;D;D;O;M
Jueves 25/01/2018;N;D;M;D;O;T
Viernes 26/01/2018;N;D;M;D;O;T
Sábado 27/01/2018;D;D;T;M;D;N
Domingo 28/01/2018;D;D;T;M;D;N
Lunes 29/01/2018;D;O;N;T;M;D
Martes 30/01/2018;D;O;N;T;M;D
Miércoles 31/01/2018;M;O;D;N;T;D
Jueves 01/02/2018;M;O;D;N;T;D
Viernes 02/02/2018;T;O;D;D;N;M
Sábado 03/02/2018;T;D;D;D;N;M
Domingo 04/02/2018;N;D;M;D;D;T
Lunes 05/02/2018;N;O;M;D;D;T
Martes 06/02/2018;D;O;T;M;D;N
Miércoles 07/02/2018;D;O;T;M;D;N
Jueves 08/02/2018;D;O;N;T;M;D
Viernes 09/02/2018;D;O;N;T;M;D
Sábado 10/02/2018;M;D;D;N;T;D
Domingo 11/02/2018;M;D;D;N;T;D
Lunes 12/02/2018;T;M;D;D;N;O
Martes 13/02/2018;T;M;D;D;N;O
Miércoles 14/02/2018;N;T;M;D;D;O
Jueves 15/02/2018;N;T;M;D;D;O
Viernes 16/02/2018;D;N;T;M;D;O
Sábado 17/02/2018;D;N;T;M;D;D
Domingo 18/02/2018;D;D;N;T;M;D
Lunes 19/02/2018;D;D;N;T;M;O
Martes 20/02/2018;M;D;D;N;T;O
Miércoles 21/02/2018;M;D;D;N;T;O
Jueves 22/02/2018;T;M;D;D;N;O
Viernes 23/02/2018;T;M;D;D;N;O
Sábado 24/02/2018;N;T;M;D;D;D
Domingo 25/02/2018;N;T;M;D;D;D
Lunes 26/02/2018;D;N;T;O;D;M
Martes 27/02/2018;D;N;T;O;D;M
Miércoles 28/02/2018;D;D;N;O;M;T
Jueves 01/03/2018;D;D;N;O;M;T
Viernes 02/03/2018;M;D;D;O;T;N
Sábado 03/03/2018;M;D;D;D;T;N
Domingo 04/03/2018;T;M;D;D;N;D
Lunes 05/03/2018;T;M;D;O;N;D
Martes 06/03/2018;N;T;M;O;D;D
Miércoles 07/03/2018;N;T;M;O;D;D
Jueves 08/03/2018;D;N;T;O;D;M
Viernes 09/03/2018;D;N;T;O;D;M
Sábado 10/03/2018;D;D;N;D;M;T
Domingo 11/03/2018;D;D;N;D;M;T
Lunes 12/03/2018;O;D;D;M;T;N
Martes 13/03/2018;O;D;D;M;T;N
Miércoles 14/03/2018;O;M;D;T;N;D
Jueves 15/03/2018;O;M;D;T;N;D
Viernes 16/03/2018;O;T;M;N;D;D
Sábado 17/03/2018;D;T;M;N;D;D
Domingo 18/03/2018;D;N;T;D;D;M
Lunes 19/03/2018;O;N;T;D;D;M
Martes 20/03/2018;O;D;N;D;M;T
Miércoles 21/03/2018;O;D;N;D;M;T
Jueves 22/03/2018;O;D;D;M;T;N
Viernes 23/03/2018;O;D;D;M;T;N
Sábado 24/03/2018;D;M;D;T;N;D
Domingo 25/03/2018;D;M;D;T;N;D
Lunes 26/03/2018;M;T;O;N;D;D
Martes 27/03/2018;M;T;O;N;D;D
Miércoles 28/03/2018;T;N;O;D;D;M
Jueves 29/03/2018;T;N;O;D;D;M
Viernes 30/03/2018;N;D;O;D;M;T
Sábado 31/03/2018;N;D;D;D;M;T
Domingo 01/04/2018;D;D;D;M;T;N
Lunes 02/04/2018;D;D;O;M;T;N
Martes 03/04/2018;D;M;O;T;N;D
Miércoles 04/04/2018;D;M;O;T;N;D
Jueves 05/04/2018;M;T;O;N;D;D
Viernes 06/04/2018;M;T;O;N;D;D
Sábado 07/04/2018;T;N;D;D;D;M
Domingo 08/04/2018;T;N;D;D;D;M
Lunes 09/04/2018;N;D;M;D;O;T
Martes 10/04/2018;N;D;M;D;O;T
Miércoles 11/04/2018;D;D;T;M;O;N
Jueves 12/04/2018;D;D;T;M;O;N
Viernes 13/04/2018;D;M;N;T;O;D
Sábado 14/04/2018;D;M;N;T;D;D
Domingo 15/04/2018;M;T;D;N;D;D
Lunes 16/04/2018;M;T;D;N;O;D
Martes 17/04/2018;T;N;D;D;O;M
Miércoles 18/04/2018;T;N;D;D;O;M
Jueves 19/04/2018;N;D;M;D;O;T
Viernes 20/04/2018;N;D;M;D;O;T
Sábado 21/04/2018;D;D;T;M;D;N
Domingo 22/04/2018;D;D;T;M;D;N
Lunes 23/04/2018;D;O;N;T;M;D
Martes 24/04/2018;D;O;N;T;M;D
Miércoles 25/04/2018;M;O;D;N;T;D
Jueves 26/04/2018;M;O;D;N;T;D
Viernes 27/04/2018;T;O;D;D;N;M
Sábado 28/04/2018;T;D;D;D;N;M
Domingo 29/04/2018;N;D;M;D;D;T
Lunes 30/04/2018;N;O;M;D;D;T
Martes 01/05/2018;D;O;T;M;D;N
Miércoles 02/05/2018;D;O;T;M;D;N
Jueves 03/05/2018;D;O;N;T;M;D
Viernes 04/05/2018;D;O;N;T;M;D
Sábado 05/05/2018;M;D;D;N;T;D
Domingo 06/05/2018;M;D;D;N;T;D
Lunes 07/05/2018;T;O;D;D;N;M
Martes 08/05/2018;T;O;D;D;N;M
Miércoles 09/05/2018;N;O;M;D;D;T
Jueves 10/05/2018;N;O;M;D;D;T
Viernes 11/05/2018;D;O;T;M;D;N
Sábado 12/05/2018;D;D;T;M;D;N
Domingo 13/05/2018;D;D;N;T;M;D
Lunes 14/05/2018;D;O;N;T;M;D
Martes 15/05/2018;M;O;D;N;T;D
Miércoles 16/05/2018;M;O;D;N;T;D
Jueves 17/05/2018;T;O;D;D;N;M
Viernes 18/05/2018;T;O;D;D;N;M
Sábado 19/05/2018;N;D;M;D;D;T
Domingo 20/05/2018;N;D;M;D;D;T
Lunes 21/05/2018;D;M;T;O;D;N
Martes 22/05/2018;D;M;T;O;D;N
Miércoles 23/05/2018;D;T;N;O;M;D
Jueves 24/05/2018;D;T;N;O;M;D
Viernes 25/05/2018;M;N;D;O;T;D
Sábado 26/05/2018;M;N;D;D;T;D
Domingo 27/05/2018;T;D;D;D;N;M
Lunes 28/05/2018;T;D;D;O;N;M
Martes 29/05/2018;N;D;M;O;D;T
Miércoles 30/05/2018;N;D;M;O;D;T
Jueves 31/05/2018;D;M;T;O;D;N
Viernes 01/06/2018;D;M;T;O;D;N
Sábado 02/06/2018;D;T;N;D;M;D
Domingo 03/06/2018;D;T;N;D;M;D
Lunes 04/06/2018;M;N;D;O;T;D
Martes 05/06/2018;M;N;D;O;T;D
Miércoles 06/06/2018;T;D;D;O;N;M
Jueves 07/06/2018;T;D;D;O;N;M
Viernes 08/06/2018;N;D;M;O;D;T
Sábado 09/06/2018;N;D;M;D;D;T
Domingo 10/06/2018;D;M;T;D;D;N
Lunes 11/06/2018;D;M;T;O;D;N
Martes 12/06/2018;D;T;N;O;M;D
Miércoles 13/06/2018;D;T;N;O;M;D
Jueves 14/06/2018;M;N;D;O;T;D
Viernes 15/06/2018;M;N;D;O;T;D
Sábado 16/06/2018;T;D;D;D;N;M
Domingo 17/06/2018;T;D;D;D;N;M
Lunes 18/06/2018;N;D;O;M;D;T
Martes 19/06/2018;N;D;O;M;D;T
Miércoles 20/06/2018;D;M;O;T;D;N
Jueves 21/06/2018;D;M;O;T;D;N
Viernes 22/06/2018;D;T;O;N;M;D
Sábado 23/06/2018;D;T;D;N;M;D
Domingo 24/06/2018;M;N;D;D;T;D
Lunes 25/06/2018;M;N;O;D;T;D
Martes 26/06/2018;T;D;O;D;N;M
Miércoles 27/06/2018;T;D;O;D;N;M
Jueves 28/06/2018;N;D;O;M;D;T
Viernes 29/06/2018;N;D;O;M;D;T
Sábado 30/06/2018;D;M;D;T;D;N
Domingo 01/07/2018;D;M;D;T;D;N
Lunes 02/07/2018;D;T;O;N;M;D
Martes 03/07/2018;D;T;O;N;M;D
Miércoles 04/07/2018;M;N;O;D;T;D
Jueves 05/07/2018;M;N;O;D;T;D
Viernes 06/07/2018;T;D;O;D;N;M
Sábado 07/07/2018;T;D;D;D;N;M
Domingo 08/07/2018;N;D;D;M;D;T
Lunes 09/07/2018;N;D;O;M;D;T
Martes 10/07/2018;D;M;O;T;D;N
Miércoles 11/07/2018;D;M;O;T;D;N
Jueves 12/07/2018;D;T;O;N;M;D
Viernes 13/07/2018;D;T;O;N;M;D
Sábado 14/07/2018;M;N;D;D;T;D
Domingo 15/07/2018;M;N;D;D;T;D
Lunes 16/07/2018;T;D;M;D;N;O
Martes 17/07/2018;T;D;M;D;N;O
Miércoles 18/07/2018;N;D;T;M;D;O
Jueves 19/07/2018;N;D;T;M;D;O
Viernes 20/07/2018;D;M;N;T;D;O
Sábado 21/07/2018;D;M;N;T;D;D
Domingo 22/07/2018;D;T;D;N;M;D
Lunes 23/07/2018;D;T;D;N;M;O
Martes 24/07/2018;M;N;D;D;T;O
Miércoles 25/07/2018;M;N;D;D;T;O
Jueves 26/07/2018;T;D;M;D;N;O
Viernes 27/07/2018;T;D;M;D;N;O
Sábado 28/07/2018;N;D;T;M;D;D
Domingo 29/07/2018;N;D;T;M;D;D
Lunes 30/07/2018;D;M;N;T;D;O
Martes 31/07/2018;D;M;N;T;D;O
Miércoles 01/08/2018;D;T;D;N;M;O
Jueves 02/08/2018;D;T;D;N;M;O
Viernes 03/08/2018;M;N;D;D;T;O
Sábado 04/08/2018;M;N;D;D;T;D
Domingo 05/08/2018;T;D;M;D;N;D
Lunes 06/08/2018;T;D;M;D;N;O
Martes 07/08/2018;N;D;T;M;D;O
Miércoles 08/08/2018;N;D;T;M;D;O
Jueves 09/08/2018;D;M;N;T;D;O
Viernes 10/08/2018;D;M;N;T;D;O
Sábado 11/08/2018;D;T;D;N;M;D
Domingo 12/08/2018;D;T;D;N;M;D
Lunes 13/08/2018;O;N;D;D;T;M
Martes 14/08/2018;O;N;D;D;T;M
Miércoles 15/08/2018;O;D;M;D;N;T
Jueves 16/08/2018;O;D;M;D;N;T
Viernes 17/08/2018;O;D;T;M;D;N
Sábado 18/08/2018;D;D;T;M;D;N
Domingo 19/08/2018;D;M;N;T;D;D
Lunes 20/08/2018;O;M;N;T;D;D
Martes 21/08/2018;O;T;D;N;M;D
Miércoles 22/08/2018;O;T;D;N;M;D
Jueves 23/08/2018;O;N;D;D;T;M
Viernes 24/08/2018;O;N;D;D;T;M
Sábado 25/08/2018;D;D;M;D;N;T
Domingo 26/08/2018;D;D;M;D;N;T
Lunes 27/08/2018;O;D;T;M;D;N
Martes 28/08/2018;O;D;T;M;D;N
Miércoles 29/08/2018;O;M;N;T;D;D
Jueves 30/08/2018;O;M;N;T;D;D
Viernes 31/08/2018;O;T;D;N;M;D
Sábado 01/09/2018;D;T;D;N;M;D
Domingo 02/09/2018;D;N;D;D;T;M
Lunes 03/09/2018;O;N;D;D;T;M
Martes 04/09/2018;O;D;M;D;N;T
Miércoles 05/09/2018;O;D;M;D;N;T
Jueves 06/09/2018;O;D;T;M;D;N
Viernes 07/09/2018;O;D;T;M;D;N
Sábado 08/09/2018;D;M;N;T;D;D
Domingo 09/09/2018;D;M;N;T;D;D
Lunes 10/09/2018;M;T;D;N;O;D
Martes 11/09/2018;M;T;D;N;O;D
Miércoles 12/09/2018;T;N;D;D;O;M
Jueves 13/09/2018;T;N;D;D;O;M
Viernes 14/09/2018;N;D;M;D;O;T
Sábado 15/09/2018;N;D;M;D;D;T
Domingo 16/09/2018;D;D;T;M;D;N
Lunes 17/09/2018;D;D;T;M;O;N
Martes 18/09/2018;D;M;N;T;O;D
Miércoles 19/09/2018;D;M;N;T;O;D
Jueves 20/09/2018;M;T;D;N;O;D
Viernes 21/09/2018;M;T;D;N;O;D
Sábado 22/09/2018;T;N;D;D;D;M
Domingo 23/09/2018;T;N;D;D;D;M
Lunes 24/09/2018;N;D;M;D;O;T
Martes 25/09/2018;N;D;M;D;O;T
Miércoles 26/09/2018;D;D;T;M;O;N
Jueves 27/09/2018;D;D;T;M;O;N
Viernes 28/09/2018;D;M;N;T;O;D
Sábado 29/09/2018;D;M;N;T;D;D
Domingo 30/09/2018;M;T;D;N;D;D
Lunes 01/10/2018;M;T;D;N;O;D
Martes 02/10/2018;T;N;D;D;O;M
Miércoles 03/10/2018;T;N;D;D;O;M
Jueves 04/10/2018;N;D;M;D;O;T
Viernes 05/10/2018;N;D;M;D;O;T
Sábado 06/10/2018;D;D;T;M;D;N
Domingo 07/10/2018;D;D;T;M;D;N
Lunes 08/10/2018;D;O;N;T;M;D
Martes 09/10/2018;D;O;N;T;M;D
Miércoles 10/10/2018;M;O;D;N;T;D
Jueves 11/10/2018;M;O;D;N;T;D
Viernes 12/10/2018;T;O;D;D;N;M
Sábado 13/10/2018;T;D;D;D;N;M
Domingo 14/10/2018;N;D;M;D;D;T
Lunes 15/10/2018;N;O;M;D;D;T
Martes 16/10/2018;D;O;T;M;D;N
Miércoles 17/10/2018;D;O;T;M;D;N
Jueves 18/10/2018;D;O;N;T;M;D
Viernes 19/10/2018;D;O;N;T;M;D
Sábado 20/10/2018;M;D;D;N;T;D
Domingo 21/10/2018;M;D;D;N;T;D
Lunes 22/10/2018;T;M;D;D;N;O
Martes 23/10/2018;T;M;D;D;N;O
Miércoles 24/10/2018;N;T;M;D;D;O
Jueves 25/10/2018;N;T;M;D;D;O
Viernes 26/10/2018;D;N;T;M;D;O
Sábado 27/10/2018;D;N;T;M;D;D
Domingo 28/10/2018;D;D;N;T;M;D
Lunes 29/10/2018;D;D;N;T;M;O
Martes 30/10/2018;M;D;D;N;T;O
Miércoles 31/10/2018;M;D;D;N;T;O
Jueves 01/11/2018;T;M;D;D;N;O
Viernes 02/11/2018;T;M;D;D;N;O
Sábado 03/11/2018;N;T;M;D;D;D
Domingo 04/11/2018;N;T;M;D;D;D
Lunes 05/11/2018;D;N;T;O;D;M
Martes 06/11/2018;D;N;T;O;D;M
Miércoles 07/11/2018;D;D;N;O;M;T
Jueves 08/11/2018;D;D;N;O;M;T
Viernes 09/11/2018;M;D;D;O;T;N
Sábado 10/11/2018;M;D;D;D;T;N
Domingo 11/11/2018;T;M;D;D;N;D
Lunes 12/11/2018;T;M;D;O;N;D
Martes 13/11/2018;N;T;M;O;D;D
Miércoles 14/11/2018;N;T;M;O;D;D
Jueves 15/11/2018;D;N;T;O;D;M
Viernes 16/11/2018;D;N;T;O;D;M
Sábado 17/11/2018;D;D;N;D;M;T
Domingo 18/11/2018;D;D;N;D;M;T
Lunes 19/11/2018;O;D;D;M;T;N
Martes 20/11/2018;O;D;D;M;T;N
Miércoles 21/11/2018;O;M;D;T;N;D
Jueves 22/11/2018;O;M;D;T;N;D
Viernes 23/11/2018;O;T;M;N;D;D
Sábado 24/11/2018;D;T;M;N;D;D
Domingo 25/11/2018;D;N;T;D;D;M
Lunes 26/11/2018;O;N;T;D;D;M
Martes 27/11/2018;O;D;N;D;M;T
Miércoles 28/11/2018;O;D;N;D;M;T
Jueves 29/11/2018;O;D;D;M;T;N
Viernes 30/11/2018;O;D;D;M;T;N
Sábado 01/12/2018;D;M;D;T;N;D
Domingo 02/12/2018;D;M;D;T;N;D
Lunes 03/12/2018;M;T;O;N;D;D
Martes 04/12/2018;M;T;O;N;D;D
Miércoles 05/12/2018;T;N;O;D;D;M
Jueves 06/12/2018;T;N;O;D;D;M
Viernes 07/12/2018;N;D;O;D;M;T
Sábado 08/12/2018;N;D;D;D;M;T
Domingo 09/12/2018;D;D;D;M;T;N
Lunes 10/12/2018;D;D;O;M;T;N
Martes 11/12/2018;D;M;O;T;N;D
Miércoles 12/12/2018;D;M;O;T;N;D
Jueves 13/12/2018;M;T;O;N;D;D
Viernes 14/12/2018;M;T;O;N;D;D
Sábado 15/12/2018;T;N;D;D;D;M
Domingo 16/12/2018;T;N;D;D;D;M
Lunes 17/12/2018;N;D;M;D;O;T
Martes 18/12/2018;N;D;M;D;O;T
Miércoles 19/12/2018;D;D;T;M;O;N
Jueves 20/12/2018;D;D;T;M;O;N
Viernes 21/12/2018;D;M;N;T;O;D
Sábado 22/12/2018;D;M;N;T;D;D
Domingo 23/12/2018;M;T;D;N;D;D
Lunes 24/12/2018;M;T;D;N;O;D
Martes 25/12/2018;T;N;D;D;O;M
Miércoles 26/12/2018;T;N;D;D;O;M
Jueves 27/12/2018;N;D;M;D;O;T
Viernes 28/12/2018;N;D;M;D;O;T
Sábado 29/12/2018;D;D;T;M;D;N
Domingo 30/12/2018;D;D;T;M;D;N
Lunes 31/12/2018;D;O;N;T;M;D
Martes 01/01/2019;D;O;N;T;M;D
Miércoles 02/01/2019;M;O;D;N;T;D
Jueves 03/01/2019;M;O;D;N;T;D
Viernes 04/01/2019;T;O;D;D;N;M
Sábado 05/01/2019;T;D;D;D;N;M
Domingo 06/01/2019;N;D;M;D;D;T
Lunes 07/01/2019;N;O;M;D;D;T
Martes 08/01/2019;D;O;T;M;D;N
Miércoles 09/01/2019;D;O;T;M;D;N
Jueves 10/01/2019;D;O;N;T;M;D
Viernes 11/01/2019;D;O;N;T;M;D
Sábado 12/01/2019;M;D;D;N;T;D
Domingo 13/01/2019;M;D;D;N;T;D
Lunes 14/01/2019;T;M;D;D;N;O
Martes 15/01/2019;T;M;D;D;N;O
Miércoles 16/01/2019;N;T;M;D;D;O
Jueves 17/01/2019;N;T;M;D;D;O
Viernes 18/01/2019;D;N;T;M;D;O
Sábado 19/01/2019;D;N;T;M;D;D
Domingo 20/01/2019;D;D;N;T;M;D
Lunes 21/01/2019;D;D;N;T;M;O
Martes 22/01/2019;M;D;D;N;T;O
Miércoles 23/01/2019;M;D;D;N;T;O
Jueves 24/01/2019;T;M;D;D;N;O
Viernes 25/01/2019;T;M;D;D;N;O
Sábado 26/01/2019;N;T;M;D;D;D
Domingo 27/01/2019;N;T;M;D;D;D
Lunes 28/01/2019;D;N;T;O;D;M
Martes 29/01/2019;D;N;T;O;D;M
Miércoles 30/01/2019;D;D;N;O;M;T
Jueves 31/01/2019;D;D;N;O;M;T
Viernes 01/02/2019;M;D;D;O;T;N
Sábado 02/02/2019;M;D;D;D;T;N
Domingo 03/02/2019;T;M;D;D;N;D
Lunes 04/02/2019;T;M;D;O;N;D
Martes 05/02/2019;N;T;M;O;D;D
Miércoles 06/02/2019;N;T;M;O;D;D
Jueves 07/02/2019;D;N;T;O;D;M
Viernes 08/02/2019;D;N;T;O;D;M
Sábado 09/02/2019;D;D;N;D;M;T
Domingo 10/02/2019;D;D;N;D;M;T
Lunes 11/02/2019;O;D;D;M;T;N
Martes 12/02/2019;O;D;D;M;T;N
Miércoles 13/02/2019;O;M;D;T;N;D
Jueves 14/02/2019;O;M;D;T;N;D
Viernes 15/02/2019;O;T;M;N;D;D
Sábado 16/02/2019;D;T;M;N;D;D
Domingo 17/02/2019;D;N;T;D;D;M
Lunes 18/02/2019;O;N;T;D;D;M
Martes 19/02/2019;O;D;N;D;M;T
Miércoles 20/02/2019;O;D;N;D;M;T
Jueves 21/02/2019;O;D;D;M;T;N
Viernes 22/02/2019;O;D;D;M;T;N
Sábado 23/02/2019;D;M;D;T;N;D
Domingo 24/02/2019;D;M;D;T;N;D
Lunes 25/02/2019;M;T;O;N;D;D
Martes 26/02/2019;M;T;O;N;D;D
Miércoles 27/02/2019;T;N;O;D;D;M
Jueves 28/02/2019;T;N;O;D;D;M
Viernes 01/03/2019;N;D;O;D;M;T
Sábado 02/03/2019;N;D;D;D;M;T
Domingo 03/03/2019;D;D;D;M;T;N
Lunes 04/03/2019;D;D;O;M;T;N
Martes 05/03/2019;D;M;O;T;N;D
Miércoles 06/03/2019;D;M;O;T;N;D
Jueves 07/03/2019;M;T;O;N;D;D
Viernes 08/03/2019;M;T;O;N;D;D
Sábado 09/03/2019;T;N;D;D;D;M
Domingo 10/03/2019;T;N;D;D;D;M
Lunes 11/03/2019;N;D;M;D;O;T
Martes 12/03/2019;N;D;M;D;O;T
Miércoles 13/03/2019;D;D;T;M;O;N
Jueves 14/03/2019;D;D;T;M;O;N
Viernes 15/03/2019;D;M;N;T;O;D
Sábado 16/03/2019;D;M;N;T;D;D
Domingo 17/03/2019;M;T;D;N;D;D
Lunes 18/03/2019;M;T;D;N;O;D
Martes 19/03/2019;T;N;D;D;O;M
Miércoles 20/03/2019;T;N;D;D;O;M
Jueves 21/03/2019;N;D;M;D;O;T
Viernes 22/03/2019;N;D;M;D;O;T
Sábado 23/03/2019;D;D;T;M;D;N
Domingo 24/03/2019;D;D;T;M;D;N
Lunes 25/03/2019;D;O;N;T;M;D
Martes 26/03/2019;D;O;N;T;M;D
Miércoles 27/03/2019;M;O;D;N;T;D
Jueves 28/03/2019;M;O;D;N;T;D
Viernes 29/03/2019;T;O;D;D;N;M
Sábado 30/03/2019;T;D;D;D;N;M
Domingo 31/03/2019;N;D;M;D;D;T
Lunes 01/04/2019;N;O;M;D;D;T
Martes 02/04/2019;D;O;T;M;D;N
Miércoles 03/04/2019;D;O;T;M;D;N
Jueves 04/04/2019;D;O;N;T;M;D
Viernes 05/04/2019;D;O;N;T;M;D
Sábado 06/04/2019;M;D;D;N;T;D
Domingo 07/04/2019;M;D;D;N;T;D
Lunes 08/04/2019;T;M;D;D;N;O
Martes 09/04/2019;T;M;D;D;N;O
Miércoles 10/04/2019;N;T;M;D;D;O
Jueves 11/04/2019;N;T;M;D;D;O
Viernes 12/04/2019;D;N;T;M;D;O
Sábado 13/04/2019;D;N;T;M;D;D
Domingo 14/04/2019;D;D;N;T;M;D
Lunes 15/04/2019;D;D;N;T;M;O
Martes 16/04/2019;M;D;D;N;T;O
Miércoles 17/04/2019;M;D;D;N;T;O
Jueves 18/04/2019;T;M;D;D;N;O
Viernes 19/04/2019;T;M;D;D;N;O
Sábado 20/04/2019;N;T;M;D;D;D
Domingo 21/04/2019;N;T;M;D;D;D
Lunes 22/04/2019;D;N;T;O;D;M
Martes 23/04/2019;D;N;T;O;D;M
Miércoles 24/04/2019;D;D;N;O;M;T
Jueves 25/04/2019;D;D;N;O;M;T
Viernes 26/04/2019;M;D;D;O;T;N
Sábado 27/04/2019;M;D;D;D;T;N
Domingo 28/04/2019;T;M;D;D;N;D
Lunes 29/04/2019;T;M;D;O;N;D
Martes 30/04/2019;N;T;M;O;D;D
Miércoles 01/05/2019;N;T;M;O;D;D
Jueves 02/05/2019;D;N;T;O;D;M
Viernes 03/05/2019;D;N;T;O;D;M
Sábado 04/05/2019;D;D;N;D;M;T
Domingo 05/05/2019;D;D;N;D;M;T
Lunes 06/05/2019;M;D;D;O;T;N
Martes 07/05/2019;M;D;D;O;T;N
Miércoles 08/05/2019;T;M;D;O;N;D
Jueves 09/05/2019;T;M;D;O;N;D
Viernes 10/05/2019;N;T;M;O;D;D
Sábado 11/05/2019;N;T;M;D;D;D
Domingo 12/05/2019;D;N;T;D;D;M
Lunes 13/05/2019;D;N;T;O;D;M
Martes 14/05/2019;D;D;N;O;M;T
Miércoles 15/05/2019;D;D;N;O;M;T
Jueves 16/05/2019;M;D;D;O;T;N
Viernes 17/05/2019;M;D;D;O;T;N
Sábado 18/05/2019;T;M;D;D;N;D
Domingo 19/05/2019;T;M;D;D;N;D
Lunes 20/05/2019;N;T;O;M;D;D
Martes 21/05/2019;N;T;O;M;D;D
Miércoles 22/05/2019;D;N;O;T;D;M
Jueves 23/05/2019;D;N;O;T;D;M
Viernes 24/05/2019;D;D;O;N;M;T
Sábado 25/05/2019;D;D;D;N;M;T
Domingo 26/05/2019;M;D;D;D;T;N
Lunes 27/05/2019;M;D;O;D;T;N
Martes 28/05/2019;T;M;O;D;N;D
Miércoles 29/05/2019;T;M;O;D;N;D
Jueves 30/05/2019;N;T;O;M;D;D
Viernes 31/05/2019;N;T;O;M;D;D
Sábado 01/06/2019;D;N;D;T;D;M
Domingo 02/06/2019;D;N;D;T;D;M
Lunes 03/06/2019;D;D;O;N;M;T
Martes 04/06/2019;D;D;O;N;M;T
Miércoles 05/06/2019;M;D;O;D;T;N
Jueves 06/06/2019;M;D;O;D;T;N
Viernes 07/06/2019;T;M;O;D;N;D
Sábado 08/06/2019;T;M;D;D;N;D
Domingo 09/06/2019;N;T;D;M;D;D
Lunes 10/06/2019;N;T;O;M;D;D
Martes 11/06/2019;D;N;O;T;D;M
Miércoles 12/06/2019;D;N;O;T;D;M
Jueves 13/06/2019;D;D;O;N;M;T
Viernes 14/06/2019;D;D;O;N;M;T
Sábado 15/06/2019;M;D;D;D;T;N
Domingo 16/06/2019;M;D;D;D;T;N
Lunes 17/06/2019;T;O;M;D;N;D
Martes 18/06/2019;T;O;M;D;N;D
Miércoles 19/06/2019;N;O;T;M;D;D
Jueves 20/06/2019;N;O;T;M;D;D
Viernes 21/06/2019;D;O;N;T;D;M
Sábado 22/06/2019;D;D;N;T;D;M
Domingo 23/06/2019;D;D;D;N;M;T
Lunes 24/06/2019;D;O;D;N;M;T
Martes 25/06/2019;M;O;D;D;T;N
Miércoles 26/06/2019;M;O;D;D;T;N
Jueves 27/06/2019;T;O;M;D;N;D
Viernes 28/06/2019;T;O;M;D;N;D
Sábado 29/06/2019;N;D;T;M;D;D
Domingo 30/06/2019;N;D;T;M;D;D
Lunes 01/07/2019;D;O;N;T;D;M
Martes 02/07/2019;D;O;N;T;D;M
Miércoles 03/07/2019;D;O;D;N;M;T
Jueves 04/07/2019;D;O;D;N;M;T
Viernes 05/07/2019;M;O;D;D;T;N
Sábado 06/07/2019;M;D;D;D;T;N
Domingo 07/07/2019;T;D;M;D;N;D
Lunes 08/07/2019;T;O;M;D;N;D
Martes 09/07/2019;N;O;T;M;D;D
Miércoles 10/07/2019;N;O;T;M;D;D
Jueves 11/07/2019;D;O;N;T;D;M
Viernes 12/07/2019;D;O;N;T;D;M
Sábado 13/07/2019;D;D;D;N;M;T
Domingo 14/07/2019;D;D;D;N;M;T
Lunes 15/07/2019;O;M;D;D;T;N
Martes 16/07/2019;O;M;D;D;T;N
Miércoles 17/07/2019;O;T;M;D;N;D
Jueves 18/07/2019;O;T;M;D;N;D
Viernes 19/07/2019;O;N;T;M;D;D
Sábado 20/07/2019;D;N;T;M;D;D
Domingo 21/07/2019;D;D;N;T;D;M
Lunes 22/07/2019;O;D;N;T;D;M
Martes 23/07/2019;O;D;D;N;M;T
Miércoles 24/07/2019;O;D;D;N;M;T
Jueves 25/07/2019;O;M;D;D;T;N
Viernes 26/07/2019;O;M;D;D;T;N
Sábado 27/07/2019;D;T;M;D;N;D
Domingo 28/07/2019;D;T;M;D;N;D
Lunes 29/07/2019;O;N;T;M;D;D
Martes 30/07/2019;O;N;T;M;D;D
Miércoles 31/07/2019;O;D;N;T;D;M
Jueves 01/08/2019;O;D;N;T;D;M
Viernes 02/08/2019;O;D;D;N;M;T
Sábado 03/08/2019;D;D;D;N;M;T
Domingo 04/08/2019;D;M;D;D;T;N
Lunes 05/08/2019;O;M;D;D;T;N
Martes 06/08/2019;O;T;M;D;N;D
Miércoles 07/08/2019;O;T;M;D;N;D
Jueves 08/08/2019;O;N;T;M;D;D
Viernes 09/08/2019;O;N;T;M;D;D
Sábado 10/08/2019;D;D;N;T;D;M
Domingo 11/08/2019;D;D;N;T;D;M
Lunes 12/08/2019;M;D;D;N;O;T
Martes 13/08/2019;M;D;D;N;O;T
Miércoles 14/08/2019;T;M;D;D;O;N
Jueves 15/08/2019;T;M;D;D;O;N
Viernes 16/08/2019;N;T;M;D;O;D
Sábado 17/08/2019;N;T;M;D;D;D
Domingo 18/08/2019;D;N;T;M;D;D
Lunes 19/08/2019;D;N;T;M;O;D
Martes 20/08/2019;D;D;N;T;O;M
Miércoles 21/08/2019;D;D;N;T;O;M
Jueves 22/08/2019;M;D;D;N;O;T
Viernes 23/08/2019;M;D;D;N;O;T
Sábado 24/08/2019;T;M;D;D;D;N
Domingo 25/08/2019;T;M;D;D;D;N
Lunes 26/08/2019;N;T;M;D;O;D
Martes 27/08/2019;N;T;M;D;O;D
Miércoles 28/08/2019;D;N;T;M;O;D
Jueves 29/08/2019;D;N;T;M;O;D
Viernes 30/08/2019;D;D;N;T;O;M
Sábado 31/08/2019;D;D;N;T;D;M
Domingo 01/09/2019;M;D;D;N;D;T
Lunes 02/09/2019;M;D;D;N;O;T
Martes 03/09/2019;T;M;D;D;O;N
Miércoles 04/09/2019;T;M;D;D;O;N
Jueves 05/09/2019;N;T;M;D;O;D
Viernes 06/09/2019;N;T;M;D;O;D
Sábado 07/09/2019;D;N;T;M;D;D
Domingo 08/09/2019;D;N;T;M;D;D
Lunes 09/09/2019;D;D;N;T;M;O
Martes 10/09/2019;D;D;N;T;M;O
Miércoles 11/09/2019;M;D;D;N;T;O
Jueves 12/09/2019;M;D;D;N;T;O
Viernes 13/09/2019;T;M;D;D;N;O
Sábado 14/09/2019;T;M;D;D;N;D
Domingo 15/09/2019;N;T;M;D;D;D
Lunes 16/09/2019;N;T;M;D;D;O
Martes 17/09/2019;D;N;T;M;D;O
Miércoles 18/09/2019;D;N;T;M;D;O
Jueves 19/09/2019;D;D;N;T;M;O
Viernes 20/09/2019;D;D;N;T;M;O
Sábado 21/09/2019;M;D;D;N;T;D
Domingo 22/09/2019;M;D;D;N;T;D
Lunes 23/09/2019;T;M;D;D;N;O
Martes 24/09/2019;T;M;D;D;N;O
Miércoles 25/09/2019;N;T;M;D;D;O
Jueves 26/09/2019;N;T;M;D;D;O
Viernes 27/09/2019;D;N;T;M;D;O
Sábado 28/09/2019;D;N;T;M;D;D
Domingo 29/09/2019;D;D;N;T;M;D
Lunes 30/09/2019;D;D;N;T;M;O
Martes 01/10/2019;M;D;D;N;T;O
Miércoles 02/10/2019;M;D;D;N;T;O
Jueves 03/10/2019;T;M;D;D;N;O
Viernes 04/10/2019;T;M;D;D;N;O
Sábado 05/10/2019;N;T;M;D;D;D
Domingo 06/10/2019;N;T;M;D;D;D
Lunes 07/10/2019;D;N;T;O;D;M
Martes 08/10/2019;D;N;T;O;D;M
Miércoles 09/10/2019;D;D;N;O;M;T
Jueves 10/10/2019;D;D;N;O;M;T
Viernes 11/10/2019;M;D;D;O;T;N
Sábado 12/10/2019;M;D;D;D;T;N
Domingo 13/10/2019;T;M;D;D;N;D
Lunes 14/10/2019;T;M;D;O;N;D
Martes 15/10/2019;N;T;M;O;D;D
Miércoles 16/10/2019;N;T;M;O;D;D
Jueves 17/10/2019;D;N;T;O;D;M
Viernes 18/10/2019;D;N;T;O;D;M
Sábado 19/10/2019;D;D;N;D;M;T
Domingo 20/10/2019;D;D;N;D;M;T
Lunes 21/10/2019;O;D;D;M;T;N
Martes 22/10/2019;O;D;D;M;T;N
Miércoles 23/10/2019;O;M;D;T;N;D
Jueves 24/10/2019;O;M;D;T;N;D
Viernes 25/10/2019;O;T;M;N;D;D
Sábado 26/10/2019;D;T;M;N;D;D
Domingo 27/10/2019;D;N;T;D;D;M
Lunes 28/10/2019;O;N;T;D;D;M
Martes 29/10/2019;O;D;N;D;M;T
Miércoles 30/10/2019;O;D;N;D;M;T
Jueves 31/10/2019;O;D;D;M;T;N
Viernes 01/11/2019;O;D;D;M;T;N
Sábado 02/11/2019;D;M;D;T;N;D
Domingo 03/11/2019;D;M;D;T;N;D
Lunes 04/11/2019;M;T;O;N;D;D
Martes 05/11/2019;M;T;O;N;D;D
Miércoles 06/11/2019;T;N;O;D;D;M
Jueves 07/11/2019;T;N;O;D;D;M
Viernes 08/11/2019;N;D;O;D;M;T
Sábado 09/11/2019;N;D;D;D;M;T
Domingo 10/11/2019;D;D;D;M;T;N
Lunes 11/11/2019;D;D;O;M;T;N
Martes 12/11/2019;D;M;O;T;N;D
Miércoles 13/11/2019;D;M;O;T;N;D
Jueves 14/11/2019;M;T;O;N;D;D
Viernes 15/11/2019;M;T;O;N;D;D
Sábado 16/11/2019;T;N;D;D;D;M
Domingo 17/11/2019;T;N;D;D;D;M
Lunes 18/11/2019;N;D;M;D;O;T
Martes 19/11/2019;N;D;M;D;O;T
Miércoles 20/11/2019;D;D;T;M;O;N
Jueves 21/11/2019;D;D;T;M;O;N
Viernes 22/11/2019;D;M;N;T;O;D
Sábado 23/11/2019;D;M;N;T;D;D
Domingo 24/11/2019;M;T;D;N;D;D
Lunes 25/11/2019;M;T;D;N;O;D
Martes 26/11/2019;T;N;D;D;O;M
Miércoles 27/11/2019;T;N;D;D;O;M
Jueves 28/11/2019;N;D;M;D;O;T
Viernes 29/11/2019;N;D;M;D;O;T
Sábado 30/11/2019;D;D;T;M;D;N
Domingo 01/12/2019;D;D;T;M;D;N
Lunes 02/12/2019;D;O;N;T;M;D
Martes 03/12/2019;D;O;N;T;M;D
Miércoles 04/12/2019;M;O;D;N;T;D
Jueves 05/12/2019;M;O;D;N;T;D
Viernes 06/12/2019;T;O;D;D;N;M
Sábado 07/12/2019;T;D;D;D;N;M
Domingo 08/12/2019;N;D;M;D;D;T
Lunes 09/12/2019;N;O;M;D;D;T
Martes 10/12/2019;D;O;T;M;D;N
Miércoles 11/12/2019;D;O;T;M;D;N
Jueves 12/12/2019;D;O;N;T;M;D
Viernes 13/12/2019;D;O;N;T;M;D
Sábado 14/12/2019;M;D;D;N;T;D
Domingo 15/12/2019;M;D;D;N;T;D
Lunes 16/12/2019;T;M;D;D;N;O
Martes 17/12/2019;T;M;D;D;N;O
Miércoles 18/12/2019;N;T;M;D;D;O
Jueves 19/12/2019;N;T;M;D;D;O
Viernes 20/12/2019;D;N;T;M;D;O
Sábado 21/12/2019;D;N;T;M;D;D
Domingo 22/12/2019;D;D;N;T;M;D
Lunes 23/12/2019;D;D;N;T;M;O
Martes 24/12/2019;M;D;D;N;T;O
Miércoles 25/12/2019;M;D;D;N;T;O
Jueves 26/12/2019;T;M;D;D;N;O
Viernes 27/12/2019;T;M;D;D;N;O
Sábado 28/12/2019;N;T;M;D;D;D
Domingo 29/12/2019;N;T;M;D;D;D
Lunes 30/12/2019;D;N;T;O;D;M
Martes 31/12/2019;D;N;T;O;D;M
Miércoles 01/01/2020;D;D;N;O;M;T
Jueves 02/01/2020;D;D;N;O;M;T
Viernes 03/01/2020;M;D;D;O;T;N
Sábado 04/01/2020;M;D;D;D;T;N
Domingo 05/01/2020;T;M;D;D;N;D
Lunes 06/01/2020;T;M;D;O;N;D
Martes 07/01/2020;N;T;M;O;D;D
Miércoles 08/01/2020;N;T;M;O;D;D
Jueves 09/01/2020;D;N;T;O;D;M
Viernes 10/01/2020;D;N;T;O;D;M
Sábado 11/01/2020;D;D;N;D;M;T
Domingo 12/01/2020;D;D;N;D;M;T
Lunes 13/01/2020;O;D;D;M;T;N
Martes 14/01/2020;O;D;D;M;T;N
Miércoles 15/01/2020;O;M;D;T;N;D
Jueves 16/01/2020;O;M;D;T;N;D
Viernes 17/01/2020;O;T;M;N;D;D
Sábado 18/01/2020;D;T;M;N;D;D
Domingo 19/01/2020;D;N;T;D;D;M
Lunes 20/01/2020;O;N;T;D;D;M
Martes 21/01/2020;O;D;N;D;M;T
Miércoles 22/01/2020;O;D;N;D;M;T
Jueves 23/01/2020;O;D;D;M;T;N
Viernes 24/01/2020;O;D;D;M;T;N
Sábado 25/01/2020;D;M;D;T;N;D
Domingo 26/01/2020;D;M;D;T;N;D
Lunes 27/01/2020;M;T;O;N;D;D
Martes 28/01/2020;M;T;O;N;D;D
Miércoles 29/01/2020;T;N;O;D;D;M
Jueves 30/01/2020;T;N;O;D;D;M
Viernes 31/01/2020;N;D;O;D;M;T
Sábado 01/02/2020;N;D;D;D;M;T
Domingo 02/02/2020;D;D;D;M;T;N
Lunes 03/02/2020;D;D;O;M;T;N
Martes 04/02/2020;D;M;O;T;N;D
Miércoles 05/02/2020;D;M;O;T;N;D
Jueves 06/02/2020;M;T;O;N;D;D
Viernes 07/02/2020;M;T;O;N;D;D
Sábado 08/02/2020;T;N;D;D;D;M
Domingo 09/02/2020;T;N;D;D;D;M
Lunes 10/02/2020;N;D;M;D;O;T
Martes 11/02/2020;N;D;M;D;O;T
Miércoles 12/02/2020;D;D;T;M;O;N
Jueves 13/02/2020;D;D;T;M;O;N
Viernes 14/02/2020;D;M;N;T;O;D
Sábado 15/02/2020;D;M;N;T;D;D
Domingo 16/02/2020;M;T;D;N;D;D
Lunes 17/02/2020;M;T;D;N;O;D
Martes 18/02/2020;T;N;D;D;O;M
Miércoles 19/02/2020;T;N;D;D;O;M
Jueves 20/02/2020;N;D;M;D;O;T
Viernes 21/02/2020;N;D;M;D;O;T
Sábado 22/02/2020;D;D;T;M;D;N
Domingo 23/02/2020;D;D;T;M;D;N
Lunes 24/02/2020;D;O;N;T;M;D
Martes 25/02/2020;D;O;N;T;M;D
Miércoles 26/02/2020;M;O;D;N;T;D
Jueves 27/02/2020;M;O;D;N;T;D
Viernes 28/02/2020;T;O;D;D;N;M
Sábado 29/02/2020;T;D;D;D;N;M
Domingo 01/03/2020;N;D;M;D;D;T
Lunes 02/03/2020;N;O;M;D;D;T
Martes 03/03/2020;D;O;T;M;D;N
Miércoles 04/03/2020;D;O;T;M;D;N
Jueves 05/03/2020;D;O;N;T;M;D
Viernes 06/03/2020;D;O;N;T;M;D
Sábado 07/03/2020;M;D;D;N;T;D
Domingo 08/03/2020;M;D;D;N;T;D
Lunes 09/03/2020;T;M;D;D;N;O
Martes 10/03/2020;T;M;D;D;N;O
Miércoles 11/03/2020;N;T;M;D;D;O
Jueves 12/03/2020;N;T;M;D;D;O
Viernes 13/03/2020;D;N;T;M;D;O
Sábado 14/03/2020;D;N;T;M;D;D
Domingo 15/03/2020;D;D;N;T;M;D
Lunes 16/03/2020;D;D;N;T;M;O
Martes 17/03/2020;M;D;D;N;T;O
Miércoles 18/03/2020;M;D;D;N;T;O
Jueves 19/03/2020;T;M;D;D;N;O
Viernes 20/03/2020;T;M;D;D;N;O
Sábado 21/03/2020;N;T;M;D;D;D
Domingo 22/03/2020;N;T;M;D;D;D
Lunes 23/03/2020;D;N;T;O;D;M
Martes 24/03/2020;D;N;T;O;D;M
Miércoles 25/03/2020;D;D;N;O;M;T
Jueves 26/03/2020;D;D;N;O;M;T
Viernes 27/03/2020;M;D;D;O;T;N
Sábado 28/03/2020;M;D;D;D;T;N
Domingo 29/03/2020;T;M;D;D;N;D
Lunes 30/03/2020;T;M;D;O;N;D
Martes 31/03/2020;N;T;M;O;D;D
Miércoles 01/04/2020;N;T;M;O;D;D
Jueves 02/04/2020;D;N;T;O;D;M
Viernes 03/04/2020;D;N;T;O;D;M
Sábado 04/04/2020;D;D;N;D;M;T
Domingo 05/04/2020;D;D;N;D;M;T
Lunes 06/04/2020;O;D;D;M;T;N
Martes 07/04/2020;O;D;D;M;T;N
Miércoles 08/04/2020;O;M;D;T;N;D
Jueves 09/04/2020;O;M;D;T;N;D
Viernes 10/04/2020;O;T;M;N;D;D
Sábado 11/04/2020;D;T;M;N;D;D
Domingo 12/04/2020;D;N;T;D;D;M
Lunes 13/04/2020;O;N;T;D;D;M
Martes 14/04/2020;O;D;N;D;M;T
Miércoles 15/04/2020;O;D;N;D;M;T
Jueves 16/04/2020;O;D;D;M;T;N
Viernes 17/04/2020;O;D;D;M;T;N
Sábado 18/04/2020;D;M;D;T;N;D
Domingo 19/04/2020;D;M;D;T;N;D
Lunes 20/04/2020;M;T;O;N;D;D
Martes 21/04/2020;M;T;O;N;D;D
Miércoles 22/04/2020;T;N;O;D;D;M
Jueves 23/04/2020;T;N;O;D;D;M
Viernes 24/04/2020;N;D;O;D;M;T
Sábado 25/04/2020;N;D;D;D;M;T
Domingo 26/04/2020;D;D;D;M;T;N
Lunes 27/04/2020;D;D;O;M;T;N
Martes 28/04/2020;D;M;O;T;N;D
Miércoles 29/04/2020;D;M;O;T;N;D
Jueves 30/04/2020;M;T;O;N;D;D
Viernes 01/05/2020;M;T;O;N;D;D
Sábado 02/05/2020;T;N;D;D;D;M
Domingo 03/05/2020;T;N;D;D;D;M
Lunes 04/05/2020;N;D;M;D;O;T
Martes 05/05/2020;N;D;M;D;O;T
Miércoles 06/05/2020;D;D;T;M;O;N
Jueves 07/05/2020;D;D;T;M;O;N
Viernes 08/05/2020;D;M;N;T;O;D
Sábado 09/05/2020;D;M;N;T;D;D
Domingo 10/05/2020;M;T;D;N;D;D
Lunes 11/05/2020;M;T;D;N;O;D
Martes 12/05/2020;T;N;D;D;O;M
Miércoles 13/05/2020;T;N;D;D;O;M
Jueves 14/05/2020;N;D;M;D;O;T
Viernes 15/05/2020;N;D;M;D;O;T
Sábado 16/05/2020;D;D;T;M;D;N
Domingo 17/05/2020;D;D;T;M;D;N
Lunes 18/05/2020;D;M;N;T;O;D
Martes 19/05/2020;D;M;N;T;O;D
Miércoles 20/05/2020;M;T;D;N;O;D
Jueves 21/05/2020;M;T;D;N;O;D
Viernes 22/05/2020;T;N;D;D;O;M
Sábado 23/05/2020;T;N;D;D;D;M
Domingo 24/05/2020;N;D;M;D;D;T
Lunes 25/05/2020;N;D;M;D;O;T
Martes 26/05/2020;D;D;T;M;O;N
Miércoles 27/05/2020;D;D;T;M;O;N
Jueves 28/05/2020;D;M;N;T;O;D
Viernes 29/05/2020;D;M;N;T;O;D
Sábado 30/05/2020;M;T;D;N;D;D
Domingo 31/05/2020;M;T;D;N;D;D
Lunes 01/06/2020;T;N;D;D;M;O
Martes 02/06/2020;T;N;D;D;M;O
Miércoles 03/06/2020;N;D;M;D;T;O
Jueves 04/06/2020;N;D;M;D;T;O
Viernes 05/06/2020;D;D;T;M;N;O
Sábado 06/06/2020;D;D;T;M;N;D
Domingo 07/06/2020;D;M;N;T;D;D
Lunes 08/06/2020;D;M;N;T;D;O
Martes 09/06/2020;M;T;D;N;D;O
Miércoles 10/06/2020;M;T;D;N;D;O
Jueves 11/06/2020;T;N;D;D;M;O
Viernes 12/06/2020;T;N;D;D;M;O
Sábado 13/06/2020;N;D;M;D;T;D
Domingo 14/06/2020;N;D;M;D;T;D
Lunes 15/06/2020;D;D;T;M;N;O
Martes 16/06/2020;D;D;T;M;N;O
Miércoles 17/06/2020;D;M;N;T;D;O
Jueves 18/06/2020;D;M;N;T;D;O
Viernes 19/06/2020;M;T;D;N;D;O
Sábado 20/06/2020;M;T;D;N;D;D
Domingo 21/06/2020;T;N;D;D;M;D
Lunes 22/06/2020;T;N;D;D;M;O
Martes 23/06/2020;N;D;M;D;T;O
Miércoles 24/06/2020;N;D;M;D;T;O
Jueves 25/06/2020;D;D;T;M;N;O
Viernes 26/06/2020;D;D;T;M;N;O
Sábado 27/06/2020;D;M;N;T;D;D
Domingo 28/06/2020;D;M;N;T;D;D
Lunes 29/06/2020;O;T;D;N;D;M
Martes 30/06/2020;O;T;D;N;D;M
Miércoles 01/07/2020;O;N;D;D;M;T
Jueves 02/07/2020;O;N;D;D;M;T
Viernes 03/07/2020;O;D;M;D;T;N
Sábado 04/07/2020;D;D;M;D;T;N
Domingo 05/07/2020;D;D;T;M;N;D
Lunes 06/07/2020;O;D;T;M;N;D
Martes 07/07/2020;O;M;N;T;D;D
Miércoles 08/07/2020;O;M;N;T;D;D
Jueves 09/07/2020;O;T;D;N;D;M
Viernes 10/07/2020;O;T;D;N;D;M
Sábado 11/07/2020;D;N;D;D;M;T
Domingo 12/07/2020;D;N;D;D;M;T
Lunes 13/07/2020;O;D;M;D;T;N
Martes 14/07/2020;O;D;M;D;T;N
Miércoles 15/07/2020;O;D;T;M;N;D
Jueves 16/07/2020;O;D;T;M;N;D
Viernes 17/07/2020;O;M;N;T;D;D
Sábado 18/07/2020;D;M;N;T;D;D
Domingo 19/07/2020;D;T;D;N;D;M
Lunes 20/07/2020;O;T;D;N;D;M
Martes 21/07/2020;O;N;D;D;M;T
Miércoles 22/07/2020;O;N;D;D;M;T
Jueves 23/07/2020;O;D;M;D;T;N
Viernes 24/07/2020;O;D;M;D;T;N
Sábado 25/07/2020;D;D;T;M;N;D
Domingo 26/07/2020;D;D;T;M;N;D
Lunes 27/07/2020;M;O;N;T;D;D
Martes 28/07/2020;M;O;N;T;D;D
Miércoles 29/07/2020;T;O;D;N;D;M
Jueves 30/07/2020;T;O;D;N;D;M
Viernes 31/07/2020;N;O;D;D;M;T
Sábado 01/08/2020;N;D;D;D;M;T
Domingo 02/08/2020;D;D;M;D;T;N
Lunes 03/08/2020;D;O;M;D;T;N
Martes 04/08/2020;D;O;T;M;N;D
Miércoles 05/08/2020;D;O;T;M;N;D
Jueves 06/08/2020;M;O;N;T;D;D
Viernes 07/08/2020;M;O;N;T;D;D
Sábado 08/08/2020;T;D;D;N;D;M
Domingo 09/08/2020;T;D;D;N;D;M
Lunes 10/08/2020;N;O;D;D;M;T
Martes 11/08/2020;N;O;D;D;M;T
Miércoles 12/08/2020;D;O;M;D;T;N
Jueves 13/08/2020;D;O;M;D;T;N
Viernes 14/08/2020;D;O;T;M;N;D
Sábado 15/08/2020;D;D;T;M;N;D
Domingo 16/08/2020;M;D;N;T;D;D
Lunes 17/08/2020;M;O;N;T;D;D
Martes 18/08/2020;T;O;D;N;D;M
Miércoles 19/08/2020;T;O;D;N;D;M
Jueves 20/08/2020;N;O;D;D;M;T
Viernes 21/08/2020;N;O;D;D;M;T
Sábado 22/08/2020;D;D;M;D;T;N
Domingo 23/08/2020;D;D;M;D;T;N
Lunes 24/08/2020;D;M;T;O;N;D
Martes 25/08/2020;D;M;T;O;N;D
Miércoles 26/08/2020;M;T;N;O;D;D
Jueves 27/08/2020;M;T;N;O;D;D
Viernes 28/08/2020;T;N;D;O;D;M
Sábado 29/08/2020;T;N;D;D;D;M
Domingo 30/08/2020;N;D;D;D;M;T
Lunes 31/08/2020;N;D;D;O;M;T
Martes 01/09/2020;D;D;M;O;T;N
Miércoles 02/09/2020;D;D;M;O;T;N
Jueves 03/09/2020;D;M;T;O;N;D
Viernes 04/09/2020;D;M;T;O;N;D
Sábado 05/09/2020;M;T;N;D;D;D
Domingo 06/09/2020;M;T;N;D;D;D
Lunes 07/09/2020;T;N;D;O;D;M
Martes 08/09/2020;T;N;D;O;D;M
Miércoles 09/09/2020;N;D;D;O;M;T
Jueves 10/09/2020;N;D;D;O;M;T
Viernes 11/09/2020;D;D;M;O;T;N
Sábado 12/09/2020;D;D;M;D;T;N
Domingo 13/09/2020;D;M;T;D;N;D
Lunes 14/09/2020;D;M;T;O;N;D
Martes 15/09/2020;M;T;N;O;D;D
Miércoles 16/09/2020;M;T;N;O;D;D
Jueves 17/09/2020;T;N;D;O;D;M
Viernes 18/09/2020;T;N;D;O;D;M
Sábado 19/09/2020;N;D;D;D;M;T
Domingo 20/09/2020;N;D;D;D;M;T
Lunes 21/09/2020;D;D;O;M;T;N
Martes 22/09/2020;D;D;O;M;T;N
Miércoles 23/09/2020;D;M;O;T;N;D
Jueves 24/09/2020;D;M;O;T;N;D
Viernes 25/09/2020;M;T;O;N;D;D
Sábado 26/09/2020;M;T;D;N;D;D
Domingo 27/09/2020;T;N;D;D;D;M
Lunes 28/09/2020;T;N;O;D;D;M
Martes 29/09/2020;N;D;O;D;M;T
Miércoles 30/09/2020;N;D;O;D;M;T
Jueves 01/10/2020;D;D;O;M;T;N
Viernes 02/10/2020;D;D;O;M;T;N
Sábado 03/10/2020;D;M;D;T;N;D
Domingo 04/10/2020;D;M;D;T;N;D
Lunes 05/10/2020;M;T;O;N;D;D
Martes 06/10/2020;M;T;O;N;D;D
Miércoles 07/10/2020;T;N;O;D;D;M
Jueves 08/10/2020;T;N;O;D;D;M
Viernes 09/10/2020;N;D;O;D;M;T
Sábado 10/10/2020;N;D;D;D;M;T
Domingo 11/10/2020;D;D;D;M;T;N
Lunes 12/10/2020;D;D;O;M;T;N
Martes 13/10/2020;D;M;O;T;N;D
Miércoles 14/10/2020;D;M;O;T;N;D
Jueves 15/10/2020;M;T;O;N;D;D
Viernes 16/10/2020;M;T;O;N;D;D
Sábado 17/10/2020;T;N;D;D;D;M
Domingo 18/10/2020;T;N;D;D;D;M
Lunes 19/10/2020;N;D;M;D;O;T
Martes 20/10/2020;N;D;M;D;O;T
Miércoles 21/10/2020;D;D;T;M;O;N
Jueves 22/10/2020;D;D;T;M;O;N
Viernes 23/10/2020;D;M;N;T;O;D
Sábado 24/10/2020;D;M;N;T;D;D
Domingo 25/10/2020;M;T;D;N;D;D
Lunes 26/10/2020;M;T;D;N;O;D
Martes 27/10/2020;T;N;D;D;O;M
Miércoles 28/10/2020;T;N;D;D;O;M
Jueves 29/10/2020;N;D;M;D;O;T
Viernes 30/10/2020;N;D;M;D;O;T
Sábado 31/10/2020;D;D;T;M;D;N
Domingo 01/11/2020;D;D;T;M;D;N
Lunes 02/11/2020;D;O;N;T;M;D
Martes 03/11/2020;D;O;N;T;M;D
Miércoles 04/11/2020;M;O;D;N;T;D
Jueves 05/11/2020;M;O;D;N;T;D
Viernes 06/11/2020;T;O;D;D;N;M
Sábado 07/11/2020;T;D;D;D;N;M
Domingo 08/11/2020;N;D;M;D;D;T
Lunes 09/11/2020;N;O;M;D;D;T
Martes 10/11/2020;D;O;T;M;D;N
Miércoles 11/11/2020;D;O;T;M;D;N
Jueves 12/11/2020;D;O;N;T;M;D
Viernes 13/11/2020;D;O;N;T;M;D
Sábado 14/11/2020;M;D;D;N;T;D
Domingo 15/11/2020;M;D;D;N;T;D
Lunes 16/11/2020;T;M;D;D;N;O
Martes 17/11/2020;T;M;D;D;N;O
Miércoles 18/11/2020;N;T;M;D;D;O
Jueves 19/11/2020;N;T;M;D;D;O
Viernes 20/11/2020;D;N;T;M;D;O
Sábado 21/11/2020;D;N;T;M;D;D
Domingo 22/11/2020;D;D;N;T;M;D
Lunes 23/11/2020;D;D;N;T;M;O
Martes 24/11/2020;M;D;D;N;T;O
Miércoles 25/11/2020;M;D;D;N;T;O
Jueves 26/11/2020;T;M;D;D;N;O
Viernes 27/11/2020;T;M;D;D;N;O
Sábado 28/11/2020;N;T;M;D;D;D
Domingo 29/11/2020;N;T;M;D;D;D
Lunes 30/11/2020;D;N;T;O;D;M
Martes 01/12/2020;D;N;T;O;D;M
Miércoles 02/12/2020;D;D;N;O;M;T
Jueves 03/12/2020;D;D;N;O;M;T
Viernes 04/12/2020;M;D;D;O;T;N
Sábado 05/12/2020;M;D;D;D;T;N
Domingo 06/12/2020;T;M;D;D;N;D
Lunes 07/12/2020;T;M;D;O;N;D
Martes 08/12/2020;N;T;M;O;D;D
Miércoles 09/12/2020;N;T;M;O;D;D
Jueves 10/12/2020;D;N;T;O;D;M
Viernes 11/12/2020;D;N;T;O;D;M
Sábado 12/12/2020;D;D;N;D;M;T
Domingo 13/12/2020;D;D;N;D;M;T
Lunes 14/12/2020;O;D;D;M;T;N
Martes 15/12/2020;O;D;D;M;T;N
Miércoles 16/12/2020;O;M;D;T;N;D
Jueves 17/12/2020;O;M;D;T;N;D
Viernes 18/12/2020;O;T;M;N;D;D
Sábado 19/12/2020;D;T;M;N;D;D
Domingo 20/12/2020;D;N;T;D;D;M
Lunes 21/12/2020;O;N;T;D;D;M
Martes 22/12/2020;O;D;N;D;M;T
Miércoles 23/12/2020;O;D;N;D;M;T
Jueves 24/12/2020;O;D;D;M;T;N
Viernes 25/12/2020;O;D;D;M;T;N
Sábado 26/12/2020;D;M;D;T;N;D
Domingo 27/12/2020;D;M;D;T;N;D
Lunes 28/12/2020;M;T;O;N;D;D
Martes 29/12/2020;M;T;O;N;D;D
Miércoles 30/12/2020;T;N;O;D;D;M
Jueves 31/12/2020;T;N;O;D;D;M
Viernes 01/01/2021;N;D;O;D;M;T
Sábado 02/01/2021;N;D;D;D;M;T
Domingo 03/01/2021;D;D;D;M;T;N
Lunes 04/01/2021;D;D;O;M;T;N
Martes 05/01/2021;D;M;O;T;N;D
Miércoles 06/01/2021;D;M;O;T;N;D
Jueves 07/01/2021;M;T;O;N;D;D
Viernes 08/01/2021;M;T;O;N;D;D
Sábado 09/01/2021;T;N;D;D;D;M
Domingo 10/01/2021;T;N;D;D;D;M
Lunes 11/01/2021;N;D;M;D;O;T
Martes 12/01/2021;N;D;M;D;O;T
Miércoles 13/01/2021;D;D;T;M;O;N
Jueves 14/01/2021;D;D;T;M;O;N
Viernes 15/01/2021;D;M;N;T;O;D
Sábado 16/01/2021;D;M;N;T;D;D
Domingo 17/01/2021;M;T;D;N;D;D
Lunes 18/01/2021;M;T;D;N;O;D
Martes 19/01/2021;T;N;D;D;O;M
Miércoles 20/01/2021;T;N;D;D;O;M
Jueves 21/01/2021;N;D;M;D;O;T
Viernes 22/01/2021;N;D;M;D;O;T
Sábado 23/01/2021;D;D;T;M;D;N
Domingo 24/01/2021;D;D;T;M;D;N
Lunes 25/01/2021;D;O;N;T;M;D
Martes 26/01/2021;D;O;N;T;M;D
Miércoles 27/01/2021;M;O;D;N;T;D
Jueves 28/01/2021;M;O;D;N;T;D
Viernes 29/01/2021;T;O;D;D;N;M
Sábado 30/01/2021;T;D;D;D;N;M
Domingo 31/01/2021;N;D;M;D;D;T
Lunes 01/02/2021;N;O;M;D;D;T
Martes 02/02/2021;D;O;T;M;D;N
Miércoles 03/02/2021;D;O;T;M;D;N
Jueves 04/02/2021;D;O;N;T;M;D
Viernes 05/02/2021;D;O;N;T;M;D
Sábado 06/02/2021;M;D;D;N;T;D
Domingo 07/02/2021;M;D;D;N;T;D
Lunes 08/02/2021;T;M;D;D;N;O
Martes 09/02/2021;T;M;D;D;N;O
Miércoles 10/02/2021;N;T;M;D;D;O
Jueves 11/02/2021;N;T;M;D;D;O
Viernes 12/02/2021;D;N;T;M;D;O
Sábado 13/02/2021;D;N;T;M;D;D
Domingo 14/02/2021;D;D;N;T;M;D
Lunes 15/02/2021;D;D;N;T;M;O
Martes 16/02/2021;M;D;D;N;T;O
Miércoles 17/02/2021;M;D;D;N;T;O
Jueves 18/02/2021;T;M;D;D;N;O
Viernes 19/02/2021;T;M;D;D;N;O
Sábado 20/02/2021;N;T;M;D;D;D
Domingo 21/02/2021;N;T;M;D;D;D
Lunes 22/02/2021;D;N;T;O;D;M
Martes 23/02/2021;D;N;T;O;D;M
Miércoles 24/02/2021;D;D;N;O;M;T
Jueves 25/02/2021;D;D;N;O;M;T
Viernes 26/02/2021;M;D;D;O;T;N
Sábado 27/02/2021;M;D;D;D;T;N
Domingo 28/02/2021;T;M;D;D;N;D
Lunes 01/03/2021;T;M;D;O;N;D
Martes 02/03/2021;N;T;M;O;D;D
Miércoles 03/03/2021;N;T;M;O;D;D
Jueves 04/03/2021;D;N;T;O;D;M
Viernes 05/03/2021;D;N;T;O;D;M
Sábado 06/03/2021;D;D;N;D;M;T
Domingo 07/03/2021;D;D;N;D;M;T
Lunes 08/03/2021;O;D;D;M;T;N
Martes 09/03/2021;O;D;D;M;T;N
Miércoles 10/03/2021;O;M;D;T;N;D
Jueves 11/03/2021;O;M;D;T;N;D
Viernes 12/03/2021;O;T;M;N;D;D
Sábado 13/03/2021;D;T;M;N;D;D
Domingo 14/03/2021;D;N;T;D;D;M
Lunes 15/03/2021;O;N;T;D;D;M
Martes 16/03/2021;O;D;N;D;M;T
Miércoles 17/03/2021;O;D;N;D;M;T
Jueves 18/03/2021;O;D;D;M;T;N
Viernes 19/03/2021;O;D;D;M;T;N
Sábado 20/03/2021;D;M;D;T;N;D
Domingo 21/03/2021;D;M;D;T;N;D
Lunes 22/03/2021;M;T;O;N;D;D
Martes 23/03/2021;M;T;O;N;D;D
Miércoles 24/03/2021;T;N;O;D;D;M
Jueves 25/03/2021;T;N;O;D;D;M
Viernes 26/03/2021;N;D;O;D;M;T
Sábado 27/03/2021;N;D;D;D;M;T
Domingo 28/03/2021;D;D;D;M;T;N
Lunes 29/03/2021;D;D;O;M;T;N
Martes 30/03/2021;D;M;O;T;N;D
Miércoles 31/03/2021;D;M;O;T;N;D
Jueves 01/04/2021;M;T;O;N;D;D
Viernes 02/04/2021;M;T;O;N;D;D
Sábado 03/04/2021;T;N;D;D;D;M
Domingo 04/04/2021;T;N;D;D;D;M
Lunes 05/04/2021;N;D;M;D;O;T
Martes 06/04/2021;N;D;M;D;O;T
Miércoles 07/04/2021;D;D;T;M;O;N
Jueves 08/04/2021;D;D;T;M;O;N
Viernes 09/04/2021;D;M;N;T;O;D
Sábado 10/04/2021;D;M;N;T;D;D
Domingo 11/04/2021;M;T;D;N;D;D
Lunes 12/04/2021;M;T;D;N;O;D
Martes 13/04/2021;T;N;D;D;O;M
Miércoles 14/04/2021;T;N;D;D;O;M
Jueves 15/04/2021;N;D;M;D;O;T
Viernes 16/04/2021;N;D;M;D;O;T
Sábado 17/04/2021;D;D;T;M;D;N
Domingo 18/04/2021;D;D;T;M;D;N
Lunes 19/04/2021;D;O;N;T;M;D
Martes 20/04/2021;D;O;N;T;M;D
Miércoles 21/04/2021;M;O;D;N;T;D
Jueves 22/04/2021;M;O;D;N;T;D
Viernes 23/04/2021;T;O;D;D;N;M
Sábado 24/04/2021;T;D;D;D;N;M
Domingo 25/04/2021;N;D;M;D;D;T
Lunes 26/04/2021;N;O;M;D;D;T
Martes 27/04/2021;D;O;T;M;D;N
Miércoles 28/04/2021;D;O;T;M;D;N
Jueves 29/04/2021;D;O;N;T;M;D
Viernes 30/04/2021;D;O;N;T;M;D
Sábado 01/05/2021;M;D;D;N;T;D
Domingo 02/05/2021;M;D;D;N;T;D
Lunes 03/05/2021;T;M;D;D;N;O
Martes 04/05/2021;T;M;D;D;N;O
Miércoles 05/05/2021;N;T;M;D;D;O
Jueves 06/05/2021;N;T;M;D;D;O
Viernes 07/05/2021;D;N;T;M;D;O
Sábado 08/05/2021;D;N;T;M;D;D
Domingo 09/05/2021;D;D;N;T;M;D
Lunes 10/05/2021;D;D;N;T;M;O
Martes 11/05/2021;M;D;D;N;T;O
Miércoles 12/05/2021;M;D;D;N;T;O
Jueves 13/05/2021;T;M;D;D;N;O
Viernes 14/05/2021;T;M;D;D;N;O
Sábado 15/05/2021;N;T;M;D;D;D
Domingo 16/05/2021;N;T;M;D;D;D
Lunes 17/05/2021;D;N;T;M;D;O
Martes 18/05/2021;D;N;T;M;D;O
Miércoles 19/05/2021;D;D;N;T;M;O
Jueves 20/05/2021;D;D;N;T;M;O
Viernes 21/05/2021;M;D;D;N;T;O
Sábado 22/05/2021;M;D;D;N;T;D
Domingo 23/05/2021;T;M;D;D;N;D
Lunes 24/05/2021;T;M;D;D;N;O
Martes 25/05/2021;N;T;M;D;D;O
Miércoles 26/05/2021;N;T;M;D;D;O
Jueves 27/05/2021;D;N;T;M;D;O
Viernes 28/05/2021;D;N;T;M;D;O
Sábado 29/05/2021;D;D;N;T;M;D
Domingo 30/05/2021;D;D;N;T;M;D
Lunes 31/05/2021;O;D;D;N;T;M
Martes 01/06/2021;O;D;D;N;T;M
Miércoles 02/06/2021;O;M;D;D;N;T
Jueves 03/06/2021;O;M;D;D;N;T
Viernes 04/06/2021;O;T;M;D;D;N
Sábado 05/06/2021;D;T;M;D;D;N
Domingo 06/06/2021;D;N;T;M;D;D
Lunes 07/06/2021;O;N;T;M;D;D
Martes 08/06/2021;O;D;N;T;M;D
Miércoles 09/06/2021;O;D;N;T;M;D
Jueves 10/06/2021;O;D;D;N;T;M
Viernes 11/06/2021;O;D;D;N;T;M
Sábado 12/06/2021;D;M;D;D;N;T
Domingo 13/06/2021;D;M;D;D;N;T
Lunes 14/06/2021;O;T;M;D;D;N
Martes 15/06/2021;O;T;M;D;D;N
Miércoles 16/06/2021;O;N;T;M;D;D
Jueves 17/06/2021;O;N;T;M;D;D
Viernes 18/06/2021;O;D;N;T;M;D
Sábado 19/06/2021;D;D;N;T;M;D
Domingo 20/06/2021;D;D;D;N;T;M
Lunes 21/06/2021;O;D;D;N;T;M
Martes 22/06/2021;O;M;D;D;N;T
Miércoles 23/06/2021;O;M;D;D;N;T
Jueves 24/06/2021;O;T;M;D;D;N
Viernes 25/06/2021;O;T;M;D;D;N
Sábado 26/06/2021;D;N;T;M;D;D
Domingo 27/06/2021;D;N;T;M;D;D
Lunes 28/06/2021;M;D;N;T;O;D
Martes 29/06/2021;M;D;N;T;O;D
Miércoles 30/06/2021;T;D;D;N;O;M
Jueves 01/07/2021;T;D;D;N;O;M
Viernes 02/07/2021;N;M;D;D;O;T
Sábado 03/07/2021;N;M;D;D;D;T
Domingo 04/07/2021;D;T;M;D;D;N
Lunes 05/07/2021;D;T;M;D;O;N
Martes 06/07/2021;D;N;T;M;O;D
Miércoles 07/07/2021;D;N;T;M;O;D
Jueves 08/07/2021;M;D;N;T;O;D
Viernes 09/07/2021;M;D;N;T;O;D
Sábado 10/07/2021;T;D;D;N;D;M
Domingo 11/07/2021;T;D;D;N;D;M
Lunes 12/07/2021;N;M;D;D;O;T
Martes 13/07/2021;N;M;D;D;O;T
Miércoles 14/07/2021;D;T;M;D;O;N
Jueves 15/07/2021;D;T;M;D;O;N
Viernes 16/07/2021;D;N;T;M;O;D
Sábado 17/07/2021;D;N;T;M;D;D
Domingo 18/07/2021;M;D;N;T;D;D
Lunes 19/07/2021;M;D;N;T;O;D
Martes 20/07/2021;T;D;D;N;O;M
Miércoles 21/07/2021;T;D;D;N;O;M
Jueves 22/07/2021;N;M;D;D;O;T
Viernes 23/07/2021;N;M;D;D;O;T
Sábado 24/07/2021;D;T;M;D;D;N
Domingo 25/07/2021;D;T;M;D;D;N
Lunes 26/07/2021;D;N;T;O;M;D
Martes 27/07/2021;D;N;T;O;M;D
Miércoles 28/07/2021;M;D;N;O;T;D
Jueves 29/07/2021;M;D;N;O;T;D
Viernes 30/07/2021;T;D;D;O;N;M
Sábado 31/07/2021;T;D;D;D;N;M
Domingo 01/08/2021;N;M;D;D;D;T
Lunes 02/08/2021;N;M;D;O;D;T
Martes 03/08/2021;D;T;M;O;D;N
Miércoles 04/08/2021;D;T;M;O;D;N
Jueves 05/08/2021;D;N;T;O;M;D
Viernes 06/08/2021;D;N;T;O;M;D
Sábado 07/08/2021;M;D;N;D;T;D
Domingo 08/08/2021;M;D;N;D;T;D
Lunes 09/08/2021;T;D;D;O;N;M
Martes 10/08/2021;T;D;D;O;N;M
Miércoles 11/08/2021;N;M;D;O;D;T
Jueves 12/08/2021;N;M;D;O;D;T
Viernes 13/08/2021;D;T;M;O;D;N
Sábado 14/08/2021;D;T;M;D;D;N
Domingo 15/08/2021;D;N;T;D;M;D
Lunes 16/08/2021;D;N;T;O;M;D
Martes 17/08/2021;M;D;N;O;T;D
Miércoles 18/08/2021;M;D;N;O;T;D
Jueves 19/08/2021;T;D;D;O;N;M
Viernes 20/08/2021;T;D;D;O;N;M
Sábado 21/08/2021;N;M;D;D;D;T
Domingo 22/08/2021;N;M;D;D;D;T
Lunes 23/08/2021;D;T;O;M;D;N
Martes 24/08/2021;D;T;O;M;D;N
Miércoles 25/08/2021;D;N;O;T;M;D
Jueves 26/08/2021;D;N;O;T;M;D
Viernes 27/08/2021;M;D;O;N;T;D
Sábado 28/08/2021;M;D;D;N;T;D
Domingo 29/08/2021;T;D;D;D;N;M
Lunes 30/08/2021;T;D;O;D;N;M
Martes 31/08/2021;N;M;O;D;D;T
Miércoles 01/09/2021;N;M;O;D;D;T
Jueves 02/09/2021;D;T;O;M;D;N
Viernes 03/09/2021;D;T;O;M;D;N
Sábado 04/09/2021;D;N;D;T;M;D
Domingo 05/09/2021;D;N;D;T;M;D
Lunes 06/09/2021;M;D;O;N;T;D
Martes 07/09/2021;M;D;O;N;T;D
Miércoles 08/09/2021;T;D;O;D;N;M
Jueves 09/09/2021;T;D;O;D;N;M
Viernes 10/09/2021;N;M;O;D;D;T
Sábado 11/09/2021;N;M;D;D;D;T
Domingo 12/09/2021;D;T;D;M;D;N
Lunes 13/09/2021;D;T;O;M;D;N
Martes 14/09/2021;D;N;O;T;M;D
Miércoles 15/09/2021;D;N;O;T;M;D
Jueves 16/09/2021;M;D;O;N;T;D
Viernes 17/09/2021;M;D;O;N;T;D
Sábado 18/09/2021;T;D;D;D;N;M
Domingo 19/09/2021;T;D;D;D;N;M
Lunes 20/09/2021;N;O;M;D;D;T
Martes 21/09/2021;N;O;M;D;D;T
Miércoles 22/09/2021;D;O;T;M;D;N
Jueves 23/09/2021;D;O;T;M;D;N
Viernes 24/09/2021;D;O;N;T;M;D
Sábado 25/09/2021;D;D;N;T;M;D
Domingo 26/09/2021;M;D;D;N;T;D
Lunes 27/09/2021;M;O;D;N;T;D
Martes 28/09/2021;T;O;D;D;N;M
Miércoles 29/09/2021;T;O;D;D;N;M
Jueves 30/09/2021;N;O;M;D;D;T
Viernes 01/10/2021;N;O;M;D;D;T
Sábado 02/10/2021;D;D;T;M;D;N
Domingo 03/10/2021;D;D;T;M;D;N
Lunes 04/10/2021;D;O;N;T;M;D
Martes 05/10/2021;D;O;N;T;M;D
Miércoles 06/10/2021;M;O;D;N;T;D
Jueves 07/10/2021;M;O;D;N;T;D
Viernes 08/10/2021;T;O;D;D;N;M
Sábado 09/10/2021;T;D;D;D;N;M
Domingo 10/10/2021;N;D;M;D;D;T
Lunes 11/10/2021;N;O;M;D;D;T
Martes 12/10/2021;D;O;T;M;D;N
Miércoles 13/10/2021;D;O;T;M;D;N
Jueves 14/10/2021;D;O;N;T;M;D
Viernes 15/10/2021;D;O;N;T;M;D
Sábado 16/10/2021;M;D;D;N;T;D
Domingo 17/10/2021;M;D;D;N;T;D
Lunes 18/10/2021;T;M;D;D;N;O
Martes 19/10/2021;T;M;D;D;N;O
Miércoles 20/10/2021;N;T;M;D;D;O
Jueves 21/10/2021;N;T;M;D;D;O
Viernes 22/10/2021;D;N;T;M;D;O
Sábado 23/10/2021;D;N;T;M;D;D
Domingo 24/10/2021;D;D;N;T;M;D
Lunes 25/10/2021;D;D;N;T;M;O
Martes 26/10/2021;M;D;D;N;T;O
Miércoles 27/10/2021;M;D;D;N;T;O
Jueves 28/10/2021;T;M;D;D;N;O
Viernes 29/10/2021;T;M;D;D;N;O
Sábado 30/10/2021;N;T;M;D;D;D
Domingo 31/10/2021;N;T;M;D;D;D
Lunes 01/11/2021;D;N;T;O;D;M
Martes 02/11/2021;D;N;T;O;D;M
Miércoles 03/11/2021;D;D;N;O;M;T
Jueves 04/11/2021;D;D;N;O;M;T
Viernes 05/11/2021;M;D;D;O;T;N
Sábado 06/11/2021;M;D;D;D;T;N
Domingo 07/11/2021;T;M;D;D;N;D
Lunes 08/11/2021;T;M;D;O;N;D
Martes 09/11/2021;N;T;M;O;D;D
Miércoles 10/11/2021;N;T;M;O;D;D
Jueves 11/11/2021;D;N;T;O;D;M
Viernes 12/11/2021;D;N;T;O;D;M
Sábado 13/11/2021;D;D;N;D;M;T
Domingo 14/11/2021;D;D;N;D;M;T
Lunes 15/11/2021;O;D;D;M;T;N
Martes 16/11/2021;O;D;D;M;T;N
Miércoles 17/11/2021;O;M;D;T;N;D
Jueves 18/11/2021;O;M;D;T;N;D
Viernes 19/11/2021;O;T;M;N;D;D
Sábado 20/11/2021;D;T;M;N;D;D
Domingo 21/11/2021;D;N;T;D;D;M
Lunes 22/11/2021;O;N;T;D;D;M
Martes 23/11/2021;O;D;N;D;M;T
Miércoles 24/11/2021;O;D;N;D;M;T
Jueves 25/11/2021;O;D;D;M;T;N
Viernes 26/11/2021;O;D;D;M;T;N
Sábado 27/11/2021;D;M;D;T;N;D
Domingo 28/11/2021;D;M;D;T;N;D
Lunes 29/11/2021;M;T;O;N;D;D
Martes 30/11/2021;M;T;O;N;D;D
Miércoles 01/12/2021;T;N;O;D;D;M
Jueves 02/12/2021;T;N;O;D;D;M
Viernes 03/12/2021;N;D;O;D;M;T
Sábado 04/12/2021;N;D;D;D;M;T
Domingo 05/12/2021;D;D;D;M;T;N
Lunes 06/12/2021;D;D;O;M;T;N
Martes 07/12/2021;D;M;O;T;N;D
Miércoles 08/12/2021;D;M;O;T;N;D
Jueves 09/12/2021;M;T;O;N;D;D
Viernes 10/12/2021;M;T;O;N;D;D
Sábado 11/12/2021;T;N;D;D;D;M
Domingo 12/12/2021;T;N;D;D;D;M
Lunes 13/12/2021;N;D;M;D;O;T
Martes 14/12/2021;N;D;M;D;O;T
Miércoles 15/12/2021;D;D;T;M;O;N
Jueves 16/12/2021;D;D;T;M;O;N
Viernes 17/12/2021;D;M;N;T;O;D
Sábado 18/12/2021;D;M;N;T;D;D
Domingo 19/12/2021;M;T;D;N;D;D
Lunes 20/12/2021;M;T;D;N;O;D
Martes 21/12/2021;T;N;D;D;O;M
Miércoles 22/12/2021;T;N;D;D;O;M
Jueves 23/12/2021;N;D;M;D;O;T
Viernes 24/12/2021;N;D;M;D;O;T
Sábado 25/12/2021;D;D;T;M;D;N
Domingo 26/12/2021;D;D;T;M;D;N
Lunes 27/12/2021;D;O;N;T;M;D
Martes 28/12/2021;D;O;N;T;M;D
Miércoles 29/12/2021;M;O;D;N;T;D
Jueves 30/12/2021;M;O;D;N;T;D
Viernes 31/12/2021;T;O;D;D;N;M
Sábado 01/01/2022;T;D;D;D;N;M
Domingo 02/01/2022;N;D;M;D;D;T
Lunes 03/01/2022;N;O;M;D;D;T
Martes 04/01/2022;D;O;T;M;D;N
Miércoles 05/01/2022;D;O;T;M;D;N
Jueves 06/01/2022;D;O;N;T;M;D
Viernes 07/01/2022;D;O;N;T;M;D
Sábado 08/01/2022;M;D;D;N;T;D
Domingo 09/01/2022;M;D;D;N;T;D
Lunes 10/01/2022;T;M;D;D;N;O
Martes 11/01/2022;T;M;D;D;N;O
Miércoles 12/01/2022;N;T;M;D;D;O
Jueves 13/01/2022;N;T;M;D;D;O
Viernes 14/01/2022;D;N;T;M;D;O
Sábado 15/01/2022;D;N;T;M;D;D
Domingo 16/01/2022;D;D;N;T;M;D
Lunes 17/01/2022;D;D;N;T;M;O
Martes 18/01/2022;M;D;D;N;T;O
Miércoles 19/01/2022;M;D;D;N;T;O
Jueves 20/01/2022;T;M;D;D;N;O
Viernes 21/01/2022;T;M;D;D;N;O
Sábado 22/01/2022;N;T;M;D;D;D
Domingo 23/01/2022;N;T;M;D;D;D
Lunes 24/01/2022;D;N;T;O;D;M
Martes 25/01/2022;D;N;T;O;D;M
Miércoles 26/01/2022;D;D;N;O;M;T
Jueves 27/01/2022;D;D;N;O;M;T
Viernes 28/01/2022;M;D;D;O;T;N
Sábado 29/01/2022;M;D;D;D;T;N
Domingo 30/01/2022;T;M;D;D;N;D
Lunes 31/01/2022;T;M;D;O;N;D
Martes 01/02/2022;N;T;M;O;D;D
Miércoles 02/02/2022;N;T;M;O;D;D
Jueves 03/02/2022;D;N;T;O;D;M
Viernes 04/02/2022;D;N;T;O;D;M
Sábado 05/02/2022;D;D;N;D;M;T
Domingo 06/02/2022;D;D;N;D;M;T
Lunes 07/02/2022;O;D;D;M;T;N
Martes 08/02/2022;O;D;D;M;T;N
Miércoles 09/02/2022;O;M;D;T;N;D
Jueves 10/02/2022;O;M;D;T;N;D
Viernes 11/02/2022;O;T;M;N;D;D
Sábado 12/02/2022;D;T;M;N;D;D
Domingo 13/02/2022;D;N;T;D;D;M
Lunes 14/02/2022;O;N;T;D;D;M
Martes 15/02/2022;O;D;N;D;M;T
Miércoles 16/02/2022;O;D;N;D;M;T
Jueves 17/02/2022;O;D;D;M;T;N
Viernes 18/02/2022;O;D;D;M;T;N
Sábado 19/02/2022;D;M;D;T;N;D
Domingo 20/02/2022;D;M;D;T;N;D
Lunes 21/02/2022;M;T;O;N;D;D
Martes 22/02/2022;M;T;O;N;D;D
Miércoles 23/02/2022;T;N;O;D;D;M
Jueves 24/02/2022;T;N;O;D;D;M
Viernes 25/02/2022;N;D;O;D;M;T
Sábado 26/02/2022;N;D;D;D;M;T
Domingo 27/02/2022;D;D;D;M;T;N
Lunes 28/02/2022;D;D;O;M;T;N
Martes 01/03/2022;D;M;O;T;N;D
Miércoles 02/03/2022;D;M;O;T;N;D
Jueves 03/03/2022;M;T;O;N;D;D
Viernes 04/03/2022;M;T;O;N;D;D
Sábado 05/03/2022;T;N;D;D;D;M
Domingo 06/03/2022;T;N;D;D;D;M
Lunes 07/03/2022;N;D;M;D;O;T
Martes 08/03/2022;N;D;M;D;O;T
Miércoles 09/03/2022;D;D;T;M;O;N
Jueves 10/03/2022;D;D;T;M;O;N
Viernes 11/03/2022;D;M;N;T;O;D
Sábado 12/03/2022;D;M;N;T;D;D
Domingo 13/03/2022;M;T;D;N;D;D
Lunes 14/03/2022;M;T;D;N;O;D
Martes 15/03/2022;T;N;D;D;O;M
Miércoles 16/03/2022;T;N;D;D;O;M
Jueves 17/03/2022;N;D;M;D;O;T
Viernes 18/03/2022;N;D;M;D;O;T
Sábado 19/03/2022;D;D;T;M;D;N
Domingo 20/03/2022;D;D;T;M;D;N
Lunes 21/03/2022;D;O;N;T;M;D
Martes 22/03/2022;D;O;N;T;M;D
Miércoles 23/03/2022;M;O;D;N;T;D
Jueves 24/03/2022;M;O;D;N;T;D
Viernes 25/03/2022;T;O;D;D;N;M
Sábado 26/03/2022;T;D;D;D;N;M
Domingo 27/03/2022;N;D;M;D;D;T
Lunes 28/03/2022;N;O;M;D;D;T
Martes 29/03/2022;D;O;T;M;D;N
Miércoles 30/03/2022;D;O;T;M;D;N
Jueves 31/03/2022;D;O;N;T;M;D
Viernes 01/04/2022;D;O;N;T;M;D
Sábado 02/04/2022;M;D;D;N;T;D
Domingo 03/04/2022;M;D;D;N;T;D
Lunes 04/04/2022;T;M;D;D;N;O
Martes 05/04/2022;T;M;D;D;N;O
Miércoles 06/04/2022;N;T;M;D;D;O
Jueves 07/04/2022;N;T;M;D;D;O
Viernes 08/04/2022;D;N;T;M;D;O
Sábado 09/04/2022;D;N;T;M;D;D
Domingo 10/04/2022;D;D;N;T;M;D
Lunes 11/04/2022;D;D;N;T;M;O
Martes 12/04/2022;M;D;D;N;T;O
Miércoles 13/04/2022;M;D;D;N;T;O
Jueves 14/04/2022;T;M;D;D;N;O
Viernes 15/04/2022;T;M;D;D;N;O
Sábado 16/04/2022;N;T;M;D;D;D
Domingo 17/04/2022;N;T;M;D;D;D
Lunes 18/04/2022;D;N;T;O;D;M
Martes 19/04/2022;D;N;T;O;D;M
Miércoles 20/04/2022;D;D;N;O;M;T
Jueves 21/04/2022;D;D;N;O;M;T
Viernes 22/04/2022;M;D;D;O;T;N
Sábado 23/04/2022;M;D;D;D;T;N
Domingo 24/04/2022;T;M;D;D;N;D
Lunes 25/04/2022;T;M;D;O;N;D
Martes 26/04/2022;N;T;M;O;D;D
Miércoles 27/04/2022;N;T;M;O;D;D
Jueves 28/04/2022;D;N;T;O;D;M
Viernes 29/04/2022;D;N;T;O;D;M
Sábado 30/04/2022;D;D;N;D;M;T
Domingo 01/05/2022;D;D;N;D;M;T
Lunes 02/05/2022;O;D;D;M;T;N
Martes 03/05/2022;O;D;D;M;T;N
Miércoles 04/05/2022;O;M;D;T;N;D
Jueves 05/05/2022;O;M;D;T;N;D
Viernes 06/05/2022;O;T;M;N;D;D
Sábado 07/05/2022;D;T;M;N;D;D
Domingo 08/05/2022;D;N;T;D;D;M
Lunes 09/05/2022;O;N;T;D;D;M
Martes 10/05/2022;O;D;N;D;M;T
Miércoles 11/05/2022;O;D;N;D;M;T
Jueves 12/05/2022;O;D;D;M;T;N
Viernes 13/05/2022;O;D;D;M;T;N
Sábado 14/05/2022;D;M;D;T;N;D
Domingo 15/05/2022;D;M;D;T;N;D
Lunes 16/05/2022;O;T;M;N;D;D
Martes 17/05/2022;O;T;M;N;D;D
Miércoles 18/05/2022;O;N;T;D;D;M
Jueves 19/05/2022;O;N;T;D;D;M
Viernes 20/05/2022;O;D;N;D;M;T
Sábado 21/05/2022;D;D;N;D;M;T
Domingo 22/05/2022;D;D;D;M;T;N
Lunes 23/05/2022;O;D;D;M;T;N
Martes 24/05/2022;O;M;D;T;N;D
Miércoles 25/05/2022;O;M;D;T;N;D
Jueves 26/05/2022;O;T;M;N;D;D
Viernes 27/05/2022;O;T;M;N;D;D
Sábado 28/05/2022;D;N;T;D;D;M
Domingo 29/05/2022;D;N;T;D;D;M
Lunes 30/05/2022;M;D;N;D;O;T
Martes 31/05/2022;M;D;N;D;O;T
Miércoles 01/06/2022;T;D;D;M;O;N
Jueves 02/06/2022;T;D;D;M;O;N
Viernes 03/06/2022;N;M;D;T;O;D
Sábado 04/06/2022;N;M;D;T;D;D
Domingo 05/06/2022;D;T;M;N;D;D
Lunes 06/06/2022;D;T;M;N;O;D
Martes 07/06/2022;D;N;T;D;O;M
Miércoles 08/06/2022;D;N;T;D;O;M
Jueves 09/06/2022;M;D;N;D;O;T
Viernes 10/06/2022;M;D;N;D;O;T
Sábado 11/06/2022;T;D;D;M;D;N
Domingo 12/06/2022;T;D;D;M;D;N
Lunes 13/06/2022;N;M;D;T;O;D
Martes 14/06/2022;N;M;D;T;O;D
Miércoles 15/06/2022;D;T;M;N;O;D
Jueves 16/06/2022;D;T;M;N;O;D
Viernes 17/06/2022;D;N;T;D;O;M
Sábado 18/06/2022;D;N;T;D;D;M
Domingo 19/06/2022;M;D;N;D;D;T
Lunes 20/06/2022;M;D;N;D;O;T
Martes 21/06/2022;T;D;D;M;O;N
Miércoles 22/06/2022;T;D;D;M;O;N
Jueves 23/06/2022;N;M;D;T;O;D
Viernes 24/06/2022;N;M;D;T;O;D
Sábado 25/06/2022;D;T;M;N;D;D
Domingo 26/06/2022;D;T;M;N;D;D
Lunes 27/06/2022;D;N;T;D;M;O
Martes 28/06/2022;D;N;T;D;M;O
Miércoles 29/06/2022;M;D;N;D;T;O
Jueves 30/06/2022;M;D;N;D;T;O
Viernes 01/07/2022;T;D;D;M;N;O
Sábado 02/07/2022;T;D;D;M;N;D
Domingo 03/07/2022;N;M;D;T;D;D
Lunes 04/07/2022;N;M;D;T;D;O
Martes 05/07/2022;D;T;M;N;D;O
Miércoles 06/07/2022;D;T;M;N;D;O
Jueves 07/07/2022;D;N;T;D;M;O
Viernes 08/07/2022;D;N;T;D;M;O
Sábado 09/07/2022;M;D;N;D;T;D
Domingo 10/07/2022;M;D;N;D;T;D
Lunes 11/07/2022;T;D;D;M;N;O
Martes 12/07/2022;T;D;D;M;N;O
Miércoles 13/07/2022;N;M;D;T;D;O
Jueves 14/07/2022;N;M;D;T;D;O
Viernes 15/07/2022;D;T;M;N;D;O
Sábado 16/07/2022;D;T;M;N;D;D
Domingo 17/07/2022;D;N;T;D;M;D
Lunes 18/07/2022;D;N;T;D;M;O
Martes 19/07/2022;M;D;N;D;T;O
Miércoles 20/07/2022;M;D;N;D;T;O
Jueves 21/07/2022;T;D;D;M;N;O
Viernes 22/07/2022;T;D;D;M;N;O
Sábado 23/07/2022;N;M;D;T;D;D
Domingo 24/07/2022;N;M;D;T;D;D
Lunes 25/07/2022;D;T;O;N;D;M
Martes 26/07/2022;D;T;O;N;D;M
Miércoles 27/07/2022;D;N;O;D;M;T
Jueves 28/07/2022;D;N;O;D;M;T
Viernes 29/07/2022;M;D;O;D;T;N
Sábado 30/07/2022;M;D;D;D;T;N
Domingo 31/07/2022;T;D;D;M;N;D
Lunes 01/08/2022;T;D;O;M;N;D
Martes 02/08/2022;N;M;O;T;D;D
Miércoles 03/08/2022;N;M;O;T;D;D
Jueves 04/08/2022;D;T;O;N;D;M
Viernes 05/08/2022;D;T;O;N;D;M
Sábado 06/08/2022;D;N;D;D;M;T
Domingo 07/08/2022;D;N;D;D;M;T
Lunes 08/08/2022;M;D;O;D;T;N
Martes 09/08/2022;M;D;O;D;T;N
Miércoles 10/08/2022;T;D;O;M;N;D
Jueves 11/08/2022;T;D;O;M;N;D
Viernes 12/08/2022;N;M;O;T;D;D
Sábado 13/08/2022;N;M;D;T;D;D
Domingo 14/08/2022;D;T;D;N;D;M
Lunes 15/08/2022;D;T;O;N;D;M
Martes 16/08/2022;D;N;O;D;M;T
Miércoles 17/08/2022;D;N;O;D;M;T
Jueves 18/08/2022;M;D;O;D;T;N
Viernes 19/08/2022;M;D;O;D;T;N
Sábado 20/08/2022;T;D;D;M;N;D
Domingo 21/08/2022;T;D;D;M;N;D
Lunes 22/08/2022;N;O;M;T;D;D
Martes 23/08/2022;N;O;M;T;D;D
Miércoles 24/08/2022;D;O;T;N;D;M
Jueves 25/08/2022;D;O;T;N;D;M
Viernes 26/08/2022;D;O;N;D;M;T
Sábado 27/08/2022;D;D;N;D;M;T
Domingo 28/08/2022;M;D;D;D;T;N
Lunes 29/08/2022;M;O;D;D;T;N
Martes 30/08/2022;T;O;D;M;N;D
Miércoles 31/08/2022;T;O;D;M;N;D
Jueves 01/09/2022;N;O;M;T;D;D
Viernes 02/09/2022;N;O;M;T;D;D
Sábado 03/09/2022;D;D;T;N;D;M
Domingo 04/09/2022;D;D;T;N;D;M
Lunes 05/09/2022;D;O;N;D;M;T
Martes 06/09/2022;D;O;N;D;M;T
Miércoles 07/09/2022;M;O;D;D;T;N
Jueves 08/09/2022;M;O;D;D;T;N
Viernes 09/09/2022;T;O;D;M;N;D
Sábado 10/09/2022;T;D;D;M;N;D
Domingo 11/09/2022;N;D;M;T;D;D
Lunes 12/09/2022;N;O;M;T;D;D
Martes 13/09/2022;D;O;T;N;D;M
Miércoles 14/09/2022;D;O;T;N;D;M
Jueves 15/09/2022;D;O;N;D;M;T
Viernes 16/09/2022;D;O;N;D;M;T
Sábado 17/09/2022;M;D;D;D;T;N
Domingo 18/09/2022;M;D;D;D;T;N
Lunes 19/09/2022;T;M;D;O;N;D
Martes 20/09/2022;T;M;D;O;N;D
Miércoles 21/09/2022;N;T;M;O;D;D
Jueves 22/09/2022;N;T;M;O;D;D
Viernes 23/09/2022;D;N;T;O;D;M
Sábado 24/09/2022;D;N;T;D;D;M
Domingo 25/09/2022;D;D;N;D;M;T
Lunes 26/09/2022;D;D;N;O;M;T
Martes 27/09/2022;M;D;D;O;T;N
Miércoles 28/09/2022;M;D;D;O;T;N
Jueves 29/09/2022;T;M;D;O;N;D
Viernes 30/09/2022;T;M;D;O;N;D
Sábado 01/10/2022;N;T;M;D;D;D
Domingo 02/10/2022;N;T;M;D;D;D
Lunes 03/10/2022;D;N;T;O;D;M
Martes 04/10/2022;D;N;T;O;D;M
Miércoles 05/10/2022;D;D;N;O;M;T
Jueves 06/10/2022;D;D;N;O;M;T
Viernes 07/10/2022;M;D;D;O;T;N
Sábado 08/10/2022;M;D;D;D;T;N
Domingo 09/10/2022;T;M;D;D;N;D
Lunes 10/10/2022;T;M;D;O;N;D
Martes 11/10/2022;N;T;M;O;D;D
Miércoles 12/10/2022;N;T;M;O;D;D
Jueves 13/10/2022;D;N;T;O;D;M
Viernes 14/10/2022;D;N;T;O;D;M
Sábado 15/10/2022;D;D;N;D;M;T
Domingo 16/10/2022;D;D;N;D;M;T
Lunes 17/10/2022;O;D;D;M;T;N
Martes 18/10/2022;O;D;D;M;T;N
Miércoles 19/10/2022;O;M;D;T;N;D
Jueves 20/10/2022;O;M;D;T;N;D
Viernes 21/10/2022;O;T;M;N;D;D
Sábado 22/10/2022;D;T;M;N;D;D
Domingo 23/10/2022;D;N;T;D;D;M
Lunes 24/10/2022;O;N;T;D;D;M
Martes 25/10/2022;O;D;N;D;M;T
Miércoles 26/10/2022;O;D;N;D;M;T
Jueves 27/10/2022;O;D;D;M;T;N
Viernes 28/10/2022;O;D;D;M;T;N
Sábado 29/10/2022;D;M;D;T;N;D
Domingo 30/10/2022;D;M;D;T;N;D
Lunes 31/10/2022;M;T;O;N;D;D
Martes 01/11/2022;M;T;O;N;D;D
Miércoles 02/11/2022;T;N;O;D;D;M
Jueves 03/11/2022;T;N;O;D;D;M
Viernes 04/11/2022;N;D;O;D;M;T
Sábado 05/11/2022;N;D;D;D;M;T
Domingo 06/11/2022;D;D;D;M;T;N
Lunes 07/11/2022;D;D;O;M;T;N
Martes 08/11/2022;D;M;O;T;N;D
Miércoles 09/11/2022;D;M;O;T;N;D
Jueves 10/11/2022;M;T;O;N;D;D
Viernes 11/11/2022;M;T;O;N;D;D
Sábado 12/11/2022;T;N;D;D;D;M
Domingo 13/11/2022;T;N;D;D;D;M
Lunes 14/11/2022;N;D;M;D;O;T
Martes 15/11/2022;N;D;M;D;O;T
Miércoles 16/11/2022;D;D;T;M;O;N
Jueves 17/11/2022;D;D;T;M;O;N
Viernes 18/11/2022;D;M;N;T;O;D
Sábado 19/11/2022;D;M;N;T;D;D
Domingo 20/11/2022;M;T;D;N;D;D
Lunes 21/11/2022;M;T;D;N;O;D
Martes 22/11/2022;T;N;D;D;O;M
Miércoles 23/11/2022;T;N;D;D;O;M
Jueves 24/11/2022;N;D;M;D;O;T
Viernes 25/11/2022;N;D;M;D;O;T
Sábado 26/11/2022;D;D;T;M;D;N
Domingo 27/11/2022;D;D;T;M;D;N
Lunes 28/11/2022;D;O;N;T;M;D
Martes 29/11/2022;D;O;N;T;M;D
Miércoles 30/11/2022;M;O;D;N;T;D
Jueves 01/12/2022;M;O;D;N;T;D
Viernes 02/12/2022;T;O;D;D;N;M
Sábado 03/12/2022;T;D;D;D;N;M
Domingo 04/12/2022;N;D;M;D;D;T
Lunes 05/12/2022;N;O;M;D;D;T
Martes 06/12/2022;D;O;T;M;D;N
Miércoles 07/12/2022;D;O;T;M;D;N
Jueves 08/12/2022;D;O;N;T;M;D
Viernes 09/12/2022;D;O;N;T;M;D
Sábado 10/12/2022;M;D;D;N;T;D
Domingo 11/12/2022;M;D;D;N;T;D
Lunes 12/12/2022;T;M;D;D;N;O
Martes 13/12/2022;T;M;D;D;N;O
Miércoles 14/12/2022;N;T;M;D;D;O
Jueves 15/12/2022;N;T;M;D;D;O
Viernes 16/12/2022;D;N;T;M;D;O
Sábado 17/12/2022;D;N;T;M;D;D
Domingo 18/12/2022;D;D;N;T;M;D
Lunes 19/12/2022;D;D;N;T;M;O
Martes 20/12/2022;M;D;D;N;T;O
Miércoles 21/12/2022;M;D;D;N;T;O
Jueves 22/12/2022;T;M;D;D;N;O
Viernes 23/12/2022;T;M;D;D;N;O
Sábado 24/12/2022;N;T;M;D;D;D
Domingo 25/12/2022;N;T;M;D;D;D
Lunes 26/12/2022;D;N;T;O;D;M
Martes 27/12/2022;D;N;T;O;D;M
Miércoles 28/12/2022;D;D;N;O;M;T
Jueves 29/12/2022;D;D;N;O;M;T
Viernes 30/12/2022;M;D;D;O;T;N
Sábado 31/12/2022;M;D;D;D;T;N
Domingo 01/01/2023;T;M;D;D;N;D
Lunes 02/01/2023;T;M;D;O;N;D
Martes 03/01/2023;N;T;M;O;D;D
Miércoles 04/01/2023;N;T;M;O;D;D
Jueves 05/01/2023;D;N;T;O;D;M
Viernes 06/01/2023;D;N;T;O;D;M
Sábado 07/01/2023;D;D;N;D;M;T
Domingo 08/01/2023;D;D;N;D;M;T
Lunes 09/01/2023;O;D;D;M;T;N
Martes 10/01/2023;O;D;D;M;T;N
Miércoles 11/01/2023;O;M;D;T;N;D
Jueves 12/01/2023;O;M;D;T;N;D
Viernes 13/01/2023;O;T;M;N;D;D
Sábado 14/01/2023;D;T;M;N;D;D
Domingo 15/01/2023;D;N;T;D;D;M
Lunes 16/01/2023;O;N;T;D;D;M
Martes 17/01/2023;O;D;N;D;M;T
Miércoles 18/01/2023;O;D;N;D;M;T
Jueves 19/01/2023;O;D;D;M;T;N
Viernes 20/01/2023;O;D;D;M;T;N
Sábado 21/01/2023;D;M;D;T;N;D
Domingo 22/01/2023;D;M;D;T;N;D
Lunes 23/01/2023;M;T;O;N;D;D
Martes 24/01/2023;M;T;O;N;D;D
Miércoles 25/01/2023;T;N;O;D;D;M
Jueves 26/01/2023;T;N;O;D;D;M
Viernes 27/01/2023;N;D;O;D;M;T
Sábado 28/01/2023;N;D;D;D;M;T
Domingo 29/01/2023;D;D;D;M;T;N
Lunes 30/01/2023;D;D;O;M;T;N
Martes 31/01/2023;D;M;O;T;N;D
Miércoles 01/02/2023;D;M;O;T;N;D
Jueves 02/02/2023;M;T;O;N;D;D
Viernes 03/02/2023;M;T;O;N;D;D
Sábado 04/02/2023;T;N;D;D;D;M
Domingo 05/02/2023;T;N;D;D;D;M
Lunes 06/02/2023;N;D;M;D;O;T
Martes 07/02/2023;N;D;M;D;O;T
Miércoles 08/02/2023;D;D;T;M;O;N
Jueves 09/02/2023;D;D;T;M;O;N
Viernes 10/02/2023;D;M;N;T;O;D
Sábado 11/02/2023;D;M;N;T;D;D
Domingo 12/02/2023;M;T;D;N;D;D
Lunes 13/02/2023;M;T;D;N;O;D
Martes 14/02/2023;T;N;D;D;O;M
Miércoles 15/02/2023;T;N;D;D;O;M
Jueves 16/02/2023;N;D;M;D;O;T
Viernes 17/02/2023;N;D;M;D;O;T
Sábado 18/02/2023;D;D;T;M;D;N
Domingo 19/02/2023;D;D;T;M;D;N
Lunes 20/02/2023;D;O;N;T;M;D
Martes 21/02/2023;D;O;N;T;M;D
Miércoles 22/02/2023;M;O;D;N;T;D
Jueves 23/02/2023;M;O;D;N;T;D
Viernes 24/02/2023;T;O;D;D;N;M
Sábado 25/02/2023;T;D;D;D;N;M
Domingo 26/02/2023;N;D;M;D;D;T
Lunes 27/02/2023;N;O;M;D;D;T
Martes 28/02/2023;D;O;T;M;D;N
Miércoles 01/03/2023;D;O;T;M;D;N
Jueves 02/03/2023;D;O;N;T;M;D
Viernes 03/03/2023;D;O;N;T;M;D
Sábado 04/03/2023;M;D;D;N;T;D
Domingo 05/03/2023;M;D;D;N;T;D
Lunes 06/03/2023;T;M;D;D;N;O
Martes 07/03/2023;T;M;D;D;N;O
Miércoles 08/03/2023;N;T;M;D;D;O
Jueves 09/03/2023;N;T;M;D;D;O
Viernes 10/03/2023;D;N;T;M;D;O
Sábado 11/03/2023;D;N;T;M;D;D
Domingo 12/03/2023;D;D;N;T;M;D
Lunes 13/03/2023;D;D;N;T;M;O
Martes 14/03/2023;M;D;D;N;T;O
Miércoles 15/03/2023;M;D;D;N;T;O
Jueves 16/03/2023;T;M;D;D;N;O
Viernes 17/03/2023;T;M;D;D;N;O
Sábado 18/03/2023;N;T;M;D;D;D
Domingo 19/03/2023;N;T;M;D;D;D
Lunes 20/03/2023;D;N;T;O;D;M
Martes 21/03/2023;D;N;T;O;D;M
Miércoles 22/03/2023;D;D;N;O;M;T
Jueves 23/03/2023;D;D;N;O;M;T
Viernes 24/03/2023;M;D;D;O;T;N
Sábado 25/03/2023;M;D;D;D;T;N
Domingo 26/03/2023;T;M;D;D;N;D
Lunes 27/03/2023;T;M;D;O;N;D
Martes 28/03/2023;N;T;M;O;D;D
Miércoles 29/03/2023;N;T;M;O;D;D
Jueves 30/03/2023;D;N;T;O;D;M
Viernes 31/03/2023;D;N;T;O;D;M
Sábado 01/04/2023;D;D;N;D;M;T
Domingo 02/04/2023;D;D;N;D;M;T
Lunes 03/04/2023;O;D;D;M;T;N
Martes 04/04/2023;O;D;D;M;T;N
Miércoles 05/04/2023;O;M;D;T;N;D
Jueves 06/04/2023;O;M;D;T;N;D
Viernes 07/04/2023;O;T;M;N;D;D
Sábado 08/04/2023;D;T;M;N;D;D
Domingo 09/04/2023;D;N;T;D;D;M
Lunes 10/04/2023;O;N;T;D;D;M
Martes 11/04/2023;O;D;N;D;M;T
Miércoles 12/04/2023;O;D;N;D;M;T
Jueves 13/04/2023;O;D;D;M;T;N
Viernes 14/04/2023;O;D;D;M;T;N
Sábado 15/04/2023;D;M;D;T;N;D
Domingo 16/04/2023;D;M;D;T;N;D
Lunes 17/04/2023;M;T;O;N;D;D
Martes 18/04/2023;M;T;O;N;D;D
Miércoles 19/04/2023;T;N;O;D;D;M
Jueves 20/04/2023;T;N;O;D;D;M
Viernes 21/04/2023;N;D;O;D;M;T
Sábado 22/04/2023;N;D;D;D;M;T
Domingo 23/04/2023;D;D;D;M;T;N
Lunes 24/04/2023;D;D;O;M;T;N
Martes 25/04/2023;D;M;O;T;N;D
Miércoles 26/04/2023;D;M;O;T;N;D
Jueves 27/04/2023;M;T;O;N;D;D
Viernes 28/04/2023;M;T;O;N;D;D
Sábado 29/04/2023;T;N;D;D;D;M
Domingo 30/04/2023;T;N;D;D;D;M
Lunes 01/05/2023;N;D;O;D;M;T
Martes 02/05/2023;N;D;O;D;M;T
Miércoles 03/05/2023;D;D;O;M;T;N
Jueves 04/05/2023;D;D;O;M;T;N
Viernes 05/05/2023;D;M;O;T;N;D
Sábado 06/05/2023;D;M;D;T;N;D
Domingo 07/05/2023;M;T;D;N;D;D
Lunes 08/05/2023;M;T;O;N;D;D
Martes 09/05/2023;T;N;O;D;D;M
Miércoles 10/05/2023;T;N;O;D;D;M
Jueves 11/05/2023;N;D;O;D;M;T
Viernes 12/05/2023;N;D;O;D;M;T
Sábado 13/05/2023;D;D;D;M;T;N
Domingo 14/05/2023;D;D;D;M;T;N
Lunes 15/05/2023;D;O;M;T;N;D
Martes 16/05/2023;D;O;M;T;N;D
Miércoles 17/05/2023;M;O;T;N;D;D
Jueves 18/05/2023;M;O;T;N;D;D
Viernes 19/05/2023;T;O;N;D;D;M
Sábado 20/05/2023;T;D;N;D;D;M
Domingo 21/05/2023;N;D;D;D;M;T
Lunes 22/05/2023;N;O;D;D;M;T
Martes 23/05/2023;D;O;D;M;T;N
Miércoles 24/05/2023;D;O;D;M;T;N
Jueves 25/05/2023;D;O;M;T;N;D
Viernes 26/05/2023;D;O;M;T;N;D
Sábado 27/05/2023;M;D;T;N;D;D
Domingo 28/05/2023;M;D;T;N;D;D
Lunes 29/05/2023;T;O;N;D;D;M
Martes 30/05/2023;T;O;N;D;D;M
Miércoles 31/05/2023;N;O;D;D;M;T
Jueves 01/06/2023;N;O;D;D;M;T
Viernes 02/06/2023;D;O;D;M;T;N
Sábado 03/06/2023;D;D;D;M;T;N
Domingo 04/06/2023;D;D;M;T;N;D
Lunes 05/06/2023;D;O;M;T;N;D
Martes 06/06/2023;M;O;T;N;D;D
Miércoles 07/06/2023;M;O;T;N;D;D
Jueves 08/06/2023;T;O;N;D;D;M
Viernes 09/06/2023;T;O;N;D;D;M
Sábado 10/06/2023;N;D;D;D;M;T
Domingo 11/06/2023;N;D;D;D;M;T
Lunes 12/06/2023;D;M;D;O;T;N
Martes 13/06/2023;D;M;D;O;T;N
Miércoles 14/06/2023;D;T;M;O;N;D
Jueves 15/06/2023;D;T;M;O;N;D
Viernes 16/06/2023;M;N;T;O;D;D
Sábado 17/06/2023;M;N;T;D;D;D
Domingo 18/06/2023;T;D;N;D;D;M
Lunes 19/06/2023;T;D;N;O;D;M
Martes 20/06/2023;N;D;D;O;M;T
Miércoles 21/06/2023;N;D;D;O;M;T
Jueves 22/06/2023;D;M;D;O;T;N
Viernes 23/06/2023;D;M;D;O;T;N
Sábado 24/06/2023;D;T;M;D;N;D
Domingo 25/06/2023;D;T;M;D;N;D
Lunes 26/06/2023;M;N;T;O;D;D
Martes 27/06/2023;M;N;T;O;D;D
Miércoles 28/06/2023;T;D;N;O;D;M
Jueves 29/06/2023;T;D;N;O;D;M
Viernes 30/06/2023;N;D;D;O;M;T
Sábado 01/07/2023;N;D;D;D;M;T
Domingo 02/07/2023;D;M;D;D;T;N
Lunes 03/07/2023;D;M;D;O;T;N
Martes 04/07/2023;D;T;M;O;N;D
Miércoles 05/07/2023;D;T;M;O;N;D
Jueves 06/07/2023;M;N;T;O;D;D
Viernes 07/07/2023;M;N;T;O;D;D
Sábado 08/07/2023;T;D;N;D;D;M
Domingo 09/07/2023;T;D;N;D;D;M
Lunes 10/07/2023;N;D;D;M;O;T
Martes 11/07/2023;N;D;D;M;O;T
Miércoles 12/07/2023;D;M;D;T;O;N
Jueves 13/07/2023;D;M;D;T;O;N
Viernes 14/07/2023;D;T;M;N;O;D
Sábado 15/07/2023;D;T;M;N;D;D
Domingo 16/07/2023;M;N;T;D;D;D
Lunes 17/07/2023;M;N;T;D;O;D
Martes 18/07/2023;T;D;N;D;O;M
Miércoles 19/07/2023;T;D;N;D;O;M
Jueves 20/07/2023;N;D;D;M;O;T
Viernes 21/07/2023;N;D;D;M;O;T
Sábado 22/07/2023;D;M;D;T;D;N
Domingo 23/07/2023;D;M;D;T;D;N
Lunes 24/07/2023;D;T;M;N;O;D
Martes 25/07/2023;D;T;M;N;O;D
Miércoles 26/07/2023;M;N;T;D;O;D
Jueves 27/07/2023;M;N;T;D;O;D
Viernes 28/07/2023;T;D;N;D;O;M
Sábado 29/07/2023;T;D;N;D;D;M
Domingo 30/07/2023;N;D;D;M;D;T
Lunes 31/07/2023;N;D;D;M;O;T
Martes 01/08/2023;D;M;D;T;O;N
Miércoles 02/08/2023;D;M;D;T;O;N
Jueves 03/08/2023;D;T;M;N;O;D
Viernes 04/08/2023;D;T;M;N;O;D
Sábado 05/08/2023;M;N;T;D;D;D
Domingo 06/08/2023;M;N;T;D;D;D
Lunes 07/08/2023;T;D;N;D;M;O
Martes 08/08/2023;T;D;N;D;M;O
Miércoles 09/08/2023;N;D;D;M;T;O
Jueves 10/08/2023;N;D;D;M;T;O
Viernes 11/08/2023;D;M;D;T;N;O
Sábado 12/08/2023;D;M;D;T;N;D
Domingo 13/08/2023;D;T;M;N;D;D
Lunes 14/08/2023;D;T;M;N;D;O
Martes 15/08/2023;M;N;T;D;D;O
Miércoles 16/08/2023;M;N;T;D;D;O
Jueves 17/08/2023;T;D;N;D;M;O
Viernes 18/08/2023;T;D;N;D;M;O
Sábado 19/08/2023;N;D;D;M;T;D
Domingo 20/08/2023;N;D;D;M;T;D
Lunes 21/08/2023;D;M;D;T;N;O
Martes 22/08/2023;D;M;D;T;N;O
Miércoles 23/08/2023;D;T;M;N;D;O
Jueves 24/08/2023;D;T;M;N;D;O
Viernes 25/08/2023;M;N;T;D;D;O
Sábado 26/08/2023;M;N;T;D;D;D
Domingo 27/08/2023;T;D;N;D;M;D
Lunes 28/08/2023;T;D;N;D;M;O
Martes 29/08/2023;N;D;D;M;T;O
Miércoles 30/08/2023;N;D;D;M;T;O
Jueves 31/08/2023;D;M;D;T;N;O
Viernes 01/09/2023;D;M;D;T;N;O
Sábado 02/09/2023;D;T;M;N;D;D
Domingo 03/09/2023;D;T;M;N;D;D
Lunes 04/09/2023;O;N;T;D;D;M
Martes 05/09/2023;O;N;T;D;D;M
Miércoles 06/09/2023;O;D;N;D;M;T
Jueves 07/09/2023;O;D;N;D;M;T
Viernes 08/09/2023;O;D;D;M;T;N
Sábado 09/09/2023;D;D;D;M;T;N
Domingo 10/09/2023;D;M;D;T;N;D
Lunes 11/09/2023;O;M;D;T;N;D
Martes 12/09/2023;O;T;M;N;D;D
Miércoles 13/09/2023;O;T;M;N;D;D
Jueves 14/09/2023;O;N;T;D;D;M
Viernes 15/09/2023;O;N;T;D;D;M
Sábado 16/09/2023;D;D;N;D;M;T
Domingo 17/09/2023;D;D;N;D;M;T
Lunes 18/09/2023;O;D;D;M;T;N
Martes 19/09/2023;O;D;D;M;T;N
Miércoles 20/09/2023;O;M;D;T;N;D
Jueves 21/09/2023;O;M;D;T;N;D
Viernes 22/09/2023;O;T;M;N;D;D
Sábado 23/09/2023;D;T;M;N;D;D
Domingo 24/09/2023;D;N;T;D;D;M
Lunes 25/09/2023;O;N;T;D;D;M
Martes 26/09/2023;O;D;N;D;M;T
Miércoles 27/09/2023;O;D;N;D;M;T
Jueves 28/09/2023;O;D;D;M;T;N
Viernes 29/09/2023;O;D;D;M;T;N
Sábado 30/09/2023;D;M;D;T;N;D
Domingo 01/10/2023;D;M;D;T;N;D
Lunes 02/10/2023;M;T;O;N;D;D
Martes 03/10/2023;M;T;O;N;D;D
Miércoles 04/10/2023;T;N;O;D;D;M
Jueves 05/10/2023;T;N;O;D;D;M
Viernes 06/10/2023;N;D;O;D;M;T
Sábado 07/10/2023;N;D;D;D;M;T
Domingo 08/10/2023;D;D;D;M;T;N
Lunes 09/10/2023;D;D;O;M;T;N
Martes 10/10/2023;D;M;O;T;N;D
Miércoles 11/10/2023;D;M;O;T;N;D
Jueves 12/10/2023;M;T;O;N;D;D
Viernes 13/10/2023;M;T;O;N;D;D
Sábado 14/10/2023;T;N;D;D;D;M
Domingo 15/10/2023;T;N;D;D;D;M
Lunes 16/10/2023;N;D;M;D;O;T
Martes 17/10/2023;N;D;M;D;O;T
Miércoles 18/10/2023;D;D;T;M;O;N
Jueves 19/10/2023;D;D;T;M;O;N
Viernes 20/10/2023;D;M;N;T;O;D
Sábado 21/10/2023;D;M;N;T;D;D
Domingo 22/10/2023;M;T;D;N;D;D
Lunes 23/10/2023;M;T;D;N;O;D
Martes 24/10/2023;T;N;D;D;O;M
Miércoles 25/10/2023;T;N;D;D;O;M
Jueves 26/10/2023;N;D;M;D;O;T
Viernes 27/10/2023;N;D;M;D;O;T
Sábado 28/10/2023;D;D;T;M;D;N
Domingo 29/10/2023;D;D;T;M;D;N
Lunes 30/10/2023;D;O;N;T;M;D
Martes 31/10/2023;D;O;N;T;M;D
Miércoles 01/11/2023;M;O;D;N;T;D
Jueves 02/11/2023;M;O;D;N;T;D
Viernes 03/11/2023;T;O;D;D;N;M
Sábado 04/11/2023;T;D;D;D;N;M
Domingo 05/11/2023;N;D;M;D;D;T
Lunes 06/11/2023;N;O;M;D;D;T
Martes 07/11/2023;D;O;T;M;D;N
Miércoles 08/11/2023;D;O;T;M;D;N
Jueves 09/11/2023;D;O;N;T;M;D
Viernes 10/11/2023;D;O;N;T;M;D
Sábado 11/11/2023;M;D;D;N;T;D
Domingo 12/11/2023;M;D;D;N;T;D
Lunes 13/11/2023;T;M;D;D;N;O
Martes 14/11/2023;T;M;D;D;N;O
Miércoles 15/11/2023;N;T;M;D;D;O
Jueves 16/11/2023;N;T;M;D;D;O
Viernes 17/11/2023;D;N;T;M;D;O
Sábado 18/11/2023;D;N;T;M;D;D
Domingo 19/11/2023;D;D;N;T;M;D
Lunes 20/11/2023;D;D;N;T;M;O
Martes 21/11/2023;M;D;D;N;T;O
Miércoles 22/11/2023;M;D;D;N;T;O
Jueves 23/11/2023;T;M;D;D;N;O
Viernes 24/11/2023;T;M;D;D;N;O
Sábado 25/11/2023;N;T;M;D;D;D
Domingo 26/11/2023;N;T;M;D;D;D
Lunes 27/11/2023;D;N;T;O;D;M
Martes 28/11/2023;D;N;T;O;D;M
Miércoles 29/11/2023;D;D;N;O;M;T
Jueves 30/11/2023;D;D;N;O;M;T
Viernes 01/12/2023;M;D;D;O;T;N
Sábado 02/12/2023;M;D;D;D;T;N
Domingo 03/12/2023;T;M;D;D;N;D
Lunes 04/12/2023;T;M;D;O;N;D
Martes 05/12/2023;N;T;M;O;D;D
Miércoles 06/12/2023;N;T;M;O;D;D
Jueves 07/12/2023;D;N;T;O;D;M
Viernes 08/12/2023;D;N;T;O;D;M
Sábado 09/12/2023;D;D;N;D;M;T
Domingo 10/12/2023;D;D;N;D;M;T
Lunes 11/12/2023;O;D;D;M;T;N
Martes 12/12/2023;O;D;D;M;T;N
Miércoles 13/12/2023;O;M;D;T;N;D
Jueves 14/12/2023;O;M;D;T;N;D
Viernes 15/12/2023;O;T;M;N;D;D
Sábado 16/12/2023;D;T;M;N;D;D
Domingo 17/12/2023;D;N;T;D;D;M
Lunes 18/12/2023;O;N;T;D;D;M
Martes 19/12/2023;O;D;N;D;M;T
Miércoles 20/12/2023;O;D;N;D;M;T
Jueves 21/12/2023;O;D;D;M;T;N
Viernes 22/12/2023;O;D;D;M;T;N
Sábado 23/12/2023;D;M;D;T;N;D
Domingo 24/12/2023;D;M;D;T;N;D
Lunes 25/12/2023;M;T;O;N;D;D
Martes 26/12/2023;M;T;O;N;D;D
Miércoles 27/12/2023;T;N;O;D;D;M
Jueves 28/12/2023;T;N;O;D;D;M
Viernes 29/12/2023;N;D;O;D;M;T
Sábado 30/12/2023;N;D;D;D;M;T
Domingo 31/12/2023;D;D;D;M;T;N
Lunes 01/01/2024;D;D;O;M;T;N
Martes 02/01/2024;D;M;O;T;N;D
Miércoles 03/01/2024;D;M;O;T;N;D
Jueves 04/01/2024;M;T;O;N;D;D
Viernes 05/01/2024;M;T;O;N;D;D
Sábado 06/01/2024;T;N;D;D;D;M
Domingo 07/01/2024;T;N;D;D;D;M
Lunes 08/01/2024;N;D;M;D;O;T
Martes 09/01/2024;N;D;M;D;O;T
Miércoles 10/01/2024;D;D;T;M;O;N
Jueves 11/01/2024;D;D;T;M;O;N
Viernes 12/01/2024;D;M;N;T;O;D
Sábado 13/01/2024;D;M;N;T;D;D
Domingo 14/01/2024;M;T;D;N;D;D
Lunes 15/01/2024;M;T;D;N;O;D
Martes 16/01/2024;T;N;D;D;O;M
Miércoles 17/01/2024;T;N;D;D;O;M
Jueves 18/01/2024;N;D;M;D;O;T
Viernes 19/01/2024;N;D;M;D;O;T
Sábado 20/01/2024;D;D;T;M;D;N
Domingo 21/01/2024;D;D;T;M;D;N
Lunes 22/01/2024;D;O;N;T;M;D
Martes 23/01/2024;D;O;N;T;M;D
Miércoles 24/01/2024;M;O;D;N;T;D
Jueves 25/01/2024;M;O;D;N;T;D
Viernes 26/01/2024;T;O;D;D;N;M
Sábado 27/01/2024;T;D;D;D;N;M
Domingo 28/01/2024;N;D;M;D;D;T
Lunes 29/01/2024;N;O;M;D;D;T
Martes 30/01/2024;D;O;T;M;D;N
Miércoles 31/01/2024;D;O;T;M;D;N
Jueves 01/02/2024;D;O;N;T;M;D
Viernes 02/02/2024;D;O;N;T;M;D
Sábado 03/02/2024;M;D;D;N;T;D
Domingo 04/02/2024;M;D;D;N;T;D
Lunes 05/02/2024;T;M;D;D;N;O
Martes 06/02/2024;T;M;D;D;N;O
Miércoles 07/02/2024;N;T;M;D;D;O
Jueves 08/02/2024;N;T;M;D;D;O
Viernes 09/02/2024;D;N;T;M;D;O
Sábado 10/02/2024;D;N;T;M;D;D
Domingo 11/02/2024;D;D;N;T;M;D
Lunes 12/02/2024;D;D;N;T;M;O
Martes 13/02/2024;M;D;D;N;T;O
Miércoles 14/02/2024;M;D;D;N;T;O
Jueves 15/02/2024;T;M;D;D;N;O
Viernes 16/02/2024;T;M;D;D;N;O
Sábado 17/02/2024;N;T;M;D;D;D
Domingo 18/02/2024;N;T;M;D;D;D
Lunes 19/02/2024;D;N;T;O;D;M
Martes 20/02/2024;D;N;T;O;D;M
Miércoles 21/02/2024;D;D;N;O;M;T
Jueves 22/02/2024;D;D;N;O;M;T
Viernes 23/02/2024;M;D;D;O;T;N
Sábado 24/02/2024;M;D;D;D;T;N
Domingo 25/02/2024;T;M;D;D;N;D
Lunes 26/02/2024;T;M;D;O;N;D
Martes 27/02/2024;N;T;M;O;D;D
Miércoles 28/02/2024;N;T;M;O;D;D
Jueves 29/02/2024;D;N;T;O;D;M
Viernes 01/03/2024;D;N;T;O;D;M
Sábado 02/03/2024;D;D;N;D;M;T
Domingo 03/03/2024;D;D;N;D;M;T
Lunes 04/03/2024;O;D;D;M;T;N
Martes 05/03/2024;O;D;D;M;T;N
Miércoles 06/03/2024;O;M;D;T;N;D
Jueves 07/03/2024;O;M;D;T;N;D
Viernes 08/03/2024;O;T;M;N;D;D
Sábado 09/03/2024;D;T;M;N;D;D
Domingo 10/03/2024;D;N;T;D;D;M
Lunes 11/03/2024;O;N;T;D;D;M
Martes 12/03/2024;O;D;N;D;M;T
Miércoles 13/03/2024;O;D;N;D;M;T
Jueves 14/03/2024;O;D;D;M;T;N
Viernes 15/03/2024;O;D;D;M;T;N
Sábado 16/03/2024;D;M;D;T;N;D
Domingo 17/03/2024;D;M;D;T;N;D
Lunes 18/03/2024;M;T;O;N;D;D
Martes 19/03/2024;M;T;O;N;D;D
Miércoles 20/03/2024;T;N;O;D;D;M
Jueves 21/03/2024;T;N;O;D;D;M
Viernes 22/03/2024;N;D;O;D;M;T
Sábado 23/03/2024;N;D;D;D;M;T
Domingo 24/03/2024;D;D;D;M;T;N
Lunes 25/03/2024;D;D;O;M;T;N
Martes 26/03/2024;D;M;O;T;N;D
Miércoles 27/03/2024;D;M;O;T;N;D
Jueves 28/03/2024;M;T;O;N;D;D
Viernes 29/03/2024;M;T;O;N;D;D
Sábado 30/03/2024;T;N;D;D;D;M
Domingo 31/03/2024;T;N;D;D;D;M
Lunes 01/04/2024;N;D;M;D;O;T
Martes 02/04/2024;N;D;M;D;O;T
Miércoles 03/04/2024;D;D;T;M;O;N
Jueves 04/04/2024;D;D;T;M;O;N
Viernes 05/04/2024;D;M;N;T;O;D
Sábado 06/04/2024;D;M;N;T;D;D
Domingo 07/04/2024;M;T;D;N;D;D
Lunes 08/04/2024;M;T;D;N;O;D
Martes 09/04/2024;T;N;D;D;O;M
Miércoles 10/04/2024;T;N;D;D;O;M
Jueves 11/04/2024;N;D;M;D;O;T
Viernes 12/04/2024;N;D;M;D;O;T
Sábado 13/04/2024;D;D;T;M;D;N
Domingo 14/04/2024;D;D;T;M;D;N
Lunes 15/04/2024;D;O;N;T;M;D
Martes 16/04/2024;D;O;N;T;M;D
Miércoles 17/04/2024;M;O;D;N;T;D
Jueves 18/04/2024;M;O;D;N;T;D
Viernes 19/04/2024;T;O;D;D;N;M
Sábado 20/04/2024;T;D;D;D;N;M
Domingo 21/04/2024;N;D;M;D;D;T
Lunes 22/04/2024;N;O;M;D;D;T
Martes 23/04/2024;D;O;T;M;D;N
Miércoles 24/04/2024;D;O;T;M;D;N
Jueves 25/04/2024;D;O;N;T;M;D
Viernes 26/04/2024;D;O;N;T;M;D
Sábado 27/04/2024;M;D;D;N;T;D
Domingo 28/04/2024;M;D;D;N;T;D
Lunes 29/04/2024;T;O;D;D;N;M
Martes 30/04/2024;T;O;D;D;N;M
Miércoles 01/05/2024;N;O;M;D;D;T
Jueves 02/05/2024;N;O;M;D;D;T
Viernes 03/05/2024;D;O;T;M;D;N
Sábado 04/05/2024;D;D;T;M;D;N
Domingo 05/05/2024;D;D;N;T;M;D
Lunes 06/05/2024;D;O;N;T;M;D
Martes 07/05/2024;M;O;D;N;T;D
Miércoles 08/05/2024;M;O;D;N;T;D
Jueves 09/05/2024;T;O;D;D;N;M
Viernes 10/05/2024;T;O;D;D;N;M
Sábado 11/05/2024;N;D;M;D;D;T
Domingo 12/05/2024;N;D;M;D;D;T
Lunes 13/05/2024;D;M;T;O;D;N
Martes 14/05/2024;D;M;T;O;D;N
Miércoles 15/05/2024;D;T;N;O;M;D
Jueves 16/05/2024;D;T;N;O;M;D
Viernes 17/05/2024;M;N;D;O;T;D
Sábado 18/05/2024;M;N;D;D;T;D
Domingo 19/05/2024;T;D;D;D;N;M
Lunes 20/05/2024;T;D;D;O;N;M
Martes 21/05/2024;N;D;M;O;D;T
Miércoles 22/05/2024;N;D;M;O;D;T
Jueves 23/05/2024;D;M;T;O;D;N
Viernes 24/05/2024;D;M;T;O;D;N
Sábado 25/05/2024;D;T;N;D;M;D
Domingo 26/05/2024;D;T;N;D;M;D
Lunes 27/05/2024;M;N;D;O;T;D
Martes 28/05/2024;M;N;D;O;T;D
Miércoles 29/05/2024;T;D;D;O;N;M
Jueves 30/05/2024;T;D;D;O;N;M
Viernes 31/05/2024;N;D;M;O;D;T
Sábado 01/06/2024;N;D;M;D;D;T
Domingo 02/06/2024;D;M;T;D;D;N
Lunes 03/06/2024;D;M;T;O;D;N
Martes 04/06/2024;D;T;N;O;M;D
Miércoles 05/06/2024;D;T;N;O;M;D
Jueves 06/06/2024;M;N;D;O;T;D
Viernes 07/06/2024;M;N;D;O;T;D
Sábado 08/06/2024;T;D;D;D;N;M
Domingo 09/06/2024;T;D;D;D;N;M
Lunes 10/06/2024;N;D;O;M;D;T
Martes 11/06/2024;N;D;O;M;D;T
Miércoles 12/06/2024;D;M;O;T;D;N
Jueves 13/06/2024;D;M;O;T;D;N
Viernes 14/06/2024;D;T;O;N;M;D
Sábado 15/06/2024;D;T;D;N;M;D
Domingo 16/06/2024;M;N;D;D;T;D
Lunes 17/06/2024;M;N;O;D;T;D
Martes 18/06/2024;T;D;O;D;N;M
Miércoles 19/06/2024;T;D;O;D;N;M
Jueves 20/06/2024;N;D;O;M;D;T
Viernes 21/06/2024;N;D;O;M;D;T
Sábado 22/06/2024;D;M;D;T;D;N
Domingo 23/06/2024;D;M;D;T;D;N
Lunes 24/06/2024;D;T;O;N;M;D
Martes 25/06/2024;D;T;O;N;M;D
Miércoles 26/06/2024;M;N;O;D;T;D
Jueves 27/06/2024;M;N;O;D;T;D
Viernes 28/06/2024;T;D;O;D;N;M
Sábado 29/06/2024;T;D;D;D;N;M
Domingo 30/06/2024;N;D;D;M;D;T
Lunes 01/07/2024;N;D;O;M;D;T
Martes 02/07/2024;D;M;O;T;D;N
Miércoles 03/07/2024;D;M;O;T;D;N
Jueves 04/07/2024;D;T;O;N;M;D
Viernes 05/07/2024;D;T;O;N;M;D
Sábado 06/07/2024;M;N;D;D;T;D
Domingo 07/07/2024;M;N;D;D;T;D
Lunes 08/07/2024;T;D;M;D;N;O
Martes 09/07/2024;T;D;M;D;N;O
Miércoles 10/07/2024;N;D;T;M;D;O
Jueves 11/07/2024;N;D;T;M;D;O
Viernes 12/07/2024;D;M;N;T;D;O
Sábado 13/07/2024;D;M;N;T;D;D
Domingo 14/07/2024;D;T;D;N;M;D
Lunes 15/07/2024;D;T;D;N;M;O
Martes 16/07/2024;M;N;D;D;T;O
Miércoles 17/07/2024;M;N;D;D;T;O
Jueves 18/07/2024;T;D;M;D;N;O
Viernes 19/07/2024;T;D;M;D;N;O
Sábado 20/07/2024;N;D;T;M;D;D
Domingo 21/07/2024;N;D;T;M;D;D
Lunes 22/07/2024;D;M;N;T;D;O
Martes 23/07/2024;D;M;N;T;D;O
Miércoles 24/07/2024;D;T;D;N;M;O
Jueves 25/07/2024;D;T;D;N;M;O
Viernes 26/07/2024;M;N;D;D;T;O
Sábado 27/07/2024;M;N;D;D;T;D
Domingo 28/07/2024;T;D;M;D;N;D
Lunes 29/07/2024;T;D;M;D;N;O
Martes 30/07/2024;N;D;T;M;D;O
Miércoles 31/07/2024;N;D;T;M;D;O
Jueves 01/08/2024;D;M;N;T;D;O
Viernes 02/08/2024;D;M;N;T;D;O
Sábado 03/08/2024;D;T;D;N;M;D
Domingo 04/08/2024;D;T;D;N;M;D
Lunes 05/08/2024;O;N;D;D;T;M
Martes 06/08/2024;O;N;D;D;T;M
Miércoles 07/08/2024;O;D;M;D;N;T
Jueves 08/08/2024;O;D;M;D;N;T
Viernes 09/08/2024;O;D;T;M;D;N
Sábado 10/08/2024;D;D;T;M;D;N
Domingo 11/08/2024;D;M;N;T;D;D
Lunes 12/08/2024;O;M;N;T;D;D
Martes 13/08/2024;O;T;D;N;M;D
Miércoles 14/08/2024;O;T;D;N;M;D
Jueves 15/08/2024;O;N;D;D;T;M
Viernes 16/08/2024;O;N;D;D;T;M
Sábado 17/08/2024;D;D;M;D;N;T
Domingo 18/08/2024;D;D;M;D;N;T
Lunes 19/08/2024;O;D;T;M;D;N
Martes 20/08/2024;O;D;T;M;D;N
Miércoles 21/08/2024;O;M;N;T;D;D
Jueves 22/08/2024;O;M;N;T;D;D
Viernes 23/08/2024;O;T;D;N;M;D
Sábado 24/08/2024;D;T;D;N;M;D
Domingo 25/08/2024;D;N;D;D;T;M
Lunes 26/08/2024;O;N;D;D;T;M
Martes 27/08/2024;O;D;M;D;N;T
Miércoles 28/08/2024;O;D;M;D;N;T
Jueves 29/08/2024;O;D;T;M;D;N
Viernes 30/08/2024;O;D;T;M;D;N
Sábado 31/08/2024;D;M;N;T;D;D
Domingo 01/09/2024;D;M;N;T;D;D
Lunes 02/09/2024;M;T;D;N;O;D
Martes 03/09/2024;M;T;D;N;O;D
Miércoles 04/09/2024;T;N;D;D;O;M
Jueves 05/09/2024;T;N;D;D;O;M
Viernes 06/09/2024;N;D;M;D;O;T
Sábado 07/09/2024;N;D;M;D;D;T
Domingo 08/09/2024;D;D;T;M;D;N
Lunes 09/09/2024;D;D;T;M;O;N
Martes 10/09/2024;D;M;N;T;O;D
Miércoles 11/09/2024;D;M;N;T;O;D
Jueves 12/09/2024;M;T;D;N;O;D
Viernes 13/09/2024;M;T;D;N;O;D
Sábado 14/09/2024;T;N;D;D;D;M
Domingo 15/09/2024;T;N;D;D;D;M
Lunes 16/09/2024;N;D;M;D;O;T
Martes 17/09/2024;N;D;M;D;O;T
Miércoles 18/09/2024;D;D;T;M;O;N
Jueves 19/09/2024;D;D;T;M;O;N
Viernes 20/09/2024;D;M;N;T;O;D
Sábado 21/09/2024;D;M;N;T;D;D
Domingo 22/09/2024;M;T;D;N;D;D
Lunes 23/09/2024;M;T;D;N;O;D
Martes 24/09/2024;T;N;D;D;O;M
Miércoles 25/09/2024;T;N;D;D;O;M
Jueves 26/09/2024;N;D;M;D;O;T
Viernes 27/09/2024;N;D;M;D;O;T
Sábado 28/09/2024;D;D;T;M;D;N
Domingo 29/09/2024;D;D;T;M;D;N
Lunes 30/09/2024;D;O;N;T;M;D
Martes 01/10/2024;D;O;N;T;M;D
Miércoles 02/10/2024;M;O;D;N;T;D
Jueves 03/10/2024;M;O;D;N;T;D
Viernes 04/10/2024;T;O;D;D;N;M
Sábado 05/10/2024;T;D;D;D;N;M
Domingo 06/10/2024;N;D;M;D;D;T
Lunes 07/10/2024;N;O;M;D;D;T
Martes 08/10/2024;D;O;T;M;D;N
Miércoles 09/10/2024;D;O;T;M;D;N
Jueves 10/10/2024;D;O;N;T;M;D
Viernes 11/10/2024;D;O;N;T;M;D
Sábado 12/10/2024;M;D;D;N;T;D
Domingo 13/10/2024;M;D;D;N;T;D
Lunes 14/10/2024;T;M;D;D;N;O
Martes 15/10/2024;T;M;D;D;N;O
Miércoles 16/10/2024;N;T;M;D;D;O
Jueves 17/10/2024;N;T;M;D;D;O
Viernes 18/10/2024;D;N;T;M;D;O
Sábado 19/10/2024;D;N;T;M;D;D
Domingo 20/10/2024;D;D;N;T;M;D
Lunes 21/10/2024;D;D;N;T;M;O
Martes 22/10/2024;M;D;D;N;T;O
Miércoles 23/10/2024;M;D;D;N;T;O
Jueves 24/10/2024;T;M;D;D;N;O
Viernes 25/10/2024;T;M;D;D;N;O
Sábado 26/10/2024;N;T;M;D;D;D
Domingo 27/10/2024;N;T;M;D;D;D
Lunes 28/10/2024;D;N;T;O;D;M
Martes 29/10/2024;D;N;T;O;D;M
Miércoles 30/10/2024;D;D;N;O;M;T
Jueves 31/10/2024;D;D;N;O;M;T
Viernes 01/11/2024;M;D;D;O;T;N
Sábado 02/11/2024;M;D;D;D;T;N
Domingo 03/11/2024;T;M;D;D;N;D
Lunes 04/11/2024;T;M;D;O;N;D
Martes 05/11/2024;N;T;M;O;D;D
Miércoles 06/11/2024;N;T;M;O;D;D
Jueves 07/11/2024;D;N;T;O;D;M
Viernes 08/11/2024;D;N;T;O;D;M
Sábado 09/11/2024;D;D;N;D;M;T
Domingo 10/11/2024;D;D;N;D;M;T
Lunes 11/11/2024;O;D;D;M;T;N
Martes 12/11/2024;O;D;D;M;T;N
Miércoles 13/11/2024;O;M;D;T;N;D
Jueves 14/11/2024;O;M;D;T;N;D
Viernes 15/11/2024;O;T;M;N;D;D
Sábado 16/11/2024;D;T;M;N;D;D
Domingo 17/11/2024;D;N;T;D;D;M
Lunes 18/11/2024;O;N;T;D;D;M
Martes 19/11/2024;O;D;N;D;M;T
Miércoles 20/11/2024;O;D;N;D;M;T
Jueves 21/11/2024;O;D;D;M;T;N
Viernes 22/11/2024;O;D;D;M;T;N
Sábado 23/11/2024;D;M;D;T;N;D
Domingo 24/11/2024;D;M;D;T;N;D
Lunes 25/11/2024;M;T;O;N;D;D
Martes 26/11/2024;M;T;O;N;D;D
Miércoles 27/11/2024;T;N;O;D;D;M
Jueves 28/11/2024;T;N;O;D;D;M
Viernes 29/11/2024;N;D;O;D;M;T
Sábado 30/11/2024;N;D;D;D;M;T
Domingo 01/12/2024;D;D;D;M;T;N
Lunes 02/12/2024;D;D;O;M;T;N
Martes 03/12/2024;D;M;O;T;N;D
Miércoles 04/12/2024;D;M;O;T;N;D
Jueves 05/12/2024;M;T;O;N;D;D
Viernes 06/12/2024;M;T;O;N;D;D
Sábado 07/12/2024;T;N;D;D;D;M
Domingo 08/12/2024;T;N;D;D;D;M
Lunes 09/12/2024;N;D;M;D;O;T
Martes 10/12/2024;N;D;M;D;O;T
Miércoles 11/12/2024;D;D;T;M;O;N
Jueves 12/12/2024;D;D;T;M;O;N
Viernes 13/12/2024;D;M;N;T;O;D
Sábado 14/12/2024;D;M;N;T;D;D
Domingo 15/12/2024;M;T;D;N;D;D
Lunes 16/12/2024;M;T;D;N;O;D
Martes 17/12/2024;T;N;D;D;O;M
Miércoles 18/12/2024;T;N;D;D;O;M
Jueves 19/12/2024;N;D;M;D;O;T
Viernes 20/12/2024;N;D;M;D;O;T
Sábado 21/12/2024;D;D;T;M;D;N
Domingo 22/12/2024;D;D;T;M;D;N
Lunes 23/12/2024;D;O;N;T;M;D
Martes 24/12/2024;D;O;N;T;M;D
Miércoles 25/12/2024;M;O;D;N;T;D
Jueves 26/12/2024;M;O;D;N;T;D
Viernes 27/12/2024;T;O;D;D;N;M
Sábado 28/12/2024;T;D;D;D;N;M
Domingo 29/12/2024;N;D;M;D;D;T
Lunes 30/12/2024;N;O;M;D;D;T
Martes 31/12/2024;D;O;T;M;D;N
Miércoles 01/01/2025;D;O;T;M;D;N
Jueves 02/01/2025;D;O;N;T;M;D
Viernes 03/01/2025;D;O;N;T;M;D
Sábado 04/01/2025;M;D;D;N;T;D
Domingo 05/01/2025;M;D;D;N;T;D
Lunes 06/01/2025;T;M;D;D;N;O
Martes 07/01/2025;T;M;D;D;N;O
Miércoles 08/01/2025;N;T;M;D;D;O
Jueves 09/01/2025;N;T;M;D;D;O
Viernes 10/01/2025;D;N;T;M;D;O
Sábado 11/01/2025;D;N;T;M;D;D
Domingo 12/01/2025;D;D;N;T;M;D
Lunes 13/01/2025;D;D;N;T;M;O
Martes 14/01/2025;M;D;D;N;T;O
Miércoles 15/01/2025;M;D;D;N;T;O
Jueves 16/01/2025;T;M;D;D;N;O
Viernes 17/01/2025;T;M;D;D;N;O
Sábado 18/01/2025;N;T;M;D;D;D
Domingo 19/01/2025;N;T;M;D;D;D
Lunes 20/01/2025;D;N;T;O;D;M
Martes 21/01/2025;D;N;T;O;D;M
Miércoles 22/01/2025;D;D;N;O;M;T
Jueves 23/01/2025;D;D;N;O;M;T
Viernes 24/01/2025;M;D;D;O;T;N
Sábado 25/01/2025;M;D;D;D;T;N
Domingo 26/01/2025;T;M;D;D;N;D
Lunes 27/01/2025;T;M;D;O;N;D
Martes 28/01/2025;N;T;M;O;D;D
Miércoles 29/01/2025;N;T;M;O;D;D
Jueves 30/01/2025;D;N;T;O;D;M
Viernes 31/01/2025;D;N;T;O;D;M
Sábado 01/02/2025;D;D;N;D;M;T
Domingo 02/02/2025;D;D;N;D;M;T
Lunes 03/02/2025;O;D;D;M;T;N
Martes 04/02/2025;O;D;D;M;T;N
Miércoles 05/02/2025;O;M;D;T;N;D
Jueves 06/02/2025;O;M;D;T;N;D
Viernes 07/02/2025;O;T;M;N;D;D
Sábado 08/02/2025;D;T;M;N;D;D
Domingo 09/02/2025;D;N;T;D;D;M
Lunes 10/02/2025;O;N;T;D;D;M
Martes 11/02/2025;O;D;N;D;M;T
Miércoles 12/02/2025;O;D;N;D;M;T
Jueves 13/02/2025;O;D;D;M;T;N
Viernes 14/02/2025;O;D;D;M;T;N
Sábado 15/02/2025;D;M;D;T;N;D
Domingo 16/02/2025;D;M;D;T;N;D
Lunes 17/02/2025;M;T;O;N;D;D
Martes 18/02/2025;M;T;O;N;D;D
Miércoles 19/02/2025;T;N;O;D;D;M
Jueves 20/02/2025;T;N;O;D;D;M
Viernes 21/02/2025;N;D;O;D;M;T
Sábado 22/02/2025;N;D;D;D;M;T
Domingo 23/02/2025;D;D;D;M;T;N
Lunes 24/02/2025;D;D;O;M;T;N
Martes 25/02/2025;D;M;O;T;N;D
Miércoles 26/02/2025;D;M;O;T;N;D
Jueves 27/02/2025;M;T;O;N;D;D
Viernes 28/02/2025;M;T;O;N;D;D
Sábado 01/03/2025;T;N;D;D;D;M
Domingo 02/03/2025;T;N;D;D;D;M
Lunes 03/03/2025;N;D;M;D;O;T
Martes 04/03/2025;N;D;M;D;O;T
Miércoles 05/03/2025;D;D;T;M;O;N
Jueves 06/03/2025;D;D;T;M;O;N
Viernes 07/03/2025;D;M;N;T;O;D
Sábado 08/03/2025;D;M;N;T;D;D
Domingo 09/03/2025;M;T;D;N;D;D
Lunes 10/03/2025;M;T;D;N;O;D
Martes 11/03/2025;T;N;D;D;O;M
Miércoles 12/03/2025;T;N;D;D;O;M
Jueves 13/03/2025;N;D;M;D;O;T
Viernes 14/03/2025;N;D;M;D;O;T
Sábado 15/03/2025;D;D;T;M;D;N
Domingo 16/03/2025;D;D;T;M;D;N
Lunes 17/03/2025;D;O;N;T;M;D
Martes 18/03/2025;D;O;N;T;M;D
Miércoles 19/03/2025;M;O;D;N;T;D
Jueves 20/03/2025;M;O;D;N;T;D
Viernes 21/03/2025;T;O;D;D;N;M
Sábado 22/03/2025;T;D;D;D;N;M
Domingo 23/03/2025;N;D;M;D;D;T
Lunes 24/03/2025;N;O;M;D;D;T
Martes 25/03/2025;D;O;T;M;D;N
Miércoles 26/03/2025;D;O;T;M;D;N
Jueves 27/03/2025;D;O;N;T;M;D
Viernes 28/03/2025;D;O;N;T;M;D
Sábado 29/03/2025;M;D;D;N;T;D
Domingo 30/03/2025;M;D;D;N;T;D
Lunes 31/03/2025;T;M;D;D;N;O
Martes 01/04/2025;T;M;D;D;N;O
Miércoles 02/04/2025;N;T;M;D;D;O
Jueves 03/04/2025;N;T;M;D;D;O
Viernes 04/04/2025;D;N;T;M;D;O
Sábado 05/04/2025;D;N;T;M;D;D
Domingo 06/04/2025;D;D;N;T;M;D
Lunes 07/04/2025;D;D;N;T;M;O
Martes 08/04/2025;M;D;D;N;T;O
Miércoles 09/04/2025;M;D;D;N;T;O
Jueves 10/04/2025;T;M;D;D;N;O
Viernes 11/04/2025;T;M;D;D;N;O
Sábado 12/04/2025;N;T;M;D;D;D
Domingo 13/04/2025;N;T;M;D;D;D
Lunes 14/04/2025;D;N;T;O;D;M
Martes 15/04/2025;D;N;T;O;D;M
Miércoles 16/04/2025;D;D;N;O;M;T
Jueves 17/04/2025;D;D;N;O;M;T
Viernes 18/04/2025;M;D;D;O;T;N
Sábado 19/04/2025;M;D;D;D;T;N
Domingo 20/04/2025;T;M;D;D;N;D
Lunes 21/04/2025;T;M;D;O;N;D
Martes 22/04/2025;N;T;M;O;D;D
Miércoles 23/04/2025;N;T;M;O;D;D
Jueves 24/04/2025;D;N;T;O;D;M
Viernes 25/04/2025;D;N;T;O;D;M
Sábado 26/04/2025;D;D;N;D;M;T
Domingo 27/04/2025;D;D;N;D;M;T
Lunes 28/04/2025;M;D;D;O;T;N
Martes 29/04/2025;M;D;D;O;T;N
Miércoles 30/04/2025;T;M;D;O;N;D
Jueves 01/05/2025;T;M;D;O;N;D
Viernes 02/05/2025;N;T;M;O;D;D
Sábado 03/05/2025;N;T;M;D;D;D
Domingo 04/05/2025;D;N;T;D;D;M
Lunes 05/05/2025;D;N;T;O;D;M
Martes 06/05/2025;D;D;N;O;M;T
Miércoles 07/05/2025;D;D;N;O;M;T
Jueves 08/05/2025;M;D;D;O;T;N
Viernes 09/05/2025;M;D;D;O;T;N
Sábado 10/05/2025;T;M;D;D;N;D
Domingo 11/05/2025;T;M;D;D;N;D
Lunes 12/05/2025;N;T;O;M;D;D
Martes 13/05/2025;N;T;O;M;D;D
Miércoles 14/05/2025;D;N;O;T;D;M
Jueves 15/05/2025;D;N;O;T;D;M
Viernes 16/05/2025;D;D;O;N;M;T
Sábado 17/05/2025;D;D;D;N;M;T
Domingo 18/05/2025;M;D;D;D;T;N
Lunes 19/05/2025;M;D;O;D;T;N
Martes 20/05/2025;T;M;O;D;N;D
Miércoles 21/05/2025;T;M;O;D;N;D
Jueves 22/05/2025;N;T;O;M;D;D
Viernes 23/05/2025;N;T;O;M;D;D
Sábado 24/05/2025;D;N;D;T;D;M
Domingo 25/05/2025;D;N;D;T;D;M
Lunes 26/05/2025;D;D;O;N;M;T
Martes 27/05/2025;D;D;O;N;M;T
Miércoles 28/05/2025;M;D;O;D;T;N
Jueves 29/05/2025;M;D;O;D;T;N
Viernes 30/05/2025;T;M;O;D;N;D
Sábado 31/05/2025;T;M;D;D;N;D
Domingo 01/06/2025;N;T;D;M;D;D
Lunes 02/06/2025;N;T;O;M;D;D
Martes 03/06/2025;D;N;O;T;D;M
Miércoles 04/06/2025;D;N;O;T;D;M
Jueves 05/06/2025;D;D;O;N;M;T
Viernes 06/06/2025;D;D;O;N;M;T
Sábado 07/06/2025;M;D;D;D;T;N
Domingo 08/06/2025;M;D;D;D;T;N
Lunes 09/06/2025;T;O;M;D;N;D
Martes 10/06/2025;T;O;M;D;N;D
Miércoles 11/06/2025;N;O;T;M;D;D
Jueves 12/06/2025;N;O;T;M;D;D
Viernes 13/06/2025;D;O;N;T;D;M
Sábado 14/06/2025;D;D;N;T;D;M
Domingo 15/06/2025;D;D;D;N;M;T
Lunes 16/06/2025;D;O;D;N;M;T
Martes 17/06/2025;M;O;D;D;T;N
Miércoles 18/06/2025;M;O;D;D;T;N
Jueves 19/06/2025;T;O;M;D;N;D
Viernes 20/06/2025;T;O;M;D;N;D
Sábado 21/06/2025;N;D;T;M;D;D
Domingo 22/06/2025;N;D;T;M;D;D
Lunes 23/06/2025;D;O;N;T;D;M
Martes 24/06/2025;D;O;N;T;D;M
Miércoles 25/06/2025;D;O;D;N;M;T
Jueves 26/06/2025;D;O;D;N;M;T
Viernes 27/06/2025;M;O;D;D;T;N
Sábado 28/06/2025;M;D;D;D;T;N
Domingo 29/06/2025;T;D;M;D;N;D
Lunes 30/06/2025;T;O;M;D;N;D
Martes 01/07/2025;N;O;T;M;D;D
Miércoles 02/07/2025;N;O;T;M;D;D
Jueves 03/07/2025;D;O;N;T;D;M
Viernes 04/07/2025;D;O;N;T;D;M
Sábado 05/07/2025;D;D;D;N;M;T
Domingo 06/07/2025;D;D;D;N;M;T
Lunes 07/07/2025;O;M;D;D;T;N
Martes 08/07/2025;O;M;D;D;T;N
Miércoles 09/07/2025;O;T;M;D;N;D
Jueves 10/07/2025;O;T;M;D;N;D
Viernes 11/07/2025;O;N;T;M;D;D
Sábado 12/07/2025;D;N;T;M;D;D
Domingo 13/07/2025;D;D;N;T;D;M
Lunes 14/07/2025;O;D;N;T;D;M
Martes 15/07/2025;O;D;D;N;M;T
Miércoles 16/07/2025;O;D;D;N;M;T
Jueves 17/07/2025;O;M;D;D;T;N
Viernes 18/07/2025;O;M;D;D;T;N
Sábado 19/07/2025;D;T;M;D;N;D
Domingo 20/07/2025;D;T;M;D;N;D
Lunes 21/07/2025;O;N;T;M;D;D
Martes 22/07/2025;O;N;T;M;D;D
Miércoles 23/07/2025;O;D;N;T;D;M
Jueves 24/07/2025;O;D;N;T;D;M
Viernes 25/07/2025;O;D;D;N;M;T
Sábado 26/07/2025;D;D;D;N;M;T
Domingo 27/07/2025;D;M;D;D;T;N
Lunes 28/07/2025;O;M;D;D;T;N
Martes 29/07/2025;O;T;M;D;N;D
Miércoles 30/07/2025;O;T;M;D;N;D
Jueves 31/07/2025;O;N;T;M;D;D
Viernes 01/08/2025;O;N;T;M;D;D
Sábado 02/08/2025;D;D;N;T;D;M
Domingo 03/08/2025;D;D;N;T;D;M
Lunes 04/08/2025;M;D;D;N;O;T
Martes 05/08/2025;M;D;D;N;O;T
Miércoles 06/08/2025;T;M;D;D;O;N
Jueves 07/08/2025;T;M;D;D;O;N
Viernes 08/08/2025;N;T;M;D;O;D
Sábado 09/08/2025;N;T;M;D;D;D
Domingo 10/08/2025;D;N;T;M;D;D
Lunes 11/08/2025;D;N;T;M;O;D
Martes 12/08/2025;D;D;N;T;O;M
Miércoles 13/08/2025;D;D;N;T;O;M
Jueves 14/08/2025;M;D;D;N;O;T
Viernes 15/08/2025;M;D;D;N;O;T
Sábado 16/08/2025;T;M;D;D;D;N
Domingo 17/08/2025;T;M;D;D;D;N
Lunes 18/08/2025;N;T;M;D;O;D
Martes 19/08/2025;N;T;M;D;O;D
Miércoles 20/08/2025;D;N;T;M;O;D
Jueves 21/08/2025;D;N;T;M;O;D
Viernes 22/08/2025;D;D;N;T;O;M
Sábado 23/08/2025;D;D;N;T;D;M
Domingo 24/08/2025;M;D;D;N;D;T
Lunes 25/08/2025;M;D;D;N;O;T
Martes 26/08/2025;T;M;D;D;O;N
Miércoles 27/08/2025;T;M;D;D;O;N
Jueves 28/08/2025;N;T;M;D;O;D
Viernes 29/08/2025;N;T;M;D;O;D
Sábado 30/08/2025;D;N;T;M;D;D
Domingo 31/08/2025;D;N;T;M;D;D
Lunes 01/09/2025;D;D;N;T;M;O
Martes 02/09/2025;D;D;N;T;M;O
Miércoles 03/09/2025;M;D;D;N;T;O
Jueves 04/09/2025;M;D;D;N;T;O
Viernes 05/09/2025;T;M;D;D;N;O
Sábado 06/09/2025;T;M;D;D;N;D
Domingo 07/09/2025;N;T;M;D;D;D
Lunes 08/09/2025;N;T;M;D;D;O
Martes 09/09/2025;D;N;T;M;D;O
Miércoles 10/09/2025;D;N;T;M;D;O
Jueves 11/09/2025;D;D;N;T;M;O
Viernes 12/09/2025;D;D;N;T;M;O
Sábado 13/09/2025;M;D;D;N;T;D
Domingo 14/09/2025;M;D;D;N;T;D
Lunes 15/09/2025;T;M;D;D;N;O
Martes 16/09/2025;T;M;D;D;N;O
Miércoles 17/09/2025;N;T;M;D;D;O
Jueves 18/09/2025;N;T;M;D;D;O
Viernes 19/09/2025;D;N;T;M;D;O
Sábado 20/09/2025;D;N;T;M;D;D
Domingo 21/09/2025;D;D;N;T;M;D
Lunes 22/09/2025;D;D;N;T;M;O
Martes 23/09/2025;M;D;D;N;T;O
Miércoles 24/09/2025;M;D;D;N;T;O
Jueves 25/09/2025;T;M;D;D;N;O
Viernes 26/09/2025;T;M;D;D;N;O
Sábado 27/09/2025;N;T;M;D;D;D
Domingo 28/09/2025;N;T;M;D;D;D
Lunes 29/09/2025;D;N;T;O;D;M
Martes 30/09/2025;D;N;T;O;D;M
Miércoles 01/10/2025;D;D;N;O;M;T
Jueves 02/10/2025;D;D;N;O;M;T
Viernes 03/10/2025;M;D;D;O;T;N
Sábado 04/10/2025;M;D;D;D;T;N
Domingo 05/10/2025;T;M;D;D;N;D
Lunes 06/10/2025;T;M;D;O;N;D
Martes 07/10/2025;N;T;M;O;D;D
Miércoles 08/10/2025;N;T;M;O;D;D
Jueves 09/10/2025;D;N;T;O;D;M
Viernes 10/10/2025;D;N;T;O;D;M
Sábado 11/10/2025;D;D;N;D;M;T
Domingo 12/10/2025;D;D;N;D;M;T
Lunes 13/10/2025;O;D;D;M;T;N
Martes 14/10/2025;O;D;D;M;T;N
Miércoles 15/10/2025;O;M;D;T;N;D
Jueves 16/10/2025;O;M;D;T;N;D
Viernes 17/10/2025;O;T;M;N;D;D
Sábado 18/10/2025;D;T;M;N;D;D
Domingo 19/10/2025;D;N;T;D;D;M
Lunes 20/10/2025;O;N;T;D;D;M
Martes 21/10/2025;O;D;N;D;M;T
Miércoles 22/10/2025;O;D;N;D;M;T
Jueves 23/10/2025;O;D;D;M;T;N
Viernes 24/10/2025;O;D;D;M;T;N
Sábado 25/10/2025;D;M;D;T;N;D
Domingo 26/10/2025;D;M;D;T;N;D
Lunes 27/10/2025;M;T;O;N;D;D
Martes 28/10/2025;M;T;O;N;D;D
Miércoles 29/10/2025;T;N;O;D;D;M
Jueves 30/10/2025;T;N;O;D;D;M
Viernes 31/10/2025;N;D;O;D;M;T
Sábado 01/11/2025;N;D;D;D;M;T
Domingo 02/11/2025;D;D;D;M;T;N
Lunes 03/11/2025;D;D;O;M;T;N
Martes 04/11/2025;D;M;O;T;N;D
Miércoles 05/11/2025;D;M;O;T;N;D
Jueves 06/11/2025;M;T;O;N;D;D
Viernes 07/11/2025;M;T;O;N;D;D
Sábado 08/11/2025;T;N;D;D;D;M
Domingo 09/11/2025;T;N;D;D;D;M
Lunes 10/11/2025;N;D;M;D;O;T
Martes 11/11/2025;N;D;M;D;O;T
Miércoles 12/11/2025;D;D;T;M;O;N
Jueves 13/11/2025;D;D;T;M;O;N
Viernes 14/11/2025;D;M;N;T;O;D
Sábado 15/11/2025;D;M;N;T;D;D
Domingo 16/11/2025;M;T;D;N;D;D
Lunes 17/11/2025;M;T;D;N;O;D
Martes 18/11/2025;T;N;D;D;O;M
Miércoles 19/11/2025;T;N;D;D;O;M
Jueves 20/11/2025;N;D;M;D;O;T
Viernes 21/11/2025;N;D;M;D;O;T
Sábado 22/11/2025;D;D;T;M;D;N
Domingo 23/11/2025;D;D;T;M;D;N
Lunes 24/11/2025;D;O;N;T;M;D
Martes 25/11/2025;D;O;N;T;M;D
Miércoles 26/11/2025;M;O;D;N;T;D
Jueves 27/11/2025;M;O;D;N;T;D
Viernes 28/11/2025;T;O;D;D;N;M
Sábado 29/11/2025;T;D;D;D;N;M
Domingo 30/11/2025;N;D;M;D;D;T
Lunes 01/12/2025;N;O;M;D;D;T
Martes 02/12/2025;D;O;T;M;D;N
Miércoles 03/12/2025;D;O;T;M;D;N
Jueves 04/12/2025;D;O;N;T;M;D
Viernes 05/12/2025;D;O;N;T;M;D
Sábado 06/12/2025;M;D;D;N;T;D
Domingo 07/12/2025;M;D;D;N;T;D
Lunes 08/12/2025;T;M;D;D;N;O
Martes 09/12/2025;T;M;D;D;N;O
Miércoles 10/12/2025;N;T;M;D;D;O
Jueves 11/12/2025;N;T;M;D;D;O
Viernes 12/12/2025;D;N;T;M;D;O
Sábado 13/12/2025;D;N;T;M;D;D
Domingo 14/12/2025;D;D;N;T;M;D
Lunes 15/12/2025;D;D;N;T;M;O
Martes 16/12/2025;M;D;D;N;T;O
Miércoles 17/12/2025;M;D;D;N;T;O
Jueves 18/12/2025;T;M;D;D;N;O
Viernes 19/12/2025;T;M;D;D;N;O
Sábado 20/12/2025;N;T;M;D;D;D
Domingo 21/12/2025;N;T;M;D;D;D
Lunes 22/12/2025;D;N;T;O;D;M
Martes 23/12/2025;D;N;T;O;D;M
Miércoles 24/12/2025;D;D;N;O;M;T
Jueves 25/12/2025;D;D;N;O;M;T
Viernes 26/12/2025;M;D;D;O;T;N
Sábado 27/12/2025;M;D;D;D;T;N
Domingo 28/12/2025;T;M;D;D;N;D
Lunes 29/12/2025;T;M;D;O;N;D
Martes 30/12/2025;N;T;M;O;D;D
Miércoles 31/12/2025;N;T;M;O;D;D
Jueves 01/01/2026;D;N;T;O;D;M
Viernes 02/01/2026;D;N;T;O;D;M
Sábado 03/01/2026;D;D;N;D;M;T
Domingo 04/01/2026;D;D;N;D;M;T
Lunes 05/01/2026;O;D;D;M;T;N
Martes 06/01/2026;O;D;D;M;T;N
Miércoles 07/01/2026;O;M;D;T;N;D
Jueves 08/01/2026;O;M;D;T;N;D
Viernes 09/01/2026;O;T;M;N;D;D
Sábado 10/01/2026;D;T;M;N;D;D
Domingo 11/01/2026;D;N;T;D;D;M
Lunes 12/01/2026;O;N;T;D;D;M
Martes 13/01/2026;O;D;N;D;M;T
Miércoles 14/01/2026;O;D;N;D;M;T
Jueves 15/01/2026;O;D;D;M;T;N
Viernes 16/01/2026;O;D;D;M;T;N
Sábado 17/01/2026;D;M;D;T;N;D
Domingo 18/01/2026;D;M;D;T;N;D
Lunes 19/01/2026;M;T;O;N;D;D
Martes 20/01/2026;M;T;O;N;D;D
Miércoles 21/01/2026;T;N;O;D;D;M
Jueves 22/01/2026;T;N;O;D;D;M
Viernes 23/01/2026;N;D;O;D;M;T
Sábado 24/01/2026;N;D;D;D;M;T
Domingo 25/01/2026;D;D;D;M;T;N
Lunes 26/01/2026;D;D;O;M;T;N
Martes 27/01/2026;D;M;O;T;N;D
Miércoles 28/01/2026;D;M;O;T;N;D
Jueves 29/01/2026;M;T;O;N;D;D
Viernes 30/01/2026;M;T;O;N;D;D
Sábado 31/01/2026;T;N;D;D;D;M
Domingo 01/02/2026;T;N;D;D;D;M
Lunes 02/02/2026;N;D;M;D;O;T
Martes 03/02/2026;N;D;M;D;O;T
Miércoles 04/02/2026;D;D;T;M;O;N
Jueves 05/02/2026;D;D;T;M;O;N
Viernes 06/02/2026;D;M;N;T;O;D
Sábado 07/02/2026;D;M;N;T;D;D
Domingo 08/02/2026;M;T;D;N;D;D
Lunes 09/02/2026;M;T;D;N;O;D
Martes 10/02/2026;T;N;D;D;O;M
Miércoles 11/02/2026;T;N;D;D;O;M
Jueves 12/02/2026;N;D;M;D;O;T
Viernes 13/02/2026;N;D;M;D;O;T
Sábado 14/02/2026;D;D;T;M;D;N
Domingo 15/02/2026;D;D;T;M;D;N
Lunes 16/02/2026;D;O;N;T;M;D
Martes 17/02/2026;D;O;N;T;M;D
Miércoles 18/02/2026;M;O;D;N;T;D
Jueves 19/02/2026;M;O;D;N;T;D
Viernes 20/02/2026;T;O;D;D;N;M
Sábado 21/02/2026;T;D;D;D;N;M
Domingo 22/02/2026;N;D;M;D;D;T
Lunes 23/02/2026;N;O;M;D;D;T
Martes 24/02/2026;D;O;T;M;D;N
Miércoles 25/02/2026;D;O;T;M;D;N
Jueves 26/02/2026;D;O;N;T;M;D
Viernes 27/02/2026;D;O;N;T;M;D
Sábado 28/02/2026;M;D;D;N;T;D
Domingo 01/03/2026;M;D;D;N;T;D
Lunes 02/03/2026;T;M;D;D;N;O
Martes 03/03/2026;T;M;D;D;N;O
Miércoles 04/03/2026;N;T;M;D;D;O
Jueves 05/03/2026;N;T;M;D;D;O
Viernes 06/03/2026;D;N;T;M;D;O
Sábado 07/03/2026;D;N;T;M;D;D
Domingo 08/03/2026;D;D;N;T;M;D
Lunes 09/03/2026;D;D;N;T;M;O
Martes 10/03/2026;M;D;D;N;T;O
Miércoles 11/03/2026;M;D;D;N;T;O
Jueves 12/03/2026;T;M;D;D;N;O
Viernes 13/03/2026;T;M;D;D;N;O
Sábado 14/03/2026;N;T;M;D;D;D
Domingo 15/03/2026;N;T;M;D;D;D
Lunes 16/03/2026;D;N;T;O;D;M
Martes 17/03/2026;D;N;T;O;D;M
Miércoles 18/03/2026;D;D;N;O;M;T
Jueves 19/03/2026;D;D;N;O;M;T
Viernes 20/03/2026;M;D;D;O;T;N
Sábado 21/03/2026;M;D;D;D;T;N
Domingo 22/03/2026;T;M;D;D;N;D
Lunes 23/03/2026;T;M;D;O;N;D
Martes 24/03/2026;N;T;M;O;D;D
Miércoles 25/03/2026;N;T;M;O;D;D
Jueves 26/03/2026;D;N;T;O;D;M
Viernes 27/03/2026;D;N;T;O;D;M
Sábado 28/03/2026;D;D;N;D;M;T
Domingo 29/03/2026;D;D;N;D;M;T
Lunes 30/03/2026;O;D;D;M;T;N
Martes 31/03/2026;O;D;D;M;T;N
Miércoles 01/04/2026;O;M;D;T;N;D
Jueves 02/04/2026;O;M;D;T;N;D
Viernes 03/04/2026;O;T;M;N;D;D
Sábado 04/04/2026;D;T;M;N;D;D
Domingo 05/04/2026;D;N;T;D;D;M
Lunes 06/04/2026;O;N;T;D;D;M
Martes 07/04/2026;O;D;N;D;M;T
Miércoles 08/04/2026;O;D;N;D;M;T
Jueves 09/04/2026;O;D;D;M;T;N
Viernes 10/04/2026;O;D;D;M;T;N
Sábado 11/04/2026;D;M;D;T;N;D
Domingo 12/04/2026;D;M;D;T;N;D
Lunes 13/04/2026;M;T;O;N;D;D
Martes 14/04/2026;M;T;O;N;D;D
Miércoles 15/04/2026;T;N;O;D;D;M
Jueves 16/04/2026;T;N;O;D;D;M
Viernes 17/04/2026;N;D;O;D;M;T
Sábado 18/04/2026;N;D;D;D;M;T
Domingo 19/04/2026;D;D;D;M;T;N
Lunes 20/04/2026;D;D;O;M;T;N
Martes 21/04/2026;D;M;O;T;N;D
Miércoles 22/04/2026;D;M;O;T;N;D
Jueves 23/04/2026;M;T;O;N;D;D
Viernes 24/04/2026;M;T;O;N;D;D
Sábado 25/04/2026;T;N;D;D;D;M
Domingo 26/04/2026;T;N;D;D;D;M
Lunes 27/04/2026;N;D;M;D;O;T
Martes 28/04/2026;N;D;M;D;O;T
Miércoles 29/04/2026;D;D;T;M;O;N
Jueves 30/04/2026;D;D;T;M;O;N
Viernes 01/05/2026;D;M;N;T;O;D
Sábado 02/05/2026;D;M;N;T;D;D
Domingo 03/05/2026;M;T;D;N;D;D
Lunes 04/05/2026;M;T;D;N;O;D
Martes 05/05/2026;T;N;D;D;O;M
Miércoles 06/05/2026;T;N;D;D;O;M
Jueves 07/05/2026;N;D;M;D;O;T
Viernes 08/05/2026;N;D;M;D;O;T
Sábado 09/05/2026;D;D;T;M;D;N
Domingo 10/05/2026;D;D;T;M;D;N
Lunes 11/05/2026;D;M;N;T;O;D
Martes 12/05/2026;D;M;N;T;O;D
Miércoles 13/05/2026;M;T;D;N;O;D
Jueves 14/05/2026;M;T;D;N;O;D
Viernes 15/05/2026;T;N;D;D;O;M
Sábado 16/05/2026;T;N;D;D;D;M
Domingo 17/05/2026;N;D;M;D;D;T
Lunes 18/05/2026;N;D;M;D;O;T
Martes 19/05/2026;D;D;T;M;O;N
Miércoles 20/05/2026;D;D;T;M;O;N
Jueves 21/05/2026;D;M;N;T;O;D
Viernes 22/05/2026;D;M;N;T;O;D
Sábado 23/05/2026;M;T;D;N;D;D
Domingo 24/05/2026;M;T;D;N;D;D
Lunes 25/05/2026;T;N;D;D;M;O
Martes 26/05/2026;T;N;D;D;M;O
Miércoles 27/05/2026;N;D;M;D;T;O
Jueves 28/05/2026;N;D;M;D;T;O
Viernes 29/05/2026;D;D;T;M;N;O
Sábado 30/05/2026;D;D;T;M;N;D
Domingo 31/05/2026;D;M;N;T;D;D
Lunes 01/06/2026;D;M;N;T;D;O
Martes 02/06/2026;M;T;D;N;D;O
Miércoles 03/06/2026;M;T;D;N;D;O
Jueves 04/06/2026;T;N;D;D;M;O
Viernes 05/06/2026;T;N;D;D;M;O
Sábado 06/06/2026;N;D;M;D;T;D
Domingo 07/06/2026;N;D;M;D;T;D
Lunes 08/06/2026;D;D;T;M;N;O
Martes 09/06/2026;D;D;T;M;N;O
Miércoles 10/06/2026;D;M;N;T;D;O
Jueves 11/06/2026;D;M;N;T;D;O
Viernes 12/06/2026;M;T;D;N;D;O
Sábado 13/06/2026;M;T;D;N;D;D
Domingo 14/06/2026;T;N;D;D;M;D
Lunes 15/06/2026;T;N;D;D;M;O
Martes 16/06/2026;N;D;M;D;T;O
Miércoles 17/06/2026;N;D;M;D;T;O
Jueves 18/06/2026;D;D;T;M;N;O
Viernes 19/06/2026;D;D;T;M;N;O
Sábado 20/06/2026;D;M;N;T;D;D
Domingo 21/06/2026;D;M;N;T;D;D
Lunes 22/06/2026;O;T;D;N;D;M
Martes 23/06/2026;O;T;D;N;D;M
Miércoles 24/06/2026;O;N;D;D;M;T
Jueves 25/06/2026;O;N;D;D;M;T
Viernes 26/06/2026;O;D;M;D;T;N
Sábado 27/06/2026;D;D;M;D;T;N
Domingo 28/06/2026;D;D;T;M;N;D
Lunes 29/06/2026;O;D;T;M;N;D
Martes 30/06/2026;O;M;N;T;D;D
Miércoles 01/07/2026;O;M;N;T;D;D
Jueves 02/07/2026;O;T;D;N;D;M
Viernes 03/07/2026;O;T;D;N;D;M
Sábado 04/07/2026;D;N;D;D;M;T
Domingo 05/07/2026;D;N;D;D;M;T
Lunes 06/07/2026;O;D;M;D;T;N
Martes 07/07/2026;O;D;M;D;T;N
Miércoles 08/07/2026;O;D;T;M;N;D
Jueves 09/07/2026;O;D;T;M;N;D
Viernes 10/07/2026;O;M;N;T;D;D
Sábado 11/07/2026;D;M;N;T;D;D
Domingo 12/07/2026;D;T;D;N;D;M
Lunes 13/07/2026;O;T;D;N;D;M
Martes 14/07/2026;O;N;D;D;M;T
Miércoles 15/07/2026;O;N;D;D;M;T
Jueves 16/07/2026;O;D;M;D;T;N
Viernes 17/07/2026;O;D;M;D;T;N
Sábado 18/07/2026;D;D;T;M;N;D
Domingo 19/07/2026;D;D;T;M;N;D
Lunes 20/07/2026;M;O;N;T;D;D
Martes 21/07/2026;M;O;N;T;D;D
Miércoles 22/07/2026;T;O;D;N;D;M
Jueves 23/07/2026;T;O;D;N;D;M
Viernes 24/07/2026;N;O;D;D;M;T
Sábado 25/07/2026;N;D;D;D;M;T
Domingo 26/07/2026;D;D;M;D;T;N
Lunes 27/07/2026;D;O;M;D;T;N
Martes 28/07/2026;D;O;T;M;N;D
Miércoles 29/07/2026;D;O;T;M;N;D
Jueves 30/07/2026;M;O;N;T;D;D
Viernes 31/07/2026;M;O;N;T;D;D
Sábado 01/08/2026;T;D;D;N;D;M
Domingo 02/08/2026;T;D;D;N;D;M
Lunes 03/08/2026;N;O;D;D;M;T
Martes 04/08/2026;N;O;D;D;M;T
Miércoles 05/08/2026;D;O;M;D;T;N
Jueves 06/08/2026;D;O;M;D;T;N
Viernes 07/08/2026;D;O;T;M;N;D
Sábado 08/08/2026;D;D;T;M;N;D
Domingo 09/08/2026;M;D;N;T;D;D
Lunes 10/08/2026;M;O;N;T;D;D
Martes 11/08/2026;T;O;D;N;D;M
Miércoles 12/08/2026;T;O;D;N;D;M
Jueves 13/08/2026;N;O;D;D;M;T
Viernes 14/08/2026;N;O;D;D;M;T
Sábado 15/08/2026;D;D;M;D;T;N
Domingo 16/08/2026;D;D;M;D;T;N
Lunes 17/08/2026;D;M;T;O;N;D
Martes 18/08/2026;D;M;T;O;N;D
Miércoles 19/08/2026;M;T;N;O;D;D
Jueves 20/08/2026;M;T;N;O;D;D
Viernes 21/08/2026;T;N;D;O;D;M
Sábado 22/08/2026;T;N;D;D;D;M
Domingo 23/08/2026;N;D;D;D;M;T
Lunes 24/08/2026;N;D;D;O;M;T
Martes 25/08/2026;D;D;M;O;T;N
Miércoles 26/08/2026;D;D;M;O;T;N
Jueves 27/08/2026;D;M;T;O;N;D
Viernes 28/08/2026;D;M;T;O;N;D
Sábado 29/08/2026;M;T;N;D;D;D
Domingo 30/08/2026;M;T;N;D;D;D
Lunes 31/08/2026;T;N;D;O;D;M
Martes 01/09/2026;T;N;D;O;D;M
Miércoles 02/09/2026;N;D;D;O;M;T
Jueves 03/09/2026;N;D;D;O;M;T
Viernes 04/09/2026;D;D;M;O;T;N
Sábado 05/09/2026;D;D;M;D;T;N
Domingo 06/09/2026;D;M;T;D;N;D
Lunes 07/09/2026;D;M;T;O;N;D
Martes 08/09/2026;M;T;N;O;D;D
Miércoles 09/09/2026;M;T;N;O;D;D
Jueves 10/09/2026;T;N;D;O;D;M
Viernes 11/09/2026;T;N;D;O;D;M
Sábado 12/09/2026;N;D;D;D;M;T
Domingo 13/09/2026;N;D;D;D;M;T
Lunes 14/09/2026;D;D;O;M;T;N
Martes 15/09/2026;D;D;O;M;T;N
Miércoles 16/09/2026;D;M;O;T;N;D
Jueves 17/09/2026;D;M;O;T;N;D
Viernes 18/09/2026;M;T;O;N;D;D
Sábado 19/09/2026;M;T;D;N;D;D
Domingo 20/09/2026;T;N;D;D;D;M
Lunes 21/09/2026;T;N;O;D;D;M
Martes 22/09/2026;N;D;O;D;M;T
Miércoles 23/09/2026;N;D;O;D;M;T
Jueves 24/09/2026;D;D;O;M;T;N
Viernes 25/09/2026;D;D;O;M;T;N
Sábado 26/09/2026;D;M;D;T;N;D
Domingo 27/09/2026;D;M;D;T;N;D
Lunes 28/09/2026;M;T;O;N;D;D
Martes 29/09/2026;M;T;O;N;D;D
Miércoles 30/09/2026;T;N;O;D;D;M
Jueves 01/10/2026;T;N;O;D;D;M
Viernes 02/10/2026;N;D;O;D;M;T
Sábado 03/10/2026;N;D;D;D;M;T
Domingo 04/10/2026;D;D;D;M;T;N
Lunes 05/10/2026;D;D;O;M;T;N
Martes 06/10/2026;D;M;O;T;N;D
Miércoles 07/10/2026;D;M;O;T;N;D
Jueves 08/10/2026;M;T;O;N;D;D
Viernes 09/10/2026;M;T;O;N;D;D
Sábado 10/10/2026;T;N;D;D;D;M
Domingo 11/10/2026;T;N;D;D;D;M
Lunes 12/10/2026;N;D;M;D;O;T
Martes 13/10/2026;N;D;M;D;O;T
Miércoles 14/10/2026;D;D;T;M;O;N
Jueves 15/10/2026;D;D;T;M;O;N
Viernes 16/10/2026;D;M;N;T;O;D
Sábado 17/10/2026;D;M;N;T;D;D
Domingo 18/10/2026;M;T;D;N;D;D
Lunes 19/10/2026;M;T;D;N;O;D
Martes 20/10/2026;T;N;D;D;O;M
Miércoles 21/10/2026;T;N;D;D;O;M
Jueves 22/10/2026;N;D;M;D;O;T
Viernes 23/10/2026;N;D;M;D;O;T
Sábado 24/10/2026;D;D;T;M;D;N
Domingo 25/10/2026;D;D;T;M;D;N
Lunes 26/10/2026;D;O;N;T;M;D
Martes 27/10/2026;D;O;N;T;M;D
Miércoles 28/10/2026;M;O;D;N;T;D
Jueves 29/10/2026;M;O;D;N;T;D
Viernes 30/10/2026;T;O;D;D;N;M
Sábado 31/10/2026;T;D;D;D;N;M
Domingo 01/11/2026;N;D;M;D;D;T
Lunes 02/11/2026;N;O;M;D;D;T
Martes 03/11/2026;D;O;T;M;D;N
Miércoles 04/11/2026;D;O;T;M;D;N
Jueves 05/11/2026;D;O;N;T;M;D
Viernes 06/11/2026;D;O;N;T;M;D
Sábado 07/11/2026;M;D;D;N;T;D
Domingo 08/11/2026;M;D;D;N;T;D
Lunes 09/11/2026;T;M;D;D;N;O
Martes 10/11/2026;T;M;D;D;N;O
Miércoles 11/11/2026;N;T;M;D;D;O
Jueves 12/11/2026;N;T;M;D;D;O
Viernes 13/11/2026;D;N;T;M;D;O
Sábado 14/11/2026;D;N;T;M;D;D
Domingo 15/11/2026;D;D;N;T;M;D
Lunes 16/11/2026;D;D;N;T;M;O
Martes 17/11/2026;M;D;D;N;T;O
Miércoles 18/11/2026;M;D;D;N;T;O
Jueves 19/11/2026;T;M;D;D;N;O
Viernes 20/11/2026;T;M;D;D;N;O
Sábado 21/11/2026;N;T;M;D;D;D
Domingo 22/11/2026;N;T;M;D;D;D
Lunes 23/11/2026;D;N;T;O;D;M
Martes 24/11/2026;D;N;T;O;D;M
Miércoles 25/11/2026;D;D;N;O;M;T
Jueves 26/11/2026;D;D;N;O;M;T
Viernes 27/11/2026;M;D;D;O;T;N
Sábado 28/11/2026;M;D;D;D;T;N
Domingo 29/11/2026;T;M;D;D;N;D
Lunes 30/11/2026;T;M;D;O;N;D
Martes 01/12/2026;N;T;M;O;D;D
Miércoles 02/12/2026;N;T;M;O;D;D
Jueves 03/12/2026;D;N;T;O;D;M
Viernes 04/12/2026;D;N;T;O;D;M
Sábado 05/12/2026;D;D;N;D;M;T
Domingo 06/12/2026;D;D;N;D;M;T
Lunes 07/12/2026;O;D;D;M;T;N
Martes 08/12/2026;O;D;D;M;T;N
Miércoles 09/12/2026;O;M;D;T;N;D
Jueves 10/12/2026;O;M;D;T;N;D
Viernes 11/12/2026;O;T;M;N;D;D
Sábado 12/12/2026;D;T;M;N;D;D
Domingo 13/12/2026;D;N;T;D;D;M
Lunes 14/12/2026;O;N;T;D;D;M
Martes 15/12/2026;O;D;N;D;M;T
Miércoles 16/12/2026;O;D;N;D;M;T
Jueves 17/12/2026;O;D;D;M;T;N
Viernes 18/12/2026;O;D;D;M;T;N
Sábado 19/12/2026;D;M;D;T;N;D
Domingo 20/12/2026;D;M;D;T;N;D
Lunes 21/12/2026;M;T;O;N;D;D
Martes 22/12/2026;M;T;O;N;D;D
Miércoles 23/12/2026;T;N;O;D;D;M
Jueves 24/12/2026;T;N;O;D;D;M
Viernes 25/12/2026;N;D;O;D;M;T
Sábado 26/12/2026;N;D;D;D;M;T
Domingo 27/12/2026;D;D;D;M;T;N
Lunes 28/12/2026;D;D;O;M;T;N
Martes 29/12/2026;D;M;O;T;N;D
Miércoles 30/12/2026;D;M;O;T;N;D
Jueves 31/12/2026;M;T;O;N;D;D
Viernes 01/01/2027;M;T;O;N;D;D
Sábado 02/01/2027;T;N;D;D;D;M
Domingo 03/01/2027;T;N;D;D;D;M
Lunes 04/01/2027;N;D;M;D;O;T
Martes 05/01/2027;N;D;M;D;O;T
Miércoles 06/01/2027;D;D;T;M;O;N
Jueves 07/01/2027;D;D;T;M;O;N
Viernes 08/01/2027;D;M;N;T;O;D
Sábado 09/01/2027;D;M;N;T;D;D
Domingo 10/01/2027;M;T;D;N;D;D
Lunes 11/01/2027;M;T;D;N;O;D
Martes 12/01/2027;T;N;D;D;O;M
Miércoles 13/01/2027;T;N;D;D;O;M
Jueves 14/01/2027;N;D;M;D;O;T
Viernes 15/01/2027;N;D;M;D;O;T
Sábado 16/01/2027;D;D;T;M;D;N
Domingo 17/01/2027;D;D;T;M;D;N
Lunes 18/01/2027;D;O;N;T;M;D
Martes 19/01/2027;D;O;N;T;M;D
Miércoles 20/01/2027;M;O;D;N;T;D
Jueves 21/01/2027;M;O;D;N;T;D
Viernes 22/01/2027;T;O;D;D;N;M
Sábado 23/01/2027;T;D;D;D;N;M
Domingo 24/01/2027;N;D;M;D;D;T
Lunes 25/01/2027;N;O;M;D;D;T
Martes 26/01/2027;D;O;T;M;D;N
Miércoles 27/01/2027;D;O;T;M;D;N
Jueves 28/01/2027;D;O;N;T;M;D
Viernes 29/01/2027;D;O;N;T;M;D
Sábado 30/01/2027;M;D;D;N;T;D
Domingo 31/01/2027;M;D;D;N;T;D
Lunes 01/02/2027;T;M;D;D;N;O
Martes 02/02/2027;T;M;D;D;N;O
Miércoles 03/02/2027;N;T;M;D;D;O
Jueves 04/02/2027;N;T;M;D;D;O
Viernes 05/02/2027;D;N;T;M;D;O
Sábado 06/02/2027;D;N;T;M;D;D
Domingo 07/02/2027;D;D;N;T;M;D
Lunes 08/02/2027;D;D;N;T;M;O
Martes 09/02/2027;M;D;D;N;T;O
Miércoles 10/02/2027;M;D;D;N;T;O
Jueves 11/02/2027;T;M;D;D;N;O
Viernes 12/02/2027;T;M;D;D;N;O
Sábado 13/02/2027;N;T;M;D;D;D
Domingo 14/02/2027;N;T;M;D;D;D
Lunes 15/02/2027;D;N;T;O;D;M
Martes 16/02/2027;D;N;T;O;D;M
Miércoles 17/02/2027;D;D;N;O;M;T
Jueves 18/02/2027;D;D;N;O;M;T
Viernes 19/02/2027;M;D;D;O;T;N
Sábado 20/02/2027;M;D;D;D;T;N
Domingo 21/02/2027;T;M;D;D;N;D
Lunes 22/02/2027;T;M;D;O;N;D
Martes 23/02/2027;N;T;M;O;D;D
Miércoles 24/02/2027;N;T;M;O;D;D
Jueves 25/02/2027;D;N;T;O;D;M
Viernes 26/02/2027;D;N;T;O;D;M
Sábado 27/02/2027;D;D;N;D;M;T
Domingo 28/02/2027;D;D;N;D;M;T
Lunes 01/03/2027;O;D;D;M;T;N
Martes 02/03/2027;O;D;D;M;T;N
Miércoles 03/03/2027;O;M;D;T;N;D
Jueves 04/03/2027;O;M;D;T;N;D
Viernes 05/03/2027;O;T;M;N;D;D
Sábado 06/03/2027;D;T;M;N;D;D
Domingo 07/03/2027;D;N;T;D;D;M
Lunes 08/03/2027;O;N;T;D;D;M
Martes 09/03/2027;O;D;N;D;M;T
Miércoles 10/03/2027;O;D;N;D;M;T
Jueves 11/03/2027;O;D;D;M;T;N
Viernes 12/03/2027;O;D;D;M;T;N
Sábado 13/03/2027;D;M;D;T;N;D
Domingo 14/03/2027;D;M;D;T;N;D
Lunes 15/03/2027;M;T;O;N;D;D
Martes 16/03/2027;M;T;O;N;D;D
Miércoles 17/03/2027;T;N;O;D;D;M
Jueves 18/03/2027;T;N;O;D;D;M
Viernes 19/03/2027;N;D;O;D;M;T
Sábado 20/03/2027;N;D;D;D;M;T
Domingo 21/03/2027;D;D;D;M;T;N
Lunes 22/03/2027;D;D;O;M;T;N
Martes 23/03/2027;D;M;O;T;N;D
Miércoles 24/03/2027;D;M;O;T;N;D
Jueves 25/03/2027;M;T;O;N;D;D
Viernes 26/03/2027;M;T;O;N;D;D
Sábado 27/03/2027;T;N;D;D;D;M
Domingo 28/03/2027;T;N;D;D;D;M
Lunes 29/03/2027;N;D;M;D;O;T
Martes 30/03/2027;N;D;M;D;O;T
Miércoles 31/03/2027;D;D;T;M;O;N
Jueves 01/04/2027;D;D;T;M;O;N
Viernes 02/04/2027;D;M;N;T;O;D
Sábado 03/04/2027;D;M;N;T;D;D
Domingo 04/04/2027;M;T;D;N;D;D
Lunes 05/04/2027;M;T;D;N;O;D
Martes 06/04/2027;T;N;D;D;O;M
Miércoles 07/04/2027;T;N;D;D;O;M
Jueves 08/04/2027;N;D;M;D;O;T
Viernes 09/04/2027;N;D;M;D;O;T
Sábado 10/04/2027;D;D;T;M;D;N
Domingo 11/04/2027;D;D;T;M;D;N
Lunes 12/04/2027;D;O;N;T;M;D
Martes 13/04/2027;D;O;N;T;M;D
Miércoles 14/04/2027;M;O;D;N;T;D
Jueves 15/04/2027;M;O;D;N;T;D
Viernes 16/04/2027;T;O;D;D;N;M
Sábado 17/04/2027;T;D;D;D;N;M
Domingo 18/04/2027;N;D;M;D;D;T
Lunes 19/04/2027;N;O;M;D;D;T
Martes 20/04/2027;D;O;T;M;D;N
Miércoles 21/04/2027;D;O;T;M;D;N
Jueves 22/04/2027;D;O;N;T;M;D
Viernes 23/04/2027;D;O;N;T;M;D
Sábado 24/04/2027;M;D;D;N;T;D
Domingo 25/04/2027;M;D;D;N;T;D
Lunes 26/04/2027;T;M;D;D;N;O
Martes 27/04/2027;T;M;D;D;N;O
Miércoles 28/04/2027;N;T;M;D;D;O
Jueves 29/04/2027;N;T;M;D;D;O
Viernes 30/04/2027;D;N;T;M;D;O
Sábado 01/05/2027;D;N;T;M;D;D
Domingo 02/05/2027;D;D;N;T;M;D
Lunes 03/05/2027;D;D;N;T;M;O
Martes 04/05/2027;M;D;D;N;T;O
Miércoles 05/05/2027;M;D;D;N;T;O
Jueves 06/05/2027;T;M;D;D;N;O
Viernes 07/05/2027;T;M;D;D;N;O
Sábado 08/05/2027;N;T;M;D;D;D
Domingo 09/05/2027;N;T;M;D;D;D
Lunes 10/05/2027;D;N;T;M;D;O
Martes 11/05/2027;D;N;T;M;D;O
Miércoles 12/05/2027;D;D;N;T;M;O
Jueves 13/05/2027;D;D;N;T;M;O
Viernes 14/05/2027;M;D;D;N;T;O
Sábado 15/05/2027;M;D;D;N;T;D
Domingo 16/05/2027;T;M;D;D;N;D
Lunes 17/05/2027;T;M;D;D;N;O
Martes 18/05/2027;N;T;M;D;D;O
Miércoles 19/05/2027;N;T;M;D;D;O
Jueves 20/05/2027;D;N;T;M;D;O
Viernes 21/05/2027;D;N;T;M;D;O
Sábado 22/05/2027;D;D;N;T;M;D
Domingo 23/05/2027;D;D;N;T;M;D
Lunes 24/05/2027;O;D;D;N;T;M
Martes 25/05/2027;O;D;D;N;T;M
Miércoles 26/05/2027;O;M;D;D;N;T
Jueves 27/05/2027;O;M;D;D;N;T
Viernes 28/05/2027;O;T;M;D;D;N
Sábado 29/05/2027;D;T;M;D;D;N
Domingo 30/05/2027;D;N;T;M;D;D
Lunes 31/05/2027;O;N;T;M;D;D
Martes 01/06/2027;O;D;N;T;M;D
Miércoles 02/06/2027;O;D;N;T;M;D
Jueves 03/06/2027;O;D;D;N;T;M
Viernes 04/06/2027;O;D;D;N;T;M
Sábado 05/06/2027;D;M;D;D;N;T
Domingo 06/06/2027;D;M;D;D;N;T
Lunes 07/06/2027;O;T;M;D;D;N
Martes 08/06/2027;O;T;M;D;D;N
Miércoles 09/06/2027;O;N;T;M;D;D
Jueves 10/06/2027;O;N;T;M;D;D
Viernes 11/06/2027;O;D;N;T;M;D
Sábado 12/06/2027;D;D;N;T;M;D
Domingo 13/06/2027;D;D;D;N;T;M
Lunes 14/06/2027;O;D;D;N;T;M
Martes 15/06/2027;O;M;D;D;N;T
Miércoles 16/06/2027;O;M;D;D;N;T
Jueves 17/06/2027;O;T;M;D;D;N
Viernes 18/06/2027;O;T;M;D;D;N
Sábado 19/06/2027;D;N;T;M;D;D
Domingo 20/06/2027;D;N;T;M;D;D
Lunes 21/06/2027;M;D;N;T;O;D
Martes 22/06/2027;M;D;N;T;O;D
Miércoles 23/06/2027;T;D;D;N;O;M
Jueves 24/06/2027;T;D;D;N;O;M
Viernes 25/06/2027;N;M;D;D;O;T
Sábado 26/06/2027;N;M;D;D;D;T
Domingo 27/06/2027;D;T;M;D;D;N
Lunes 28/06/2027;D;T;M;D;O;N
Martes 29/06/2027;D;N;T;M;O;D
Miércoles 30/06/2027;D;N;T;M;O;D
Jueves 01/07/2027;M;D;N;T;O;D
Viernes 02/07/2027;M;D;N;T;O;D
Sábado 03/07/2027;T;D;D;N;D;M
Domingo 04/07/2027;T;D;D;N;D;M
Lunes 05/07/2027;N;M;D;D;O;T
Martes 06/07/2027;N;M;D;D;O;T
Miércoles 07/07/2027;D;T;M;D;O;N
Jueves 08/07/2027;D;T;M;D;O;N
Viernes 09/07/2027;D;N;T;M;O;D
Sábado 10/07/2027;D;N;T;M;D;D
Domingo 11/07/2027;M;D;N;T;D;D
Lunes 12/07/2027;M;D;N;T;O;D
Martes 13/07/2027;T;D;D;N;O;M
Miércoles 14/07/2027;T;D;D;N;O;M
Jueves 15/07/2027;N;M;D;D;O;T
Viernes 16/07/2027;N;M;D;D;O;T
Sábado 17/07/2027;D;T;M;D;D;N
Domingo 18/07/2027;D;T;M;D;D;N
Lunes 19/07/2027;D;N;T;O;M;D
Martes 20/07/2027;D;N;T;O;M;D
Miércoles 21/07/2027;M;D;N;O;T;D
Jueves 22/07/2027;M;D;N;O;T;D
Viernes 23/07/2027;T;D;D;O;N;M
Sábado 24/07/2027;T;D;D;D;N;M
Domingo 25/07/2027;N;M;D;D;D;T
Lunes 26/07/2027;N;M;D;O;D;T
Martes 27/07/2027;D;T;M;O;D;N
Miércoles 28/07/2027;D;T;M;O;D;N
Jueves 29/07/2027;D;N;T;O;M;D
Viernes 30/07/2027;D;N;T;O;M;D
Sábado 31/07/2027;M;D;N;D;T;D
Domingo 01/08/2027;M;D;N;D;T;D
Lunes 02/08/2027;T;D;D;O;N;M
Martes 03/08/2027;T;D;D;O;N;M
Miércoles 04/08/2027;N;M;D;O;D;T
Jueves 05/08/2027;N;M;D;O;D;T
Viernes 06/08/2027;D;T;M;O;D;N
Sábado 07/08/2027;D;T;M;D;D;N
Domingo 08/08/2027;D;N;T;D;M;D
Lunes 09/08/2027;D;N;T;O;M;D
Martes 10/08/2027;M;D;N;O;T;D
Miércoles 11/08/2027;M;D;N;O;T;D
Jueves 12/08/2027;T;D;D;O;N;M
Viernes 13/08/2027;T;D;D;O;N;M
Sábado 14/08/2027;N;M;D;D;D;T
Domingo 15/08/2027;N;M;D;D;D;T
Lunes 16/08/2027;D;T;O;M;D;N
Martes 17/08/2027;D;T;O;M;D;N
Miércoles 18/08/2027;D;N;O;T;M;D
Jueves 19/08/2027;D;N;O;T;M;D
Viernes 20/08/2027;M;D;O;N;T;D
Sábado 21/08/2027;M;D;D;N;T;D
Domingo 22/08/2027;T;D;D;D;N;M
Lunes 23/08/2027;T;D;O;D;N;M
Martes 24/08/2027;N;M;O;D;D;T
Miércoles 25/08/2027;N;M;O;D;D;T
Jueves 26/08/2027;D;T;O;M;D;N
Viernes 27/08/2027;D;T;O;M;D;N
Sábado 28/08/2027;D;N;D;T;M;D
Domingo 29/08/2027;D;N;D;T;M;D
Lunes 30/08/2027;M;D;O;N;T;D
Martes 31/08/2027;M;D;O;N;T;D
Miércoles 01/09/2027;T;D;O;D;N;M
Jueves 02/09/2027;T;D;O;D;N;M
Viernes 03/09/2027;N;M;O;D;D;T
Sábado 04/09/2027;N;M;D;D;D;T
Domingo 05/09/2027;D;T;D;M;D;N
Lunes 06/09/2027;D;T;O;M;D;N
Martes 07/09/2027;D;N;O;T;M;D
Miércoles 08/09/2027;D;N;O;T;M;D
Jueves 09/09/2027;M;D;O;N;T;D
Viernes 10/09/2027;M;D;O;N;T;D
Sábado 11/09/2027;T;D;D;D;N;M
Domingo 12/09/2027;T;D;D;D;N;M
Lunes 13/09/2027;N;O;M;D;D;T
Martes 14/09/2027;N;O;M;D;D;T
Miércoles 15/09/2027;D;O;T;M;D;N
Jueves 16/09/2027;D;O;T;M;D;N
Viernes 17/09/2027;D;O;N;T;M;D
Sábado 18/09/2027;D;D;N;T;M;D
Domingo 19/09/2027;M;D;D;N;T;D
Lunes 20/09/2027;M;O;D;N;T;D
Martes 21/09/2027;T;O;D;D;N;M
Miércoles 22/09/2027;T;O;D;D;N;M
Jueves 23/09/2027;N;O;M;D;D;T
Viernes 24/09/2027;N;O;M;D;D;T
Sábado 25/09/2027;D;D;T;M;D;N
Domingo 26/09/2027;D;D;T;M;D;N
Lunes 27/09/2027;D;O;N;T;M;D
Martes 28/09/2027;D;O;N;T;M;D
Miércoles 29/09/2027;M;O;D;N;T;D
Jueves 30/09/2027;M;O;D;N;T;D
Viernes 01/10/2027;T;O;D;D;N;M
Sábado 02/10/2027;T;D;D;D;N;M
Domingo 03/10/2027;N;D;M;D;D;T
Lunes 04/10/2027;N;O;M;D;D;T
Martes 05/10/2027;D;O;T;M;D;N
Miércoles 06/10/2027;D;O;T;M;D;N
Jueves 07/10/2027;D;O;N;T;M;D
Viernes 08/10/2027;D;O;N;T;M;D
Sábado 09/10/2027;M;D;D;N;T;D
Domingo 10/10/2027;M;D;D;N;T;D
Lunes 11/10/2027;T;M;D;D;N;O
Martes 12/10/2027;T;M;D;D;N;O
Miércoles 13/10/2027;N;T;M;D;D;O
Jueves 14/10/2027;N;T;M;D;D;O
Viernes 15/10/2027;D;N;T;M;D;O
Sábado 16/10/2027;D;N;T;M;D;D
Domingo 17/10/2027;D;D;N;T;M;D
Lunes 18/10/2027;D;D;N;T;M;O
Martes 19/10/2027;M;D;D;N;T;O
Miércoles 20/10/2027;M;D;D;N;T;O
Jueves 21/10/2027;T;M;D;D;N;O
Viernes 22/10/2027;T;M;D;D;N;O
Sábado 23/10/2027;N;T;M;D;D;D
Domingo 24/10/2027;N;T;M;D;D;D
Lunes 25/10/2027;D;N;T;O;D;M
Martes 26/10/2027;D;N;T;O;D;M
Miércoles 27/10/2027;D;D;N;O;M;T
Jueves 28/10/2027;D;D;N;O;M;T
Viernes 29/10/2027;M;D;D;O;T;N
Sábado 30/10/2027;M;D;D;D;T;N
Domingo 31/10/2027;T;M;D;D;N;D
Lunes 01/11/2027;T;M;D;O;N;D
Martes 02/11/2027;N;T;M;O;D;D
Miércoles 03/11/2027;N;T;M;O;D;D
Jueves 04/11/2027;D;N;T;O;D;M
Viernes 05/11/2027;D;N;T;O;D;M
Sábado 06/11/2027;D;D;N;D;M;T
Domingo 07/11/2027;D;D;N;D;M;T
Lunes 08/11/2027;O;D;D;M;T;N
Martes 09/11/2027;O;D;D;M;T;N
Miércoles 10/11/2027;O;M;D;T;N;D
Jueves 11/11/2027;O;M;D;T;N;D
Viernes 12/11/2027;O;T;M;N;D;D
Sábado 13/11/2027;D;T;M;N;D;D
Domingo 14/11/2027;D;N;T;D;D;M
Lunes 15/11/2027;O;N;T;D;D;M
Martes 16/11/2027;O;D;N;D;M;T
Miércoles 17/11/2027;O;D;N;D;M;T
Jueves 18/11/2027;O;D;D;M;T;N
Viernes 19/11/2027;O;D;D;M;T;N
Sábado 20/11/2027;D;M;D;T;N;D
Domingo 21/11/2027;D;M;D;T;N;D
Lunes 22/11/2027;M;T;O;N;D;D
Martes 23/11/2027;M;T;O;N;D;D
Miércoles 24/11/2027;T;N;O;D;D;M
Jueves 25/11/2027;T;N;O;D;D;M
Viernes 26/11/2027;N;D;O;D;M;T
Sábado 27/11/2027;N;D;D;D;M;T
Domingo 28/11/2027;D;D;D;M;T;N
Lunes 29/11/2027;D;D;O;M;T;N
Martes 30/11/2027;D;M;O;T;N;D
Miércoles 01/12/2027;D;M;O;T;N;D
Jueves 02/12/2027;M;T;O;N;D;D
Viernes 03/12/2027;M;T;O;N;D;D
Sábado 04/12/2027;T;N;D;D;D;M
Domingo 05/12/2027;T;N;D;D;D;M
Lunes 06/12/2027;N;D;M;D;O;T
Martes 07/12/2027;N;D;M;D;O;T
Miércoles 08/12/2027;D;D;T;M;O;N
Jueves 09/12/2027;D;D;T;M;O;N
Viernes 10/12/2027;D;M;N;T;O;D
Sábado 11/12/2027;D;M;N;T;D;D
Domingo 12/12/2027;M;T;D;N;D;D
Lunes 13/12/2027;M;T;D;N;O;D
Martes 14/12/2027;T;N;D;D;O;M
Miércoles 15/12/2027;T;N;D;D;O;M
Jueves 16/12/2027;N;D;M;D;O;T
Viernes 17/12/2027;N;D;M;D;O;T
Sábado 18/12/2027;D;D;T;M;D;N
Domingo 19/12/2027;D;D;T;M;D;N
Lunes 20/12/2027;D;O;N;T;M;D
Martes 21/12/2027;D;O;N;T;M;D
Miércoles 22/12/2027;M;O;D;N;T;D
Jueves 23/12/2027;M;O;D;N;T;D
Viernes 24/12/2027;T;O;D;D;N;M
Sábado 25/12/2027;T;D;D;D;N;M
Domingo 26/12/2027;N;D;M;D;D;T
Lunes 27/12/2027;N;O;M;D;D;T
Martes 28/12/2027;D;O;T;M;D;N
Miércoles 29/12/2027;D;O;T;M;D;N
Jueves 30/12/2027;D;O;N;T;M;D
Viernes 31/12/2027;D;O;N;T;M;D
Sábado 01/01/2028;M;D;D;N;T;D
Domingo 02/01/2028;M;D;D;N;T;D
Lunes 03/01/2028;T;M;D;D;N;O
Martes 04/01/2028;T;M;D;D;N;O
Miércoles 05/01/2028;N;T;M;D;D;O
Jueves 06/01/2028;N;T;M;D;D;O
Viernes 07/01/2028;D;N;T;M;D;O
Sábado 08/01/2028;D;N;T;M;D;D
Domingo 09/01/2028;D;D;N;T;M;D
Lunes 10/01/2028;D;D;N;T;M;O
Martes 11/01/2028;M;D;D;N;T;O
Miércoles 12/01/2028;M;D;D;N;T;O
Jueves 13/01/2028;T;M;D;D;N;O
Viernes 14/01/2028;T;M;D;D;N;O
Sábado 15/01/2028;N;T;M;D;D;D
Domingo 16/01/2028;N;T;M;D;D;D
Lunes 17/01/2028;D;N;T;O;D;M
Martes 18/01/2028;D;N;T;O;D;M
Miércoles 19/01/2028;D;D;N;O;M;T
Jueves 20/01/2028;D;D;N;O;M;T
Viernes 21/01/2028;M;D;D;O;T;N
Sábado 22/01/2028;M;D;D;D;T;N
Domingo 23/01/2028;T;M;D;D;N;D
Lunes 24/01/2028;T;M;D;O;N;D
Martes 25/01/2028;N;T;M;O;D;D
Miércoles 26/01/2028;N;T;M;O;D;D
Jueves 27/01/2028;D;N;T;O;D;M
Viernes 28/01/2028;D;N;T;O;D;M
Sábado 29/01/2028;D;D;N;D;M;T
Domingo 30/01/2028;D;D;N;D;M;T
Lunes 31/01/2028;O;D;D;M;T;N
Martes 01/02/2028;O;D;D;M;T;N
Miércoles 02/02/2028;O;M;D;T;N;D
Jueves 03/02/2028;O;M;D;T;N;D
Viernes 04/02/2028;O;T;M;N;D;D
Sábado 05/02/2028;D;T;M;N;D;D
Domingo 06/02/2028;D;N;T;D;D;M
Lunes 07/02/2028;O;N;T;D;D;M
Martes 08/02/2028;O;D;N;D;M;T
Miércoles 09/02/2028;O;D;N;D;M;T
Jueves 10/02/2028;O;D;D;M;T;N
Viernes 11/02/2028;O;D;D;M;T;N
Sábado 12/02/2028;D;M;D;T;N;D
Domingo 13/02/2028;D;M;D;T;N;D
Lunes 14/02/2028;M;T;O;N;D;D
Martes 15/02/2028;M;T;O;N;D;D
Miércoles 16/02/2028;T;N;O;D;D;M
Jueves 17/02/2028;T;N;O;D;D;M
Viernes 18/02/2028;N;D;O;D;M;T
Sábado 19/02/2028;N;D;D;D;M;T
Domingo 20/02/2028;D;D;D;M;T;N
Lunes 21/02/2028;D;D;O;M;T;N
Martes 22/02/2028;D;M;O;T;N;D
Miércoles 23/02/2028;D;M;O;T;N;D
Jueves 24/02/2028;M;T;O;N;D;D
Viernes 25/02/2028;M;T;O;N;D;D
Sábado 26/02/2028;T;N;D;D;D;M
Domingo 27/02/2028;T;N;D;D;D;M
Lunes 28/02/2028;N;D;M;D;O;T
Martes 29/02/2028;N;D;M;D;O;T
Miércoles 01/03/2028;D;D;T;M;O;N
Jueves 02/03/2028;D;D;T;M;O;N
Viernes 03/03/2028;D;M;N;T;O;D
Sábado 04/03/2028;D;M;N;T;D;D
Domingo 05/03/2028;M;T;D;N;D;D
Lunes 06/03/2028;M;T;D;N;O;D
Martes 07/03/2028;T;N;D;D;O;M
Miércoles 08/03/2028;T;N;D;D;O;M
Jueves 09/03/2028;N;D;M;D;O;T
Viernes 10/03/2028;N;D;M;D;O;T
Sábado 11/03/2028;D;D;T;M;D;N
Domingo 12/03/2028;D;D;T;M;D;N
Lunes 13/03/2028;D;O;N;T;M;D
Martes 14/03/2028;D;O;N;T;M;D
Miércoles 15/03/2028;M;O;D;N;T;D
Jueves 16/03/2028;M;O;D;N;T;D
Viernes 17/03/2028;T;O;D;D;N;M
Sábado 18/03/2028;T;D;D;D;N;M
Domingo 19/03/2028;N;D;M;D;D;T
Lunes 20/03/2028;N;O;M;D;D;T
Martes 21/03/2028;D;O;T;M;D;N
Miércoles 22/03/2028;D;O;T;M;D;N
Jueves 23/03/2028;D;O;N;T;M;D
Viernes 24/03/2028;D;O;N;T;M;D
Sábado 25/03/2028;M;D;D;N;T;D
Domingo 26/03/2028;M;D;D;N;T;D
Lunes 27/03/2028;T;M;D;D;N;O
Martes 28/03/2028;T;M;D;D;N;O
Miércoles 29/03/2028;N;T;M;D;D;O
Jueves 30/03/2028;N;T;M;D;D;O
Viernes 31/03/2028;D;N;T;M;D;O
Sábado 01/04/2028;D;N;T;M;D;D
Domingo 02/04/2028;D;D;N;T;M;D
Lunes 03/04/2028;D;D;N;T;M;O
Martes 04/04/2028;M;D;D;N;T;O
Miércoles 05/04/2028;M;D;D;N;T;O
Jueves 06/04/2028;T;M;D;D;N;O
Viernes 07/04/2028;T;M;D;D;N;O
Sábado 08/04/2028;N;T;M;D;D;D
Domingo 09/04/2028;N;T;M;D;D;D
Lunes 10/04/2028;D;N;T;O;D;M
Martes 11/04/2028;D;N;T;O;D;M
Miércoles 12/04/2028;D;D;N;O;M;T
Jueves 13/04/2028;D;D;N;O;M;T
Viernes 14/04/2028;M;D;D;O;T;N
Sábado 15/04/2028;M;D;D;D;T;N
Domingo 16/04/2028;T;M;D;D;N;D
Lunes 17/04/2028;T;M;D;O;N;D
Martes 18/04/2028;N;T;M;O;D;D
Miércoles 19/04/2028;N;T;M;O;D;D
Jueves 20/04/2028;D;N;T;O;D;M
Viernes 21/04/2028;D;N;T;O;D;M
Sábado 22/04/2028;D;D;N;D;M;T
Domingo 23/04/2028;D;D;N;D;M;T
Lunes 24/04/2028;O;D;D;M;T;N
Martes 25/04/2028;O;D;D;M;T;N
Miércoles 26/04/2028;O;M;D;T;N;D
Jueves 27/04/2028;O;M;D;T;N;D
Viernes 28/04/2028;O;T;M;N;D;D
Sábado 29/04/2028;D;T;M;N;D;D
Domingo 30/04/2028;D;N;T;D;D;M
Lunes 01/05/2028;O;N;T;D;D;M
Martes 02/05/2028;O;D;N;D;M;T
Miércoles 03/05/2028;O;D;N;D;M;T
Jueves 04/05/2028;O;D;D;M;T;N
Viernes 05/05/2028;O;D;D;M;T;N
Sábado 06/05/2028;D;M;D;T;N;D
Domingo 07/05/2028;D;M;D;T;N;D
Lunes 08/05/2028;O;T;M;N;D;D
Martes 09/05/2028;O;T;M;N;D;D
Miércoles 10/05/2028;O;N;T;D;D;M
Jueves 11/05/2028;O;N;T;D;D;M
Viernes 12/05/2028;O;D;N;D;M;T
Sábado 13/05/2028;D;D;N;D;M;T
Domingo 14/05/2028;D;D;D;M;T;N
Lunes 15/05/2028;O;D;D;M;T;N
Martes 16/05/2028;O;M;D;T;N;D
Miércoles 17/05/2028;O;M;D;T;N;D
Jueves 18/05/2028;O;T;M;N;D;D
Viernes 19/05/2028;O;T;M;N;D;D
Sábado 20/05/2028;D;N;T;D;D;M
Domingo 21/05/2028;D;N;T;D;D;M
Lunes 22/05/2028;M;D;N;D;O;T
Martes 23/05/2028;M;D;N;D;O;T
Miércoles 24/05/2028;T;D;D;M;O;N
Jueves 25/05/2028;T;D;D;M;O;N
Viernes 26/05/2028;N;M;D;T;O;D
Sábado 27/05/2028;N;M;D;T;D;D
Domingo 28/05/2028;D;T;M;N;D;D
Lunes 29/05/2028;D;T;M;N;O;D
Martes 30/05/2028;D;N;T;D;O;M
Miércoles 31/05/2028;D;N;T;D;O;M
Jueves 01/06/2028;M;D;N;D;O;T
Viernes 02/06/2028;M;D;N;D;O;T
Sábado 03/06/2028;T;D;D;M;D;N
Domingo 04/06/2028;T;D;D;M;D;N
Lunes 05/06/2028;N;M;D;T;O;D
Martes 06/06/2028;N;M;D;T;O;D
Miércoles 07/06/2028;D;T;M;N;O;D
Jueves 08/06/2028;D;T;M;N;O;D
Viernes 09/06/2028;D;N;T;D;O;M
Sábado 10/06/2028;D;N;T;D;D;M
Domingo 11/06/2028;M;D;N;D;D;T
Lunes 12/06/2028;M;D;N;D;O;T
Martes 13/06/2028;T;D;D;M;O;N
Miércoles 14/06/2028;T;D;D;M;O;N
Jueves 15/06/2028;N;M;D;T;O;D
Viernes 16/06/2028;N;M;D;T;O;D
Sábado 17/06/2028;D;T;M;N;D;D
Domingo 18/06/2028;D;T;M;N;D;D
Lunes 19/06/2028;D;N;T;D;M;O
Martes 20/06/2028;D;N;T;D;M;O
Miércoles 21/06/2028;M;D;N;D;T;O
Jueves 22/06/2028;M;D;N;D;T;O
Viernes 23/06/2028;T;D;D;M;N;O
Sábado 24/06/2028;T;D;D;M;N;D
Domingo 25/06/2028;N;M;D;T;D;D
Lunes 26/06/2028;N;M;D;T;D;O
Martes 27/06/2028;D;T;M;N;D;O
Miércoles 28/06/2028;D;T;M;N;D;O
Jueves 29/06/2028;D;N;T;D;M;O
Viernes 30/06/2028;D;N;T;D;M;O
Sábado 01/07/2028;M;D;N;D;T;D
Domingo 02/07/2028;M;D;N;D;T;D
Lunes 03/07/2028;T;D;D;M;N;O
Martes 04/07/2028;T;D;D;M;N;O
Miércoles 05/07/2028;N;M;D;T;D;O
Jueves 06/07/2028;N;M;D;T;D;O
Viernes 07/07/2028;D;T;M;N;D;O
Sábado 08/07/2028;D;T;M;N;D;D
Domingo 09/07/2028;D;N;T;D;M;D
Lunes 10/07/2028;D;N;T;D;M;O
Martes 11/07/2028;M;D;N;D;T;O
Miércoles 12/07/2028;M;D;N;D;T;O
Jueves 13/07/2028;T;D;D;M;N;O
Viernes 14/07/2028;T;D;D;M;N;O
Sábado 15/07/2028;N;M;D;T;D;D
Domingo 16/07/2028;N;M;D;T;D;D
Lunes 17/07/2028;D;T;O;N;D;M
Martes 18/07/2028;D;T;O;N;D;M
Miércoles 19/07/2028;D;N;O;D;M;T
Jueves 20/07/2028;D;N;O;D;M;T
Viernes 21/07/2028;M;D;O;D;T;N
Sábado 22/07/2028;M;D;D;D;T;N
Domingo 23/07/2028;T;D;D;M;N;D
Lunes 24/07/2028;T;D;O;M;N;D
Martes 25/07/2028;N;M;O;T;D;D
Miércoles 26/07/2028;N;M;O;T;D;D
Jueves 27/07/2028;D;T;O;N;D;M
Viernes 28/07/2028;D;T;O;N;D;M
Sábado 29/07/2028;D;N;D;D;M;T
Domingo 30/07/2028;D;N;D;D;M;T
Lunes 31/07/2028;M;D;O;D;T;N
Martes 01/08/2028;M;D;O;D;T;N
Miércoles 02/08/2028;T;D;O;M;N;D
Jueves 03/08/2028;T;D;O;M;N;D
Viernes 04/08/2028;N;M;O;T;D;D
Sábado 05/08/2028;N;M;D;T;D;D
Domingo 06/08/2028;D;T;D;N;D;M
Lunes 07/08/2028;D;T;O;N;D;M
Martes 08/08/2028;D;N;O;D;M;T
Miércoles 09/08/2028;D;N;O;D;M;T
Jueves 10/08/2028;M;D;O;D;T;N
Viernes 11/08/2028;M;D;O;D;T;N
Sábado 12/08/2028;T;D;D;M;N;D
Domingo 13/08/2028;T;D;D;M;N;D
Lunes 14/08/2028;N;O;M;T;D;D
Martes 15/08/2028;N;O;M;T;D;D
Miércoles 16/08/2028;D;O;T;N;D;M
Jueves 17/08/2028;D;O;T;N;D;M
Viernes 18/08/2028;D;O;N;D;M;T
Sábado 19/08/2028;D;D;N;D;M;T
Domingo 20/08/2028;M;D;D;D;T;N
Lunes 21/08/2028;M;O;D;D;T;N
Martes 22/08/2028;T;O;D;M;N;D
Miércoles 23/08/2028;T;O;D;M;N;D
Jueves 24/08/2028;N;O;M;T;D;D
Viernes 25/08/2028;N;O;M;T;D;D
Sábado 26/08/2028;D;D;T;N;D;M
Domingo 27/08/2028;D;D;T;N;D;M
Lunes 28/08/2028;D;O;N;D;M;T
Martes 29/08/2028;D;O;N;D;M;T
Miércoles 30/08/2028;M;O;D;D;T;N
Jueves 31/08/2028;M;O;D;D;T;N
Viernes 01/09/2028;T;O;D;M;N;D
Sábado 02/09/2028;T;D;D;M;N;D
Domingo 03/09/2028;N;D;M;T;D;D
Lunes 04/09/2028;N;O;M;T;D;D
Martes 05/09/2028;D;O;T;N;D;M
Miércoles 06/09/2028;D;O;T;N;D;M
Jueves 07/09/2028;D;O;N;D;M;T
Viernes 08/09/2028;D;O;N;D;M;T
Sábado 09/09/2028;M;D;D;D;T;N
Domingo 10/09/2028;M;D;D;D;T;N
Lunes 11/09/2028;T;M;D;O;N;D
Martes 12/09/2028;T;M;D;O;N;D
Miércoles 13/09/2028;N;T;M;O;D;D
Jueves 14/09/2028;N;T;M;O;D;D
Viernes 15/09/2028;D;N;T;O;D;M
Sábado 16/09/2028;D;N;T;D;D;M
Domingo 17/09/2028;D;D;N;D;M;T
Lunes 18/09/2028;D;D;N;O;M;T
Martes 19/09/2028;M;D;D;O;T;N
Miércoles 20/09/2028;M;D;D;O;T;N
Jueves 21/09/2028;T;M;D;O;N;D
Viernes 22/09/2028;T;M;D;O;N;D
Sábado 23/09/2028;N;T;M;D;D;D
Domingo 24/09/2028;N;T;M;D;D;D
Lunes 25/09/2028;D;N;T;O;D;M
Martes 26/09/2028;D;N;T;O;D;M
Miércoles 27/09/2028;D;D;N;O;M;T
Jueves 28/09/2028;D;D;N;O;M;T
Viernes 29/09/2028;M;D;D;O;T;N
Sábado 30/09/2028;M;D;D;D;T;N
Domingo 01/10/2028;T;M;D;D;N;D
Lunes 02/10/2028;T;M;D;O;N;D
Martes 03/10/2028;N;T;M;O;D;D
Miércoles 04/10/2028;N;T;M;O;D;D
Jueves 05/10/2028;D;N;T;O;D;M
Viernes 06/10/2028;D;N;T;O;D;M
Sábado 07/10/2028;D;D;N;D;M;T
Domingo 08/10/2028;D;D;N;D;M;T
Lunes 09/10/2028;O;D;D;M;T;N
Martes 10/10/2028;O;D;D;M;T;N
Miércoles 11/10/2028;O;M;D;T;N;D
Jueves 12/10/2028;O;M;D;T;N;D
Viernes 13/10/2028;O;T;M;N;D;D
Sábado 14/10/2028;D;T;M;N;D;D
Domingo 15/10/2028;D;N;T;D;D;M
Lunes 16/10/2028;O;N;T;D;D;M
Martes 17/10/2028;O;D;N;D;M;T
Miércoles 18/10/2028;O;D;N;D;M;T
Jueves 19/10/2028;O;D;D;M;T;N
Viernes 20/10/2028;O;D;D;M;T;N
Sábado 21/10/2028;D;M;D;T;N;D
Domingo 22/10/2028;D;M;D;T;N;D
Lunes 23/10/2028;M;T;O;N;D;D
Martes 24/10/2028;M;T;O;N;D;D
Miércoles 25/10/2028;T;N;O;D;D;M
Jueves 26/10/2028;T;N;O;D;D;M
Viernes 27/10/2028;N;D;O;D;M;T
Sábado 28/10/2028;N;D;D;D;M;T
Domingo 29/10/2028;D;D;D;M;T;N
Lunes 30/10/2028;D;D;O;M;T;N
Martes 31/10/2028;D;M;O;T;N;D
Miércoles 01/11/2028;D;M;O;T;N;D
Jueves 02/11/2028;M;T;O;N;D;D
Viernes 03/11/2028;M;T;O;N;D;D
Sábado 04/11/2028;T;N;D;D;D;M
Domingo 05/11/2028;T;N;D;D;D;M
Lunes 06/11/2028;N;D;M;D;O;T
Martes 07/11/2028;N;D;M;D;O;T
Miércoles 08/11/2028;D;D;T;M;O;N
Jueves 09/11/2028;D;D;T;M;O;N
Viernes 10/11/2028;D;M;N;T;O;D
Sábado 11/11/2028;D;M;N;T;D;D
Domingo 12/11/2028;M;T;D;N;D;D
Lunes 13/11/2028;M;T;D;N;O;D
Martes 14/11/2028;T;N;D;D;O;M
Miércoles 15/11/2028;T;N;D;D;O;M
Jueves 16/11/2028;N;D;M;D;O;T
Viernes 17/11/2028;N;D;M;D;O;T
Sábado 18/11/2028;D;D;T;M;D;N
Domingo 19/11/2028;D;D;T;M;D;N
Lunes 20/11/2028;D;O;N;T;M;D
Martes 21/11/2028;D;O;N;T;M;D
Miércoles 22/11/2028;M;O;D;N;T;D
Jueves 23/11/2028;M;O;D;N;T;D
Viernes 24/11/2028;T;O;D;D;N;M
Sábado 25/11/2028;T;D;D;D;N;M
Domingo 26/11/2028;N;D;M;D;D;T
Lunes 27/11/2028;N;O;M;D;D;T
Martes 28/11/2028;D;O;T;M;D;N
Miércoles 29/11/2028;D;O;T;M;D;N
Jueves 30/11/2028;D;O;N;T;M;D
Viernes 01/12/2028;D;O;N;T;M;D
Sábado 02/12/2028;M;D;D;N;T;D
Domingo 03/12/2028;M;D;D;N;T;D
Lunes 04/12/2028;T;M;D;D;N;O
Martes 05/12/2028;T;M;D;D;N;O
Miércoles 06/12/2028;N;T;M;D;D;O
Jueves 07/12/2028;N;T;M;D;D;O
Viernes 08/12/2028;D;N;T;M;D;O
Sábado 09/12/2028;D;N;T;M;D;D
Domingo 10/12/2028;D;D;N;T;M;D
Lunes 11/12/2028;D;D;N;T;M;O
Martes 12/12/2028;M;D;D;N;T;O
Miércoles 13/12/2028;M;D;D;N;T;O
Jueves 14/12/2028;T;M;D;D;N;O
Viernes 15/12/2028;T;M;D;D;N;O
Sábado 16/12/2028;N;T;M;D;D;D
Domingo 17/12/2028;N;T;M;D;D;D
Lunes 18/12/2028;D;N;T;O;D;M
Martes 19/12/2028;D;N;T;O;D;M
Miércoles 20/12/2028;D;D;N;O;M;T
Jueves 21/12/2028;D;D;N;O;M;T
Viernes 22/12/2028;M;D;D;O;T;N
Sábado 23/12/2028;M;D;D;D;T;N
Domingo 24/12/2028;T;M;D;D;N;D
Lunes 25/12/2028;T;M;D;O;N;D
Martes 26/12/2028;N;T;M;O;D;D
Miércoles 27/12/2028;N;T;M;O;D;D
Jueves 28/12/2028;D;N;T;O;D;M
Viernes 29/12/2028;D;N;T;O;D;M
Sábado 30/12/2028;D;D;N;D;M;T
Domingo 31/12/2028;D;D;N;D;M;T
Lunes 01/01/2029;O;D;D;M;T;N
Martes 02/01/2029;O;D;D;M;T;N
Miércoles 03/01/2029;O;M;D;T;N;D
Jueves 04/01/2029;O;M;D;T;N;D
Viernes 05/01/2029;O;T;M;N;D;D
Sábado 06/01/2029;D;T;M;N;D;D
Domingo 07/01/2029;D;N;T;D;D;M
Lunes 08/01/2029;O;N;T;D;D;M
Martes 09/01/2029;O;D;N;D;M;T
Miércoles 10/01/2029;O;D;N;D;M;T
Jueves 11/01/2029;O;D;D;M;T;N
Viernes 12/01/2029;O;D;D;M;T;N
Sábado 13/01/2029;D;M;D;T;N;D
Domingo 14/01/2029;D;M;D;T;N;D
Lunes 15/01/2029;M;T;O;N;D;D
Martes 16/01/2029;M;T;O;N;D;D
Miércoles 17/01/2029;T;N;O;D;D;M
Jueves 18/01/2029;T;N;O;D;D;M
Viernes 19/01/2029;N;D;O;D;M;T
Sábado 20/01/2029;N;D;D;D;M;T
Domingo 21/01/2029;D;D;D;M;T;N
Lunes 22/01/2029;D;D;O;M;T;N
Martes 23/01/2029;D;M;O;T;N;D
Miércoles 24/01/2029;D;M;O;T;N;D
Jueves 25/01/2029;M;T;O;N;D;D
Viernes 26/01/2029;M;T;O;N;D;D
Sábado 27/01/2029;T;N;D;D;D;M
Domingo 28/01/2029;T;N;D;D;D;M
Lunes 29/01/2029;N;D;M;D;O;T
Martes 30/01/2029;N;D;M;D;O;T
Miércoles 31/01/2029;D;D;T;M;O;N
Jueves 01/02/2029;D;D;T;M;O;N
Viernes 02/02/2029;D;M;N;T;O;D
Sábado 03/02/2029;D;M;N;T;D;D
Domingo 04/02/2029;M;T;D;N;D;D
Lunes 05/02/2029;M;T;D;N;O;D
Martes 06/02/2029;T;N;D;D;O;M
Miércoles 07/02/2029;T;N;D;D;O;M
Jueves 08/02/2029;N;D;M;D;O;T
Viernes 09/02/2029;N;D;M;D;O;T
Sábado 10/02/2029;D;D;T;M;D;N
Domingo 11/02/2029;D;D;T;M;D;N
Lunes 12/02/2029;D;O;N;T;M;D
Martes 13/02/2029;D;O;N;T;M;D
Miércoles 14/02/2029;M;O;D;N;T;D
Jueves 15/02/2029;M;O;D;N;T;D
Viernes 16/02/2029;T;O;D;D;N;M
Sábado 17/02/2029;T;D;D;D;N;M
Domingo 18/02/2029;N;D;M;D;D;T
Lunes 19/02/2029;N;O;M;D;D;T
Martes 20/02/2029;D;O;T;M;D;N
Miércoles 21/02/2029;D;O;T;M;D;N
Jueves 22/02/2029;D;O;N;T;M;D
Viernes 23/02/2029;D;O;N;T;M;D
Sábado 24/02/2029;M;D;D;N;T;D
Domingo 25/02/2029;M;D;D;N;T;D
Lunes 26/02/2029;T;M;D;D;N;O
Martes 27/02/2029;T;M;D;D;N;O
Miércoles 28/02/2029;N;T;M;D;D;O
Jueves 01/03/2029;N;T;M;D;D;O
Viernes 02/03/2029;D;N;T;M;D;O
Sábado 03/03/2029;D;N;T;M;D;D
Domingo 04/03/2029;D;D;N;T;M;D
Lunes 05/03/2029;D;D;N;T;M;O
Martes 06/03/2029;M;D;D;N;T;O
Miércoles 07/03/2029;M;D;D;N;T;O
Jueves 08/03/2029;T;M;D;D;N;O
Viernes 09/03/2029;T;M;D;D;N;O
Sábado 10/03/2029;N;T;M;D;D;D
Domingo 11/03/2029;N;T;M;D;D;D
Lunes 12/03/2029;D;N;T;O;D;M
Martes 13/03/2029;D;N;T;O;D;M
Miércoles 14/03/2029;D;D;N;O;M;T
Jueves 15/03/2029;D;D;N;O;M;T
Viernes 16/03/2029;M;D;D;O;T;N
Sábado 17/03/2029;M;D;D;D;T;N
Domingo 18/03/2029;T;M;D;D;N;D
Lunes 19/03/2029;T;M;D;O;N;D
Martes 20/03/2029;N;T;M;O;D;D
Miércoles 21/03/2029;N;T;M;O;D;D
Jueves 22/03/2029;D;N;T;O;D;M
Viernes 23/03/2029;D;N;T;O;D;M
Sábado 24/03/2029;D;D;N;D;M;T
Domingo 25/03/2029;D;D;N;D;M;T
Lunes 26/03/2029;O;D;D;M;T;N
Martes 27/03/2029;O;D;D;M;T;N
Miércoles 28/03/2029;O;M;D;T;N;D
Jueves 29/03/2029;O;M;D;T;N;D
Viernes 30/03/2029;O;T;M;N;D;D
Sábado 31/03/2029;D;T;M;N;D;D
Domingo 01/04/2029;D;N;T;D;D;M
Lunes 02/04/2029;O;N;T;D;D;M
Martes 03/04/2029;O;D;N;D;M;T
Miércoles 04/04/2029;O;D;N;D;M;T
Jueves 05/04/2029;O;D;D;M;T;N
Viernes 06/04/2029;O;D;D;M;T;N
Sábado 07/04/2029;D;M;D;T;N;D
Domingo 08/04/2029;D;M;D;T;N;D
Lunes 09/04/2029;M;T;O;N;D;D
Martes 10/04/2029;M;T;O;N;D;D
Miércoles 11/04/2029;T;N;O;D;D;M
Jueves 12/04/2029;T;N;O;D;D;M
Viernes 13/04/2029;N;D;O;D;M;T
Sábado 14/04/2029;N;D;D;D;M;T
Domingo 15/04/2029;D;D;D;M;T;N
Lunes 16/04/2029;D;D;O;M;T;N
Martes 17/04/2029;D;M;O;T;N;D
Miércoles 18/04/2029;D;M;O;T;N;D
Jueves 19/04/2029;M;T;O;N;D;D
Viernes 20/04/2029;M;T;O;N;D;D
Sábado 21/04/2029;T;N;D;D;D;M
Domingo 22/04/2029;T;N;D;D;D;M
Lunes 23/04/2029;N;D;O;D;M;T
Martes 24/04/2029;N;D;O;D;M;T
Miércoles 25/04/2029;D;D;O;M;T;N
Jueves 26/04/2029;D;D;O;M;T;N
Viernes 27/04/2029;D;M;O;T;N;D
Sábado 28/04/2029;D;M;D;T;N;D
Domingo 29/04/2029;M;T;D;N;D;D
Lunes 30/04/2029;M;T;O;N;D;D
Martes 01/05/2029;T;N;O;D;D;M
Miércoles 02/05/2029;T;N;O;D;D;M
Jueves 03/05/2029;N;D;O;D;M;T
Viernes 04/05/2029;N;D;O;D;M;T
Sábado 05/05/2029;D;D;D;M;T;N
Domingo 06/05/2029;D;D;D;M;T;N
Lunes 07/05/2029;D;O;M;T;N;D
Martes 08/05/2029;D;O;M;T;N;D
Miércoles 09/05/2029;M;O;T;N;D;D
Jueves 10/05/2029;M;O;T;N;D;D
Viernes 11/05/2029;T;O;N;D;D;M
Sábado 12/05/2029;T;D;N;D;D;M
Domingo 13/05/2029;N;D;D;D;M;T
Lunes 14/05/2029;N;O;D;D;M;T
Martes 15/05/2029;D;O;D;M;T;N
Miércoles 16/05/2029;D;O;D;M;T;N
Jueves 17/05/2029;D;O;M;T;N;D
Viernes 18/05/2029;D;O;M;T;N;D
Sábado 19/05/2029;M;D;T;N;D;D
Domingo 20/05/2029;M;D;T;N;D;D
Lunes 21/05/2029;T;O;N;D;D;M
Martes 22/05/2029;T;O;N;D;D;M
Miércoles 23/05/2029;N;O;D;D;M;T
Jueves 24/05/2029;N;O;D;D;M;T
Viernes 25/05/2029;D;O;D;M;T;N
Sábado 26/05/2029;D;D;D;M;T;N
Domingo 27/05/2029;D;D;M;T;N;D
Lunes 28/05/2029;D;O;M;T;N;D
Martes 29/05/2029;M;O;T;N;D;D
Miércoles 30/05/2029;M;O;T;N;D;D
Jueves 31/05/2029;T;O;N;D;D;M
Viernes 01/06/2029;T;O;N;D;D;M
Sábado 02/06/2029;N;D;D;D;M;T
Domingo 03/06/2029;N;D;D;D;M;T
Lunes 04/06/2029;D;M;D;O;T;N
Martes 05/06/2029;D;M;D;O;T;N
Miércoles 06/06/2029;D;T;M;O;N;D
Jueves 07/06/2029;D;T;M;O;N;D
Viernes 08/06/2029;M;N;T;O;D;D
Sábado 09/06/2029;M;N;T;D;D;D
Domingo 10/06/2029;T;D;N;D;D;M
Lunes 11/06/2029;T;D;N;O;D;M
Martes 12/06/2029;N;D;D;O;M;T
Miércoles 13/06/2029;N;D;D;O;M;T
Jueves 14/06/2029;D;M;D;O;T;N
Viernes 15/06/2029;D;M;D;O;T;N
Sábado 16/06/2029;D;T;M;D;N;D
Domingo 17/06/2029;D;T;M;D;N;D
Lunes 18/06/2029;M;N;T;O;D;D
Martes 19/06/2029;M;N;T;O;D;D
Miércoles 20/06/2029;T;D;N;O;D;M
Jueves 21/06/2029;T;D;N;O;D;M
Viernes 22/06/2029;N;D;D;O;M;T
Sábado 23/06/2029;N;D;D;D;M;T
Domingo 24/06/2029;D;M;D;D;T;N
Lunes 25/06/2029;D;M;D;O;T;N
Martes 26/06/2029;D;T;M;O;N;D
Miércoles 27/06/2029;D;T;M;O;N;D
Jueves 28/06/2029;M;N;T;O;D;D
Viernes 29/06/2029;M;N;T;O;D;D
Sábado 30/06/2029;T;D;N;D;D;M
Domingo 01/07/2029;T;D;N;D;D;M
Lunes 02/07/2029;N;D;D;M;O;T
Martes 03/07/2029;N;D;D;M;O;T
Miércoles 04/07/2029;D;M;D;T;O;N
Jueves 05/07/2029;D;M;D;T;O;N
Viernes 06/07/2029;D;T;M;N;O;D
Sábado 07/07/2029;D;T;M;N;D;D
Domingo 08/07/2029;M;N;T;D;D;D
Lunes 09/07/2029;M;N;T;D;O;D
Martes 10/07/2029;T;D;N;D;O;M
Miércoles 11/07/2029;T;D;N;D;O;M
Jueves 12/07/2029;N;D;D;M;O;T
Viernes 13/07/2029;N;D;D;M;O;T
Sábado 14/07/2029;D;M;D;T;D;N
Domingo 15/07/2029;D;M;D;T;D;N
Lunes 16/07/2029;D;T;M;N;O;D
Martes 17/07/2029;D;T;M;N;O;D
Miércoles 18/07/2029;M;N;T;D;O;D
Jueves 19/07/2029;M;N;T;D;O;D
Viernes 20/07/2029;T;D;N;D;O;M
Sábado 21/07/2029;T;D;N;D;D;M
Domingo 22/07/2029;N;D;D;M;D;T
Lunes 23/07/2029;N;D;D;M;O;T
Martes 24/07/2029;D;M;D;T;O;N
Miércoles 25/07/2029;D;M;D;T;O;N
Jueves 26/07/2029;D;T;M;N;O;D
Viernes 27/07/2029;D;T;M;N;O;D
Sábado 28/07/2029;M;N;T;D;D;D
Domingo 29/07/2029;M;N;T;D;D;D
Lunes 30/07/2029;T;D;N;D;M;O
Martes 31/07/2029;T;D;N;D;M;O
Miércoles 01/08/2029;N;D;D;M;T;O
Jueves 02/08/2029;N;D;D;M;T;O
Viernes 03/08/2029;D;M;D;T;N;O
Sábado 04/08/2029;D;M;D;T;N;D
Domingo 05/08/2029;D;T;M;N;D;D
Lunes 06/08/2029;D;T;M;N;D;O
Martes 07/08/2029;M;N;T;D;D;O
Miércoles 08/08/2029;M;N;T;D;D;O
Jueves 09/08/2029;T;D;N;D;M;O
Viernes 10/08/2029;T;D;N;D;M;O
Sábado 11/08/2029;N;D;D;M;T;D
Domingo 12/08/2029;N;D;D;M;T;D
Lunes 13/08/2029;D;M;D;T;N;O
Martes 14/08/2029;D;M;D;T;N;O
Miércoles 15/08/2029;D;T;M;N;D;O
Jueves 16/08/2029;D;T;M;N;D;O
Viernes 17/08/2029;M;N;T;D;D;O
Sábado 18/08/2029;M;N;T;D;D;D
Domingo 19/08/2029;T;D;N;D;M;D
Lunes 20/08/2029;T;D;N;D;M;O
Martes 21/08/2029;N;D;D;M;T;O
Miércoles 22/08/2029;N;D;D;M;T;O
Jueves 23/08/2029;D;M;D;T;N;O
Viernes 24/08/2029;D;M;D;T;N;O
Sábado 25/08/2029;D;T;M;N;D;D
Domingo 26/08/2029;D;T;M;N;D;D
Lunes 27/08/2029;O;N;T;D;D;M
Martes 28/08/2029;O;N;T;D;D;M
Miércoles 29/08/2029;O;D;N;D;M;T
Jueves 30/08/2029;O;D;N;D;M;T
Viernes 31/08/2029;O;D;D;M;T;N
Sábado 01/09/2029;D;D;D;M;T;N
Domingo 02/09/2029;D;M;D;T;N;D
Lunes 03/09/2029;O;M;D;T;N;D
Martes 04/09/2029;O;T;M;N;D;D
Miércoles 05/09/2029;O;T;M;N;D;D
Jueves 06/09/2029;O;N;T;D;D;M
Viernes 07/09/2029;O;N;T;D;D;M
Sábado 08/09/2029;D;D;N;D;M;T
Domingo 09/09/2029;D;D;N;D;M;T
Lunes 10/09/2029;O;D;D;M;T;N
Martes 11/09/2029;O;D;D;M;T;N
Miércoles 12/09/2029;O;M;D;T;N;D
Jueves 13/09/2029;O;M;D;T;N;D
Viernes 14/09/2029;O;T;M;N;D;D
Sábado 15/09/2029;D;T;M;N;D;D
Domingo 16/09/2029;D;N;T;D;D;M
Lunes 17/09/2029;O;N;T;D;D;M
Martes 18/09/2029;O;D;N;D;M;T
Miércoles 19/09/2029;O;D;N;D;M;T
Jueves 20/09/2029;O;D;D;M;T;N
Viernes 21/09/2029;O;D;D;M;T;N
Sábado 22/09/2029;D;M;D;T;N;D
Domingo 23/09/2029;D;M;D;T;N;D
Lunes 24/09/2029;M;T;O;N;D;D
Martes 25/09/2029;M;T;O;N;D;D
Miércoles 26/09/2029;T;N;O;D;D;M
Jueves 27/09/2029;T;N;O;D;D;M
Viernes 28/09/2029;N;D;O;D;M;T
Sábado 29/09/2029;N;D;D;D;M;T
Domingo 30/09/2029;D;D;D;M;T;N
Lunes 01/10/2029;D;D;O;M;T;N
Martes 02/10/2029;D;M;O;T;N;D
Miércoles 03/10/2029;D;M;O;T;N;D
Jueves 04/10/2029;M;T;O;N;D;D
Viernes 05/10/2029;M;T;O;N;D;D
Sábado 06/10/2029;T;N;D;D;D;M
Domingo 07/10/2029;T;N;D;D;D;M
Lunes 08/10/2029;N;D;M;D;O;T
Martes 09/10/2029;N;D;M;D;O;T
Miércoles 10/10/2029;D;D;T;M;O;N
Jueves 11/10/2029;D;D;T;M;O;N
Viernes 12/10/2029;D;M;N;T;O;D
Sábado 13/10/2029;D;M;N;T;D;D
Domingo 14/10/2029;M;T;D;N;D;D
Lunes 15/10/2029;M;T;D;N;O;D
Martes 16/10/2029;T;N;D;D;O;M
Miércoles 17/10/2029;T;N;D;D;O;M
Jueves 18/10/2029;N;D;M;D;O;T
Viernes 19/10/2029;N;D;M;D;O;T
Sábado 20/10/2029;D;D;T;M;D;N
Domingo 21/10/2029;D;D;T;M;D;N
Lunes 22/10/2029;D;O;N;T;M;D
Martes 23/10/2029;D;O;N;T;M;D
Miércoles 24/10/2029;M;O;D;N;T;D
Jueves 25/10/2029;M;O;D;N;T;D
Viernes 26/10/2029;T;O;D;D;N;M
Sábado 27/10/2029;T;D;D;D;N;M
Domingo 28/10/2029;N;D;M;D;D;T
Lunes 29/10/2029;N;O;M;D;D;T
Martes 30/10/2029;D;O;T;M;D;N
Miércoles 31/10/2029;D;O;T;M;D;N
Jueves 01/11/2029;D;O;N;T;M;D
Viernes 02/11/2029;D;O;N;T;M;D
Sábado 03/11/2029;M;D;D;N;T;D
Domingo 04/11/2029;M;D;D;N;T;D
Lunes 05/11/2029;T;M;D;D;N;O
Martes 06/11/2029;T;M;D;D;N;O
Miércoles 07/11/2029;N;T;M;D;D;O
Jueves 08/11/2029;N;T;M;D;D;O
Viernes 09/11/2029;D;N;T;M;D;O
Sábado 10/11/2029;D;N;T;M;D;D
Domingo 11/11/2029;D;D;N;T;M;D
Lunes 12/11/2029;D;D;N;T;M;O
Martes 13/11/2029;M;D;D;N;T;O
Miércoles 14/11/2029;M;D;D;N;T;O
Jueves 15/11/2029;T;M;D;D;N;O
Viernes 16/11/2029;T;M;D;D;N;O
Sábado 17/11/2029;N;T;M;D;D;D
Domingo 18/11/2029;N;T;M;D;D;D
Lunes 19/11/2029;D;N;T;O;D;M
Martes 20/11/2029;D;N;T;O;D;M
Miércoles 21/11/2029;D;D;N;O;M;T
Jueves 22/11/2029;D;D;N;O;M;T
Viernes 23/11/2029;M;D;D;O;T;N
Sábado 24/11/2029;M;D;D;D;T;N
Domingo 25/11/2029;T;M;D;D;N;D
Lunes 26/11/2029;T;M;D;O;N;D
Martes 27/11/2029;N;T;M;O;D;D
Miércoles 28/11/2029;N;T;M;O;D;D
Jueves 29/11/2029;D;N;T;O;D;M
Viernes 30/11/2029;D;N;T;O;D;M
Sábado 01/12/2029;D;D;N;D;M;T
Domingo 02/12/2029;D;D;N;D;M;T
Lunes 03/12/2029;O;D;D;M;T;N
Martes 04/12/2029;O;D;D;M;T;N
Miércoles 05/12/2029;O;M;D;T;N;D
Jueves 06/12/2029;O;M;D;T;N;D
Viernes 07/12/2029;O;T;M;N;D;D
Sábado 08/12/2029;D;T;M;N;D;D
Domingo 09/12/2029;D;N;T;D;D;M
Lunes 10/12/2029;O;N;T;D;D;M
Martes 11/12/2029;O;D;N;D;M;T
Miércoles 12/12/2029;O;D;N;D;M;T
Jueves 13/12/2029;O;D;D;M;T;N
Viernes 14/12/2029;O;D;D;M;T;N
Sábado 15/12/2029;D;M;D;T;N;D
Domingo 16/12/2029;D;M;D;T;N;D
Lunes 17/12/2029;M;T;O;N;D;D
Martes 18/12/2029;M;T;O;N;D;D
Miércoles 19/12/2029;T;N;O;D;D;M
Jueves 20/12/2029;T;N;O;D;D;M
Viernes 21/12/2029;N;D;O;D;M;T
Sábado 22/12/2029;N;D;D;D;M;T
Domingo 23/12/2029;D;D;D;M;T;N
Lunes 24/12/2029;D;D;O;M;T;N
Martes 25/12/2029;D;M;O;T;N;D
Miércoles 26/12/2029;D;M;O;T;N;D
Jueves 27/12/2029;M;T;O;N;D;D
Viernes 28/12/2029;M;T;O;N;D;D
Sábado 29/12/2029;T;N;D;D;D;M
Domingo 30/12/2029;T;N;D;D;D;M
Lunes 31/12/2029;N;D;M;D;O;T
Martes 01/01/2030;N;D;M;D;O;T
Miércoles 02/01/2030;D;D;T;M;O;N
Jueves 03/01/2030;D;D;T;M;O;N
Viernes 04/01/2030;D;M;N;T;O;D
Sábado 05/01/2030;D;M;N;T;D;D
Domingo 06/01/2030;M;T;D;N;D;D
Lunes 07/01/2030;M;T;D;N;O;D
Martes 08/01/2030;T;N;D;D;O;M
Miércoles 09/01/2030;T;N;D;D;O;M
Jueves 10/01/2030;N;D;M;D;O;T
Viernes 11/01/2030;N;D;M;D;O;T
Sábado 12/01/2030;D;D;T;M;D;N
Domingo 13/01/2030;D;D;T;M;D;N
Lunes 14/01/2030;D;O;N;T;M;D
Martes 15/01/2030;D;O;N;T;M;D
Miércoles 16/01/2030;M;O;D;N;T;D
Jueves 17/01/2030;M;O;D;N;T;D
Viernes 18/01/2030;T;O;D;D;N;M
Sábado 19/01/2030;T;D;D;D;N;M
Domingo 20/01/2030;N;D;M;D;D;T
Lunes 21/01/2030;N;O;M;D;D;T
Martes 22/01/2030;D;O;T;M;D;N
Miércoles 23/01/2030;D;O;T;M;D;N
Jueves 24/01/2030;D;O;N;T;M;D
Viernes 25/01/2030;D;O;N;T;M;D
Sábado 26/01/2030;M;D;D;N;T;D
Domingo 27/01/2030;M;D;D;N;T;D
Lunes 28/01/2030;T;M;D;D;N;O
Martes 29/01/2030;T;M;D;D;N;O
Miércoles 30/01/2030;N;T;M;D;D;O
Jueves 31/01/2030;N;T;M;D;D;O
Viernes 01/02/2030;D;N;T;M;D;O
Sábado 02/02/2030;D;N;T;M;D;D
Domingo 03/02/2030;D;D;N;T;M;D
Lunes 04/02/2030;D;D;N;T;M;O
Martes 05/02/2030;M;D;D;N;T;O
Miércoles 06/02/2030;M;D;D;N;T;O
Jueves 07/02/2030;T;M;D;D;N;O
Viernes 08/02/2030;T;M;D;D;N;O
Sábado 09/02/2030;N;T;M;D;D;D
Domingo 10/02/2030;N;T;M;D;D;D
Lunes 11/02/2030;D;N;T;O;D;M
Martes 12/02/2030;D;N;T;O;D;M
Miércoles 13/02/2030;D;D;N;O;M;T
Jueves 14/02/2030;D;D;N;O;M;T
Viernes 15/02/2030;M;D;D;O;T;N
Sábado 16/02/2030;M;D;D;D;T;N
Domingo 17/02/2030;T;M;D;D;N;D
Lunes 18/02/2030;T;M;D;O;N;D
Martes 19/02/2030;N;T;M;O;D;D
Miércoles 20/02/2030;N;T;M;O;D;D
Jueves 21/02/2030;D;N;T;O;D;M
Viernes 22/02/2030;D;N;T;O;D;M
Sábado 23/02/2030;D;D;N;D;M;T
Domingo 24/02/2030;D;D;N;D;M;T
Lunes 25/02/2030;O;D;D;M;T;N
Martes 26/02/2030;O;D;D;M;T;N
Miércoles 27/02/2030;O;M;D;T;N;D
Jueves 28/02/2030;O;M;D;T;N;D
Viernes 01/03/2030;O;T;M;N;D;D
Sábado 02/03/2030;D;T;M;N;D;D
Domingo 03/03/2030;D;N;T;D;D;M
Lunes 04/03/2030;O;N;T;D;D;M
Martes 05/03/2030;O;D;N;D;M;T
Miércoles 06/03/2030;O;D;N;D;M;T
Jueves 07/03/2030;O;D;D;M;T;N
Viernes 08/03/2030;O;D;D;M;T;N
Sábado 09/03/2030;D;M;D;T;N;D
Domingo 10/03/2030;D;M;D;T;N;D
Lunes 11/03/2030;M;T;O;N;D;D
Martes 12/03/2030;M;T;O;N;D;D
Miércoles 13/03/2030;T;N;O;D;D;M
Jueves 14/03/2030;T;N;O;D;D;M
Viernes 15/03/2030;N;D;O;D;M;T
Sábado 16/03/2030;N;D;D;D;M;T
Domingo 17/03/2030;D;D;D;M;T;N
Lunes 18/03/2030;D;D;O;M;T;N
Martes 19/03/2030;D;M;O;T;N;D
Miércoles 20/03/2030;D;M;O;T;N;D
Jueves 21/03/2030;M;T;O;N;D;D
Viernes 22/03/2030;M;T;O;N;D;D
Sábado 23/03/2030;T;N;D;D;D;M
Domingo 24/03/2030;T;N;D;D;D;M
Lunes 25/03/2030;N;D;M;D;O;T
Martes 26/03/2030;N;D;M;D;O;T
Miércoles 27/03/2030;D;D;T;M;O;N
Jueves 28/03/2030;D;D;T;M;O;N
Viernes 29/03/2030;D;M;N;T;O;D
Sábado 30/03/2030;D;M;N;T;D;D
Domingo 31/03/2030;M;T;D;N;D;D
Lunes 01/04/2030;M;T;D;N;O;D
Martes 02/04/2030;T;N;D;D;O;M
Miércoles 03/04/2030;T;N;D;D;O;M
Jueves 04/04/2030;N;D;M;D;O;T
Viernes 05/04/2030;N;D;M;D;O;T
Sábado 06/04/2030;D;D;T;M;D;N
Domingo 07/04/2030;D;D;T;M;D;N
Lunes 08/04/2030;D;O;N;T;M;D
Martes 09/04/2030;D;O;N;T;M;D
Miércoles 10/04/2030;M;O;D;N;T;D
Jueves 11/04/2030;M;O;D;N;T;D
Viernes 12/04/2030;T;O;D;D;N;M
Sábado 13/04/2030;T;D;D;D;N;M
Domingo 14/04/2030;N;D;M;D;D;T
Lunes 15/04/2030;N;O;M;D;D;T
Martes 16/04/2030;D;O;T;M;D;N
Miércoles 17/04/2030;D;O;T;M;D;N
Jueves 18/04/2030;D;O;N;T;M;D
Viernes 19/04/2030;D;O;N;T;M;D
Sábado 20/04/2030;M;D;D;N;T;D
Domingo 21/04/2030;M;D;D;N;T;D
Lunes 22/04/2030;T;O;D;D;N;M
Martes 23/04/2030;T;O;D;D;N;M
Miércoles 24/04/2030;N;O;M;D;D;T
Jueves 25/04/2030;N;O;M;D;D;T
Viernes 26/04/2030;D;O;T;M;D;N
Sábado 27/04/2030;D;D;T;M;D;N
Domingo 28/04/2030;D;D;N;T;M;D
Lunes 29/04/2030;D;O;N;T;M;D
Martes 30/04/2030;M;O;D;N;T;D
Miércoles 01/05/2030;M;O;D;N;T;D
Jueves 02/05/2030;T;O;D;D;N;M
Viernes 03/05/2030;T;O;D;D;N;M
Sábado 04/05/2030;N;D;M;D;D;T
Domingo 05/05/2030;N;D;M;D;D;T
Lunes 06/05/2030;D;M;T;O;D;N
Martes 07/05/2030;D;M;T;O;D;N
Miércoles 08/05/2030;D;T;N;O;M;D
Jueves 09/05/2030;D;T;N;O;M;D
Viernes 10/05/2030;M;N;D;O;T;D
Sábado 11/05/2030;M;N;D;D;T;D
Domingo 12/05/2030;T;D;D;D;N;M
Lunes 13/05/2030;T;D;D;O;N;M
Martes 14/05/2030;N;D;M;O;D;T
Miércoles 15/05/2030;N;D;M;O;D;T
Jueves 16/05/2030;D;M;T;O;D;N
Viernes 17/05/2030;D;M;T;O;D;N
Sábado 18/05/2030;D;T;N;D;M;D
Domingo 19/05/2030;D;T;N;D;M;D
Lunes 20/05/2030;M;N;D;O;T;D
Martes 21/05/2030;M;N;D;O;T;D
Miércoles 22/05/2030;T;D;D;O;N;M
Jueves 23/05/2030;T;D;D;O;N;M
Viernes 24/05/2030;N;D;M;O;D;T
Sábado 25/05/2030;N;D;M;D;D;T
Domingo 26/05/2030;D;M;T;D;D;N
Lunes 27/05/2030;D;M;T;O;D;N
Martes 28/05/2030;D;T;N;O;M;D
Miércoles 29/05/2030;D;T;N;O;M;D
Jueves 30/05/2030;M;N;D;O;T;D
Viernes 31/05/2030;M;N;D;O;T;D
Sábado 01/06/2030;T;D;D;D;N;M
Domingo 02/06/2030;T;D;D;D;N;M
Lunes 03/06/2030;N;D;O;M;D;T
Martes 04/06/2030;N;D;O;M;D;T
Miércoles 05/06/2030;D;M;O;T;D;N
Jueves 06/06/2030;D;M;O;T;D;N
Viernes 07/06/2030;D;T;O;N;M;D
Sábado 08/06/2030;D;T;D;N;M;D
Domingo 09/06/2030;M;N;D;D;T;D
Lunes 10/06/2030;M;N;O;D;T;D
Martes 11/06/2030;T;D;O;D;N;M
Miércoles 12/06/2030;T;D;O;D;N;M
Jueves 13/06/2030;N;D;O;M;D;T
Viernes 14/06/2030;N;D;O;M;D;T
Sábado 15/06/2030;D;M;D;T;D;N
Domingo 16/06/2030;D;M;D;T;D;N
Lunes 17/06/2030;D;T;O;N;M;D
Martes 18/06/2030;D;T;O;N;M;D
Miércoles 19/06/2030;M;N;O;D;T;D
Jueves 20/06/2030;M;N;O;D;T;D
Viernes 21/06/2030;T;D;O;D;N;M
Sábado 22/06/2030;T;D;D;D;N;M
Domingo 23/06/2030;N;D;D;M;D;T
Lunes 24/06/2030;N;D;O;M;D;T
Martes 25/06/2030;D;M;O;T;D;N
Miércoles 26/06/2030;D;M;O;T;D;N
Jueves 27/06/2030;D;T;O;N;M;D
Viernes 28/06/2030;D;T;O;N;M;D
Sábado 29/06/2030;M;N;D;D;T;D
Domingo 30/06/2030;M;N;D;D;T;D
Lunes 01/07/2030;T;D;M;D;N;O
Martes 02/07/2030;T;D;M;D;N;O
Miércoles 03/07/2030;N;D;T;M;D;O
Jueves 04/07/2030;N;D;T;M;D;O
Viernes 05/07/2030;D;M;N;T;D;O
Sábado 06/07/2030;D;M;N;T;D;D
Domingo 07/07/2030;D;T;D;N;M;D
Lunes 08/07/2030;D;T;D;N;M;O
Martes 09/07/2030;M;N;D;D;T;O
Miércoles 10/07/2030;M;N;D;D;T;O
Jueves 11/07/2030;T;D;M;D;N;O
Viernes 12/07/2030;T;D;M;D;N;O
Sábado 13/07/2030;N;D;T;M;D;D
Domingo 14/07/2030;N;D;T;M;D;D
Lunes 15/07/2030;D;M;N;T;D;O
Martes 16/07/2030;D;M;N;T;D;O
Miércoles 17/07/2030;D;T;D;N;M;O
Jueves 18/07/2030;D;T;D;N;M;O
Viernes 19/07/2030;M;N;D;D;T;O
Sábado 20/07/2030;M;N;D;D;T;D
Domingo 21/07/2030;T;D;M;D;N;D
Lunes 22/07/2030;T;D;M;D;N;O
Martes 23/07/2030;N;D;T;M;D;O
Miércoles 24/07/2030;N;D;T;M;D;O
Jueves 25/07/2030;D;M;N;T;D;O
Viernes 26/07/2030;D;M;N;T;D;O
Sábado 27/07/2030;D;T;D;N;M;D
Domingo 28/07/2030;D;T;D;N;M;D
Lunes 29/07/2030;O;N;D;D;T;M
Martes 30/07/2030;O;N;D;D;T;M
Miércoles 31/07/2030;O;D;M;D;N;T
Jueves 01/08/2030;O;D;M;D;N;T
Viernes 02/08/2030;O;D;T;M;D;N
Sábado 03/08/2030;D;D;T;M;D;N
Domingo 04/08/2030;D;M;N;T;D;D
Lunes 05/08/2030;O;M;N;T;D;D
Martes 06/08/2030;O;T;D;N;M;D
Miércoles 07/08/2030;O;T;D;N;M;D
Jueves 08/08/2030;O;N;D;D;T;M
Viernes 09/08/2030;O;N;D;D;T;M
Sábado 10/08/2030;D;D;M;D;N;T
Domingo 11/08/2030;D;D;M;D;N;T
Lunes 12/08/2030;O;D;T;M;D;N
Martes 13/08/2030;O;D;T;M;D;N
Miércoles 14/08/2030;O;M;N;T;D;D
Jueves 15/08/2030;O;M;N;T;D;D
Viernes 16/08/2030;O;T;D;N;M;D
Sábado 17/08/2030;D;T;D;N;M;D
Domingo 18/08/2030;D;N;D;D;T;M
Lunes 19/08/2030;O;N;D;D;T;M
Martes 20/08/2030;O;D;M;D;N;T
Miércoles 21/08/2030;O;D;M;D;N;T
Jueves 22/08/2030;O;D;T;M;D;N
Viernes 23/08/2030;O;D;T;M;D;N
Sábado 24/08/2030;D;M;N;T;D;D
Domingo 25/08/2030;D;M;N;T;D;D
Lunes 26/08/2030;M;T;D;N;O;D
Martes 27/08/2030;M;T;D;N;O;D
Miércoles 28/08/2030;T;N;D;D;O;M
Jueves 29/08/2030;T;N;D;D;O;M
Viernes 30/08/2030;N;D;M;D;O;T
Sábado 31/08/2030;N;D;M;D;D;T
Domingo 01/09/2030;D;D;T;M;D;N
Lunes 02/09/2030;D;D;T;M;O;N
Martes 03/09/2030;D;M;N;T;O;D
Miércoles 04/09/2030;D;M;N;T;O;D
Jueves 05/09/2030;M;T;D;N;O;D
Viernes 06/09/2030;M;T;D;N;O;D
Sábado 07/09/2030;T;N;D;D;D;M
Domingo 08/09/2030;T;N;D;D;D;M
Lunes 09/09/2030;N;D;M;D;O;T
Martes 10/09/2030;N;D;M;D;O;T
Miércoles 11/09/2030;D;D;T;M;O;N
Jueves 12/09/2030;D;D;T;M;O;N
Viernes 13/09/2030;D;M;N;T;O;D
Sábado 14/09/2030;D;M;N;T;D;D
Domingo 15/09/2030;M;T;D;N;D;D
Lunes 16/09/2030;M;T;D;N;O;D
Martes 17/09/2030;T;N;D;D;O;M
Miércoles 18/09/2030;T;N;D;D;O;M
Jueves 19/09/2030;N;D;M;D;O;T
Viernes 20/09/2030;N;D;M;D;O;T
Sábado 21/09/2030;D;D;T;M;D;N
Domingo 22/09/2030;D;D;T;M;D;N
Lunes 23/09/2030;D;O;N;T;M;D
Martes 24/09/2030;D;O;N;T;M;D
Miércoles 25/09/2030;M;O;D;N;T;D
Jueves 26/09/2030;M;O;D;N;T;D
Viernes 27/09/2030;T;O;D;D;N;M
Sábado 28/09/2030;T;D;D;D;N;M
Domingo 29/09/2030;N;D;M;D;D;T
Lunes 30/09/2030;N;O;M;D;D;T
Martes 01/10/2030;D;O;T;M;D;N
Miércoles 02/10/2030;D;O;T;M;D;N
Jueves 03/10/2030;D;O;N;T;M;D
Viernes 04/10/2030;D;O;N;T;M;D
Sábado 05/10/2030;M;D;D;N;T;D
Domingo 06/10/2030;M;D;D;N;T;D
Lunes 07/10/2030;T;M;D;D;N;O
Martes 08/10/2030;T;M;D;D;N;O
Miércoles 09/10/2030;N;T;M;D;D;O
Jueves 10/10/2030;N;T;M;D;D;O
Viernes 11/10/2030;D;N;T;M;D;O
Sábado 12/10/2030;D;N;T;M;D;D
Domingo 13/10/2030;D;D;N;T;M;D
Lunes 14/10/2030;D;D;N;T;M;O
Martes 15/10/2030;M;D;D;N;T;O
Miércoles 16/10/2030;M;D;D;N;T;O
Jueves 17/10/2030;T;M;D;D;N;O
Viernes 18/10/2030;T;M;D;D;N;O
Sábado 19/10/2030;N;T;M;D;D;D
Domingo 20/10/2030;N;T;M;D;D;D
Lunes 21/10/2030;D;N;T;O;D;M
Martes 22/10/2030;D;N;T;O;D;M
Miércoles 23/10/2030;D;D;N;O;M;T
Jueves 24/10/2030;D;D;N;O;M;T
Viernes 25/10/2030;M;D;D;O;T;N
Sábado 26/10/2030;M;D;D;D;T;N
Domingo 27/10/2030;T;M;D;D;N;D
Lunes 28/10/2030;T;M;D;O;N;D
Martes 29/10/2030;N;T;M;O;D;D
Miércoles 30/10/2030;N;T;M;O;D;D
Jueves 31/10/2030;D;N;T;O;D;M
Viernes 01/11/2030;D;N;T;O;D;M
Sábado 02/11/2030;D;D;N;D;M;T
Domingo 03/11/2030;D;D;N;D;M;T
Lunes 04/11/2030;O;D;D;M;T;N
Martes 05/11/2030;O;D;D;M;T;N
Miércoles 06/11/2030;O;M;D;T;N;D
Jueves 07/11/2030;O;M;D;T;N;D
Viernes 08/11/2030;O;T;M;N;D;D
Sábado 09/11/2030;D;T;M;N;D;D
Domingo 10/11/2030;D;N;T;D;D;M
Lunes 11/11/2030;O;N;T;D;D;M
Martes 12/11/2030;O;D;N;D;M;T
Miércoles 13/11/2030;O;D;N;D;M;T
Jueves 14/11/2030;O;D;D;M;T;N
Viernes 15/11/2030;O;D;D;M;T;N
Sábado 16/11/2030;D;M;D;T;N;D
Domingo 17/11/2030;D;M;D;T;N;D
Lunes 18/11/2030;M;T;O;N;D;D
Martes 19/11/2030;M;T;O;N;D;D
Miércoles 20/11/2030;T;N;O;D;D;M
Jueves 21/11/2030;T;N;O;D;D;M
Viernes 22/11/2030;N;D;O;D;M;T
Sábado 23/11/2030;N;D;D;D;M;T
Domingo 24/11/2030;D;D;D;M;T;N
Lunes 25/11/2030;D;D;O;M;T;N
Martes 26/11/2030;D;M;O;T;N;D
Miércoles 27/11/2030;D;M;O;T;N;D
Jueves 28/11/2030;M;T;O;N;D;D
Viernes 29/11/2030;M;T;O;N;D;D
Sábado 30/11/2030;T;N;D;D;D;M
Domingo 01/12/2030;T;N;D;D;D;M
Lunes 02/12/2030;N;D;M;D;O;T
Martes 03/12/2030;N;D;M;D;O;T
Miércoles 04/12/2030;D;D;T;M;O;N
Jueves 05/12/2030;D;D;T;M;O;N
Viernes 06/12/2030;D;M;N;T;O;D
Sábado 07/12/2030;D;M;N;T;D;D
Domingo 08/12/2030;M;T;D;N;D;D
Lunes 09/12/2030;M;T;D;N;O;D
Martes 10/12/2030;T;N;D;D;O;M
Miércoles 11/12/2030;T;N;D;D;O;M
Jueves 12/12/2030;N;D;M;D;O;T
Viernes 13/12/2030;N;D;M;D;O;T
Sábado 14/12/2030;D;D;T;M;D;N
Domingo 15/12/2030;D;D;T;M;D;N
Lunes 16/12/2030;D;O;N;T;M;D
Martes 17/12/2030;D;O;N;T;M;D
Miércoles 18/12/2030;M;O;D;N;T;D
Jueves 19/12/2030;M;O;D;N;T;D
Viernes 20/12/2030;T;O;D;D;N;M
Sábado 21/12/2030;T;D;D;D;N;M
Domingo 22/12/2030;N;D;M;D;D;T
Lunes 23/12/2030;N;O;M;D;D;T
Martes 24/12/2030;D;O;T;M;D;N
Miércoles 25/12/2030;D;O;T;M;D;N
Jueves 26/12/2030;D;O;N;T;M;D
Viernes 27/12/2030;D;O;N;T;M;D
Sábado 28/12/2030;M;D;D;N;T;D
Domingo 29/12/2030;M;D;D;N;T;D
Lunes 30/12/2030;T;M;D;D;N;O
Martes 31/12/2030;T;M;D;D;N;O
Miércoles 01/01/2031;N;T;M;D;D;O
Jueves 02/01/2031;N;T;M;D;D;O
Viernes 03/01/2031;D;N;T;M;D;O
Sábado 04/01/2031;D;N;T;M;D;D
Domingo 05/01/2031;D;D;N;T;M;D
Lunes 06/01/2031;D;D;N;T;M;O
Martes 07/01/2031;M;D;D;N;T;O
Miércoles 08/01/2031;M;D;D;N;T;O
Jueves 09/01/2031;T;M;D;D;N;O
Viernes 10/01/2031;T;M;D;D;N;O
Sábado 11/01/2031;N;T;M;D;D;D
Domingo 12/01/2031;N;T;M;D;D;D
Lunes 13/01/2031;D;N;T;O;D;M
Martes 14/01/2031;D;N;T;O;D;M
Miércoles 15/01/2031;D;D;N;O;M;T
Jueves 16/01/2031;D;D;N;O;M;T
Viernes 17/01/2031;M;D;D;O;T;N
Sábado 18/01/2031;M;D;D;D;T;N
Domingo 19/01/2031;T;M;D;D;N;D
Lunes 20/01/2031;T;M;D;O;N;D
Martes 21/01/2031;N;T;M;O;D;D
Miércoles 22/01/2031;N;T;M;O;D;D
Jueves 23/01/2031;D;N;T;O;D;M
Viernes 24/01/2031;D;N;T;O;D;M
Sábado 25/01/2031;D;D;N;D;M;T
Domingo 26/01/2031;D;D;N;D;M;T
Lunes 27/01/2031;O;D;D;M;T;N
Martes 28/01/2031;O;D;D;M;T;N
Miércoles 29/01/2031;O;M;D;T;N;D
Jueves 30/01/2031;O;M;D;T;N;D
Viernes 31/01/2031;O;T;M;N;D;D
Sábado 01/02/2031;D;T;M;N;D;D
Domingo 02/02/2031;D;N;T;D;D;M
Lunes 03/02/2031;O;N;T;D;D;M
Martes 04/02/2031;O;D;N;D;M;T
Miércoles 05/02/2031;O;D;N;D;M;T
Jueves 06/02/2031;O;D;D;M;T;N
Viernes 07/02/2031;O;D;D;M;T;N
Sábado 08/02/2031;D;M;D;T;N;D
Domingo 09/02/2031;D;M;D;T;N;D
Lunes 10/02/2031;M;T;O;N;D;D
Martes 11/02/2031;M;T;O;N;D;D
Miércoles 12/02/2031;T;N;O;D;D;M
Jueves 13/02/2031;T;N;O;D;D;M
Viernes 14/02/2031;N;D;O;D;M;T
Sábado 15/02/2031;N;D;D;D;M;T
Domingo 16/02/2031;D;D;D;M;T;N
Lunes 17/02/2031;D;D;O;M;T;N
Martes 18/02/2031;D;M;O;T;N;D
Miércoles 19/02/2031;D;M;O;T;N;D
Jueves 20/02/2031;M;T;O;N;D;D
Viernes 21/02/2031;M;T;O;N;D;D
Sábado 22/02/2031;T;N;D;D;D;M
Domingo 23/02/2031;T;N;D;D;D;M
Lunes 24/02/2031;N;D;M;D;O;T
Martes 25/02/2031;N;D;M;D;O;T
Miércoles 26/02/2031;D;D;T;M;O;N
Jueves 27/02/2031;D;D;T;M;O;N
Viernes 28/02/2031;D;M;N;T;O;D
Sábado 01/03/2031;D;M;N;T;D;D
Domingo 02/03/2031;M;T;D;N;D;D
Lunes 03/03/2031;M;T;D;N;O;D
Martes 04/03/2031;T;N;D;D;O;M
Miércoles 05/03/2031;T;N;D;D;O;M
Jueves 06/03/2031;N;D;M;D;O;T
Viernes 07/03/2031;N;D;M;D;O;T
Sábado 08/03/2031;D;D;T;M;D;N
Domingo 09/03/2031;D;D;T;M;D;N
Lunes 10/03/2031;D;O;N;T;M;D
Martes 11/03/2031;D;O;N;T;M;D
Miércoles 12/03/2031;M;O;D;N;T;D
Jueves 13/03/2031;M;O;D;N;T;D
Viernes 14/03/2031;T;O;D;D;N;M
Sábado 15/03/2031;T;D;D;D;N;M
Domingo 16/03/2031;N;D;M;D;D;T
Lunes 17/03/2031;N;O;M;D;D;T
Martes 18/03/2031;D;O;T;M;D;N
Miércoles 19/03/2031;D;O;T;M;D;N
Jueves 20/03/2031;D;O;N;T;M;D
Viernes 21/03/2031;D;O;N;T;M;D
Sábado 22/03/2031;M;D;D;N;T;D
Domingo 23/03/2031;M;D;D;N;T;D
Lunes 24/03/2031;T;M;D;D;N;O
Martes 25/03/2031;T;M;D;D;N;O
Miércoles 26/03/2031;N;T;M;D;D;O
Jueves 27/03/2031;N;T;M;D;D;O
Viernes 28/03/2031;D;N;T;M;D;O
Sábado 29/03/2031;D;N;T;M;D;D
Domingo 30/03/2031;D;D;N;T;M;D
Lunes 31/03/2031;D;D;N;T;M;O
Martes 01/04/2031;M;D;D;N;T;O
Miércoles 02/04/2031;M;D;D;N;T;O
Jueves 03/04/2031;T;M;D;D;N;O
Viernes 04/04/2031;T;M;D;D;N;O
Sábado 05/04/2031;N;T;M;D;D;D
Domingo 06/04/2031;N;T;M;D;D;D
Lunes 07/04/2031;D;N;T;O;D;M
Martes 08/04/2031;D;N;T;O;D;M
Miércoles 09/04/2031;D;D;N;O;M;T
Jueves 10/04/2031;D;D;N;O;M;T
Viernes 11/04/2031;M;D;D;O;T;N
Sábado 12/04/2031;M;D;D;D;T;N
Domingo 13/04/2031;T;M;D;D;N;D
Lunes 14/04/2031;T;M;D;O;N;D
Martes 15/04/2031;N;T;M;O;D;D
Miércoles 16/04/2031;N;T;M;O;D;D
Jueves 17/04/2031;D;N;T;O;D;M
Viernes 18/04/2031;D;N;T;O;D;M
Sábado 19/04/2031;D;D;N;D;M;T
Domingo 20/04/2031;D;D;N;D;M;T
Lunes 21/04/2031;M;D;D;O;T;N
Martes 22/04/2031;M;D;D;O;T;N
Miércoles 23/04/2031;T;M;D;O;N;D
Jueves 24/04/2031;T;M;D;O;N;D
Viernes 25/04/2031;N;T;M;O;D;D
Sábado 26/04/2031;N;T;M;D;D;D
Domingo 27/04/2031;D;N;T;D;D;M
Lunes 28/04/2031;D;N;T;O;D;M
Martes 29/04/2031;D;D;N;O;M;T
Miércoles 30/04/2031;D;D;N;O;M;T
Jueves 01/05/2031;M;D;D;O;T;N
Viernes 02/05/2031;M;D;D;O;T;N
Sábado 03/05/2031;T;M;D;D;N;D
Domingo 04/05/2031;T;M;D;D;N;D
Lunes 05/05/2031;N;T;O;M;D;D
Martes 06/05/2031;N;T;O;M;D;D
Miércoles 07/05/2031;D;N;O;T;D;M
Jueves 08/05/2031;D;N;O;T;D;M
Viernes 09/05/2031;D;D;O;N;M;T
Sábado 10/05/2031;D;D;D;N;M;T
Domingo 11/05/2031;M;D;D;D;T;N
Lunes 12/05/2031;M;D;O;D;T;N
Martes 13/05/2031;T;M;O;D;N;D
Miércoles 14/05/2031;T;M;O;D;N;D
Jueves 15/05/2031;N;T;O;M;D;D
Viernes 16/05/2031;N;T;O;M;D;D
Sábado 17/05/2031;D;N;D;T;D;M
Domingo 18/05/2031;D;N;D;T;D;M
Lunes 19/05/2031;D;D;O;N;M;T
Martes 20/05/2031;D;D;O;N;M;T
Miércoles 21/05/2031;M;D;O;D;T;N
Jueves 22/05/2031;M;D;O;D;T;N
Viernes 23/05/2031;T;M;O;D;N;D
Sábado 24/05/2031;T;M;D;D;N;D
Domingo 25/05/2031;N;T;D;M;D;D
Lunes 26/05/2031;N;T;O;M;D;D
Martes 27/05/2031;D;N;O;T;D;M
Miércoles 28/05/2031;D;N;O;T;D;M
Jueves 29/05/2031;D;D;O;N;M;T
Viernes 30/05/2031;D;D;O;N;M;T
Sábado 31/05/2031;M;D;D;D;T;N
Domingo 01/06/2031;M;D;D;D;T;N
Lunes 02/06/2031;T;O;M;D;N;D
Martes 03/06/2031;T;O;M;D;N;D
Miércoles 04/06/2031;N;O;T;M;D;D
Jueves 05/06/2031;N;O;T;M;D;D
Viernes 06/06/2031;D;O;N;T;D;M
Sábado 07/06/2031;D;D;N;T;D;M
Domingo 08/06/2031;D;D;D;N;M;T
Lunes 09/06/2031;D;O;D;N;M;T
Martes 10/06/2031;M;O;D;D;T;N
Miércoles 11/06/2031;M;O;D;D;T;N
Jueves 12/06/2031;T;O;M;D;N;D
Viernes 13/06/2031;T;O;M;D;N;D
Sábado 14/06/2031;N;D;T;M;D;D
Domingo 15/06/2031;N;D;T;M;D;D
Lunes 16/06/2031;D;O;N;T;D;M
Martes 17/06/2031;D;O;N;T;D;M
Miércoles 18/06/2031;D;O;D;N;M;T
Jueves 19/06/2031;D;O;D;N;M;T
Viernes 20/06/2031;M;O;D;D;T;N
Sábado 21/06/2031;M;D;D;D;T;N
Domingo 22/06/2031;T;D;M;D;N;D
Lunes 23/06/2031;T;O;M;D;N;D
Martes 24/06/2031;N;O;T;M;D;D
Miércoles 25/06/2031;N;O;T;M;D;D
Jueves 26/06/2031;D;O;N;T;D;M
Viernes 27/06/2031;D;O;N;T;D;M
Sábado 28/06/2031;D;D;D;N;M;T
Domingo 29/06/2031;D;D;D;N;M;T
Lunes 30/06/2031;O;M;D;D;T;N
Martes 01/07/2031;O;M;D;D;T;N
Miércoles 02/07/2031;O;T;M;D;N;D
Jueves 03/07/2031;O;T;M;D;N;D
Viernes 04/07/2031;O;N;T;M;D;D
Sábado 05/07/2031;D;N;T;M;D;D
Domingo 06/07/2031;D;D;N;T;D;M
Lunes 07/07/2031;O;D;N;T;D;M
Martes 08/07/2031;O;D;D;N;M;T
Miércoles 09/07/2031;O;D;D;N;M;T
Jueves 10/07/2031;O;M;D;D;T;N
Viernes 11/07/2031;O;M;D;D;T;N
Sábado 12/07/2031;D;T;M;D;N;D
Domingo 13/07/2031;D;T;M;D;N;D
Lunes 14/07/2031;O;N;T;M;D;D
Martes 15/07/2031;O;N;T;M;D;D
Miércoles 16/07/2031;O;D;N;T;D;M
Jueves 17/07/2031;O;D;N;T;D;M
Viernes 18/07/2031;O;D;D;N;M;T
Sábado 19/07/2031;D;D;D;N;M;T
Domingo 20/07/2031;D;M;D;D;T;N
Lunes 21/07/2031;O;M;D;D;T;N
Martes 22/07/2031;O;T;M;D;N;D
Miércoles 23/07/2031;O;T;M;D;N;D
Jueves 24/07/2031;O;N;T;M;D;D
Viernes 25/07/2031;O;N;T;M;D;D
Sábado 26/07/2031;D;D;N;T;D;M
Domingo 27/07/2031;D;D;N;T;D;M
Lunes 28/07/2031;M;D;D;N;O;T
Martes 29/07/2031;M;D;D;N;O;T
Miércoles 30/07/2031;T;M;D;D;O;N
Jueves 31/07/2031;T;M;D;D;O;N
Viernes 01/08/2031;N;T;M;D;O;D
Sábado 02/08/2031;N;T;M;D;D;D
Domingo 03/08/2031;D;N;T;M;D;D
Lunes 04/08/2031;D;N;T;M;O;D
Martes 05/08/2031;D;D;N;T;O;M
Miércoles 06/08/2031;D;D;N;T;O;M
Jueves 07/08/2031;M;D;D;N;O;T
Viernes 08/08/2031;M;D;D;N;O;T
Sábado 09/08/2031;T;M;D;D;D;N
Domingo 10/08/2031;T;M;D;D;D;N
Lunes 11/08/2031;N;T;M;D;O;D
Martes 12/08/2031;N;T;M;D;O;D
Miércoles 13/08/2031;D;N;T;M;O;D
Jueves 14/08/2031;D;N;T;M;O;D
Viernes 15/08/2031;D;D;N;T;O;M
Sábado 16/08/2031;D;D;N;T;D;M
Domingo 17/08/2031;M;D;D;N;D;T
Lunes 18/08/2031;M;D;D;N;O;T
Martes 19/08/2031;T;M;D;D;O;N
Miércoles 20/08/2031;T;M;D;D;O;N
Jueves 21/08/2031;N;T;M;D;O;D
Viernes 22/08/2031;N;T;M;D;O;D
Sábado 23/08/2031;D;N;T;M;D;D
Domingo 24/08/2031;D;N;T;M;D;D
Lunes 25/08/2031;D;D;N;T;M;O
Martes 26/08/2031;D;D;N;T;M;O
Miércoles 27/08/2031;M;D;D;N;T;O
Jueves 28/08/2031;M;D;D;N;T;O
Viernes 29/08/2031;T;M;D;D;N;O
Sábado 30/08/2031;T;M;D;D;N;D
Domingo 31/08/2031;N;T;M;D;D;D
Lunes 01/09/2031;N;T;M;D;D;O
Martes 02/09/2031;D;N;T;M;D;O
Miércoles 03/09/2031;D;N;T;M;D;O
Jueves 04/09/2031;D;D;N;T;M;O
Viernes 05/09/2031;D;D;N;T;M;O
Sábado 06/09/2031;M;D;D;N;T;D
Domingo 07/09/2031;M;D;D;N;T;D
Lunes 08/09/2031;T;M;D;D;N;O
Martes 09/09/2031;T;M;D;D;N;O
Miércoles 10/09/2031;N;T;M;D;D;O
Jueves 11/09/2031;N;T;M;D;D;O
Viernes 12/09/2031;D;N;T;M;D;O
Sábado 13/09/2031;D;N;T;M;D;D
Domingo 14/09/2031;D;D;N;T;M;D
Lunes 15/09/2031;D;D;N;T;M;O
Martes 16/09/2031;M;D;D;N;T;O
Miércoles 17/09/2031;M;D;D;N;T;O
Jueves 18/09/2031;T;M;D;D;N;O
Viernes 19/09/2031;T;M;D;D;N;O
Sábado 20/09/2031;N;T;M;D;D;D
Domingo 21/09/2031;N;T;M;D;D;D
Lunes 22/09/2031;D;N;T;O;D;M
Martes 23/09/2031;D;N;T;O;D;M
Miércoles 24/09/2031;D;D;N;O;M;T
Jueves 25/09/2031;D;D;N;O;M;T
Viernes 26/09/2031;M;D;D;O;T;N
Sábado 27/09/2031;M;D;D;D;T;N
Domingo 28/09/2031;T;M;D;D;N;D
Lunes 29/09/2031;T;M;D;O;N;D
Martes 30/09/2031;N;T;M;O;D;D
Miércoles 01/10/2031;N;T;M;O;D;D
Jueves 02/10/2031;D;N;T;O;D;M
Viernes 03/10/2031;D;N;T;O;D;M
Sábado 04/10/2031;D;D;N;D;M;T
Domingo 05/10/2031;D;D;N;D;M;T
Lunes 06/10/2031;O;D;D;M;T;N
Martes 07/10/2031;O;D;D;M;T;N
Miércoles 08/10/2031;O;M;D;T;N;D
Jueves 09/10/2031;O;M;D;T;N;D
Viernes 10/10/2031;O;T;M;N;D;D
Sábado 11/10/2031;D;T;M;N;D;D
Domingo 12/10/2031;D;N;T;D;D;M
Lunes 13/10/2031;O;N;T;D;D;M
Martes 14/10/2031;O;D;N;D;M;T
Miércoles 15/10/2031;O;D;N;D;M;T
Jueves 16/10/2031;O;D;D;M;T;N
Viernes 17/10/2031;O;D;D;M;T;N
Sábado 18/10/2031;D;M;D;T;N;D
Domingo 19/10/2031;D;M;D;T;N;D
Lunes 20/10/2031;M;T;O;N;D;D
Martes 21/10/2031;M;T;O;N;D;D
Miércoles 22/10/2031;T;N;O;D;D;M
Jueves 23/10/2031;T;N;O;D;D;M
Viernes 24/10/2031;N;D;O;D;M;T
Sábado 25/10/2031;N;D;D;D;M;T
Domingo 26/10/2031;D;D;D;M;T;N
Lunes 27/10/2031;D;D;O;M;T;N
Martes 28/10/2031;D;M;O;T;N;D
Miércoles 29/10/2031;D;M;O;T;N;D
Jueves 30/10/2031;M;T;O;N;D;D
Viernes 31/10/2031;M;T;O;N;D;D
Sábado 01/11/2031;T;N;D;D;D;M
Domingo 02/11/2031;T;N;D;D;D;M
Lunes 03/11/2031;N;D;M;D;O;T
Martes 04/11/2031;N;D;M;D;O;T
Miércoles 05/11/2031;D;D;T;M;O;N
Jueves 06/11/2031;D;D;T;M;O;N
Viernes 07/11/2031;D;M;N;T;O;D
Sábado 08/11/2031;D;M;N;T;D;D
Domingo 09/11/2031;M;T;D;N;D;D
Lunes 10/11/2031;M;T;D;N;O;D
Martes 11/11/2031;T;N;D;D;O;M
Miércoles 12/11/2031;T;N;D;D;O;M
Jueves 13/11/2031;N;D;M;D;O;T
Viernes 14/11/2031;N;D;M;D;O;T
Sábado 15/11/2031;D;D;T;M;D;N
Domingo 16/11/2031;D;D;T;M;D;N
Lunes 17/11/2031;D;O;N;T;M;D
Martes 18/11/2031;D;O;N;T;M;D
Miércoles 19/11/2031;M;O;D;N;T;D
Jueves 20/11/2031;M;O;D;N;T;D
Viernes 21/11/2031;T;O;D;D;N;M
Sábado 22/11/2031;T;D;D;D;N;M
Domingo 23/11/2031;N;D;M;D;D;T
Lunes 24/11/2031;N;O;M;D;D;T
Martes 25/11/2031;D;O;T;M;D;N
Miércoles 26/11/2031;D;O;T;M;D;N
Jueves 27/11/2031;D;O;N;T;M;D
Viernes 28/11/2031;D;O;N;T;M;D
Sábado 29/11/2031;M;D;D;N;T;D
Domingo 30/11/2031;M;D;D;N;T;D
Lunes 01/12/2031;T;M;D;D;N;O
Martes 02/12/2031;T;M;D;D;N;O
Miércoles 03/12/2031;N;T;M;D;D;O
Jueves 04/12/2031;N;T;M;D;D;O
Viernes 05/12/2031;D;N;T;M;D;O
Sábado 06/12/2031;D;N;T;M;D;D
Domingo 07/12/2031;D;D;N;T;M;D
Lunes 08/12/2031;D;D;N;T;M;O
Martes 09/12/2031;M;D;D;N;T;O
Miércoles 10/12/2031;M;D;D;N;T;O
Jueves 11/12/2031;T;M;D;D;N;O
Viernes 12/12/2031;T;M;D;D;N;O
Sábado 13/12/2031;N;T;M;D;D;D
Domingo 14/12/2031;N;T;M;D;D;D
Lunes 15/12/2031;D;N;T;O;D;M
Martes 16/12/2031;D;N;T;O;D;M
Miércoles 17/12/2031;D;D;N;O;M;T
Jueves 18/12/2031;D;D;N;O;M;T
Viernes 19/12/2031;M;D;D;O;T;N
Sábado 20/12/2031;M;D;D;D;T;N
Domingo 21/12/2031;T;M;D;D;N;D
Lunes 22/12/2031;T;M;D;O;N;D
Martes 23/12/2031;N;T;M;O;D;D
Miércoles 24/12/2031;N;T;M;O;D;D
Jueves 25/12/2031;D;N;T;O;D;M
Viernes 26/12/2031;D;N;T;O;D;M
Sábado 27/12/2031;D;D;N;D;M;T
Domingo 28/12/2031;D;D;N;D;M;T
Lunes 29/12/2031;O;D;D;M;T;N
Martes 30/12/2031;O;D;D;M;T;N
Miércoles 31/12/2031;O;M;D;T;N;D
Jueves 01/01/2032;O;M;D;T;N;D
Viernes 02/01/2032;O;T;M;N;D;D
Sábado 03/01/2032;D;T;M;N;D;D
Domingo 04/01/2032;D;N;T;D;D;M
Lunes 05/01/2032;O;N;T;D;D;M
Martes 06/01/2032;O;D;N;D;M;T
Miércoles 07/01/2032;O;D;N;D;M;T
Jueves 08/01/2032;O;D;D;M;T;N
Viernes 09/01/2032;O;D;D;M;T;N
Sábado 10/01/2032;D;M;D;T;N;D
Domingo 11/01/2032;D;M;D;T;N;D
Lunes 12/01/2032;M;T;O;N;D;D
Martes 13/01/2032;M;T;O;N;D;D
Miércoles 14/01/2032;T;N;O;D;D;M
Jueves 15/01/2032;T;N;O;D;D;M
Viernes 16/01/2032;N;D;O;D;M;T
Sábado 17/01/2032;N;D;D;D;M;T
Domingo 18/01/2032;D;D;D;M;T;N
Lunes 19/01/2032;D;D;O;M;T;N
Martes 20/01/2032;D;M;O;T;N;D
Miércoles 21/01/2032;D;M;O;T;N;D
Jueves 22/01/2032;M;T;O;N;D;D
Viernes 23/01/2032;M;T;O;N;D;D
Sábado 24/01/2032;T;N;D;D;D;M
Domingo 25/01/2032;T;N;D;D;D;M
Lunes 26/01/2032;N;D;M;D;O;T
Martes 27/01/2032;N;D;M;D;O;T
Miércoles 28/01/2032;D;D;T;M;O;N
Jueves 29/01/2032;D;D;T;M;O;N
Viernes 30/01/2032;D;M;N;T;O;D
Sábado 31/01/2032;D;M;N;T;D;D
Domingo 01/02/2032;M;T;D;N;D;D
Lunes 02/02/2032;M;T;D;N;O;D
Martes 03/02/2032;T;N;D;D;O;M
Miércoles 04/02/2032;T;N;D;D;O;M
Jueves 05/02/2032;N;D;M;D;O;T
Viernes 06/02/2032;N;D;M;D;O;T
Sábado 07/02/2032;D;D;T;M;D;N
Domingo 08/02/2032;D;D;T;M;D;N
Lunes 09/02/2032;D;O;N;T;M;D
Martes 10/02/2032;D;O;N;T;M;D
Miércoles 11/02/2032;M;O;D;N;T;D
Jueves 12/02/2032;M;O;D;N;T;D
Viernes 13/02/2032;T;O;D;D;N;M
Sábado 14/02/2032;T;D;D;D;N;M
Domingo 15/02/2032;N;D;M;D;D;T
Lunes 16/02/2032;N;O;M;D;D;T
Martes 17/02/2032;D;O;T;M;D;N
Miércoles 18/02/2032;D;O;T;M;D;N
Jueves 19/02/2032;D;O;N;T;M;D
Viernes 20/02/2032;D;O;N;T;M;D
Sábado 21/02/2032;M;D;D;N;T;D
Domingo 22/02/2032;M;D;D;N;T;D
Lunes 23/02/2032;T;M;D;D;N;O
Martes 24/02/2032;T;M;D;D;N;O
Miércoles 25/02/2032;N;T;M;D;D;O
Jueves 26/02/2032;N;T;M;D;D;O
Viernes 27/02/2032;D;N;T;M;D;O
Sábado 28/02/2032;D;N;T;M;D;D
Domingo 29/02/2032;D;D;N;T;M;D
Lunes 01/03/2032;D;D;N;T;M;O
Martes 02/03/2032;M;D;D;N;T;O
Miércoles 03/03/2032;M;D;D;N;T;O
Jueves 04/03/2032;T;M;D;D;N;O
Viernes 05/03/2032;T;M;D;D;N;O
Sábado 06/03/2032;N;T;M;D;D;D
Domingo 07/03/2032;N;T;M;D;D;D
Lunes 08/03/2032;D;N;T;O;D;M
Martes 09/03/2032;D;N;T;O;D;M
Miércoles 10/03/2032;D;D;N;O;M;T
Jueves 11/03/2032;D;D;N;O;M;T
Viernes 12/03/2032;M;D;D;O;T;N
Sábado 13/03/2032;M;D;D;D;T;N
Domingo 14/03/2032;T;M;D;D;N;D
Lunes 15/03/2032;T;M;D;O;N;D
Martes 16/03/2032;N;T;M;O;D;D
Miércoles 17/03/2032;N;T;M;O;D;D
Jueves 18/03/2032;D;N;T;O;D;M
Viernes 19/03/2032;D;N;T;O;D;M
Sábado 20/03/2032;D;D;N;D;M;T
Domingo 21/03/2032;D;D;N;D;M;T
Lunes 22/03/2032;O;D;D;M;T;N
Martes 23/03/2032;O;D;D;M;T;N
Miércoles 24/03/2032;O;M;D;T;N;D
Jueves 25/03/2032;O;M;D;T;N;D
Viernes 26/03/2032;O;T;M;N;D;D
Sábado 27/03/2032;D;T;M;N;D;D
Domingo 28/03/2032;D;N;T;D;D;M
Lunes 29/03/2032;O;N;T;D;D;M
Martes 30/03/2032;O;D;N;D;M;T
Miércoles 31/03/2032;O;D;N;D;M;T
Jueves 01/04/2032;O;D;D;M;T;N
Viernes 02/04/2032;O;D;D;M;T;N
Sábado 03/04/2032;D;M;D;T;N;D
Domingo 04/04/2032;D;M;D;T;N;D
Lunes 05/04/2032;M;T;O;N;D;D
Martes 06/04/2032;M;T;O;N;D;D
Miércoles 07/04/2032;T;N;O;D;D;M
Jueves 08/04/2032;T;N;O;D;D;M
Viernes 09/04/2032;N;D;O;D;M;T
Sábado 10/04/2032;N;D;D;D;M;T
Domingo 11/04/2032;D;D;D;M;T;N
Lunes 12/04/2032;D;D;O;M;T;N
Martes 13/04/2032;D;M;O;T;N;D
Miércoles 14/04/2032;D;M;O;T;N;D
Jueves 15/04/2032;M;T;O;N;D;D
Viernes 16/04/2032;M;T;O;N;D;D
Sábado 17/04/2032;T;N;D;D;D;M
Domingo 18/04/2032;T;N;D;D;D;M
Lunes 19/04/2032;N;D;M;D;O;T
Martes 20/04/2032;N;D;M;D;O;T
Miércoles 21/04/2032;D;D;T;M;O;N
Jueves 22/04/2032;D;D;T;M;O;N
Viernes 23/04/2032;D;M;N;T;O;D
Sábado 24/04/2032;D;M;N;T;D;D
Domingo 25/04/2032;M;T;D;N;D;D
Lunes 26/04/2032;M;T;D;N;O;D
Martes 27/04/2032;T;N;D;D;O;M
Miércoles 28/04/2032;T;N;D;D;O;M
Jueves 29/04/2032;N;D;M;D;O;T
Viernes 30/04/2032;N;D;M;D;O;T
Sábado 01/05/2032;D;D;T;M;D;N
Domingo 02/05/2032;D;D;T;M;D;N
Lunes 03/05/2032;D;M;N;T;O;D
Martes 04/05/2032;D;M;N;T;O;D
Miércoles 05/05/2032;M;T;D;N;O;D
Jueves 06/05/2032;M;T;D;N;O;D
Viernes 07/05/2032;T;N;D;D;O;M
Sábado 08/05/2032;T;N;D;D;D;M
Domingo 09/05/2032;N;D;M;D;D;T
Lunes 10/05/2032;N;D;M;D;O;T
Martes 11/05/2032;D;D;T;M;O;N
Miércoles 12/05/2032;D;D;T;M;O;N
Jueves 13/05/2032;D;M;N;T;O;D
Viernes 14/05/2032;D;M;N;T;O;D
Sábado 15/05/2032;M;T;D;N;D;D
Domingo 16/05/2032;M;T;D;N;D;D
Lunes 17/05/2032;T;N;D;D;M;O
Martes 18/05/2032;T;N;D;D;M;O
Miércoles 19/05/2032;N;D;M;D;T;O
Jueves 20/05/2032;N;D;M;D;T;O
Viernes 21/05/2032;D;D;T;M;N;O
Sábado 22/05/2032;D;D;T;M;N;D
Domingo 23/05/2032;D;M;N;T;D;D
Lunes 24/05/2032;D;M;N;T;D;O
Martes 25/05/2032;M;T;D;N;D;O
Miércoles 26/05/2032;M;T;D;N;D;O
Jueves 27/05/2032;T;N;D;D;M;O
Viernes 28/05/2032;T;N;D;D;M;O
Sábado 29/05/2032;N;D;M;D;T;D
Domingo 30/05/2032;N;D;M;D;T;D
Lunes 31/05/2032;D;D;T;M;N;O
Martes 01/06/2032;D;D;T;M;N;O
Miércoles 02/06/2032;D;M;N;T;D;O
Jueves 03/06/2032;D;M;N;T;D;O
Viernes 04/06/2032;M;T;D;N;D;O
Sábado 05/06/2032;M;T;D;N;D;D
Domingo 06/06/2032;T;N;D;D;M;D
Lunes 07/06/2032;T;N;D;D;M;O
Martes 08/06/2032;N;D;M;D;T;O
Miércoles 09/06/2032;N;D;M;D;T;O
Jueves 10/06/2032;D;D;T;M;N;O
Viernes 11/06/2032;D;D;T;M;N;O
Sábado 12/06/2032;D;M;N;T;D;D
Domingo 13/06/2032;D;M;N;T;D;D
Lunes 14/06/2032;O;T;D;N;D;M
Martes 15/06/2032;O;T;D;N;D;M
Miércoles 16/06/2032;O;N;D;D;M;T
Jueves 17/06/2032;O;N;D;D;M;T
Viernes 18/06/2032;O;D;M;D;T;N
Sábado 19/06/2032;D;D;M;D;T;N
Domingo 20/06/2032;D;D;T;M;N;D
Lunes 21/06/2032;O;D;T;M;N;D
Martes 22/06/2032;O;M;N;T;D;D
Miércoles 23/06/2032;O;M;N;T;D;D
Jueves 24/06/2032;O;T;D;N;D;M
Viernes 25/06/2032;O;T;D;N;D;M
Sábado 26/06/2032;D;N;D;D;M;T
Domingo 27/06/2032;D;N;D;D;M;T
Lunes 28/06/2032;O;D;M;D;T;N
Martes 29/06/2032;O;D;M;D;T;N
Miércoles 30/06/2032;O;D;T;M;N;D
Jueves 01/07/2032;O;D;T;M;N;D
Viernes 02/07/2032;O;M;N;T;D;D
Sábado 03/07/2032;D;M;N;T;D;D
Domingo 04/07/2032;D;T;D;N;D;M
Lunes 05/07/2032;O;T;D;N;D;M
Martes 06/07/2032;O;N;D;D;M;T
Miércoles 07/07/2032;O;N;D;D;M;T
Jueves 08/07/2032;O;D;M;D;T;N
Viernes 09/07/2032;O;D;M;D;T;N
Sábado 10/07/2032;D;D;T;M;N;D
Domingo 11/07/2032;D;D;T;M;N;D
Lunes 12/07/2032;M;O;N;T;D;D
Martes 13/07/2032;M;O;N;T;D;D
Miércoles 14/07/2032;T;O;D;N;D;M
Jueves 15/07/2032;T;O;D;N;D;M
Viernes 16/07/2032;N;O;D;D;M;T
Sábado 17/07/2032;N;D;D;D;M;T
Domingo 18/07/2032;D;D;M;D;T;N
Lunes 19/07/2032;D;O;M;D;T;N
Martes 20/07/2032;D;O;T;M;N;D
Miércoles 21/07/2032;D;O;T;M;N;D
Jueves 22/07/2032;M;O;N;T;D;D
Viernes 23/07/2032;M;O;N;T;D;D
Sábado 24/07/2032;T;D;D;N;D;M
Domingo 25/07/2032;T;D;D;N;D;M
Lunes 26/07/2032;N;O;D;D;M;T
Martes 27/07/2032;N;O;D;D;M;T
Miércoles 28/07/2032;D;O;M;D;T;N
Jueves 29/07/2032;D;O;M;D;T;N
Viernes 30/07/2032;D;O;T;M;N;D
Sábado 31/07/2032;D;D;T;M;N;D
Domingo 01/08/2032;M;D;N;T;D;D
Lunes 02/08/2032;M;O;N;T;D;D
Martes 03/08/2032;T;O;D;N;D;M
Miércoles 04/08/2032;T;O;D;N;D;M
Jueves 05/08/2032;N;O;D;D;M;T
Viernes 06/08/2032;N;O;D;D;M;T
Sábado 07/08/2032;D;D;M;D;T;N
Domingo 08/08/2032;D;D;M;D;T;N
Lunes 09/08/2032;D;M;T;O;N;D
Martes 10/08/2032;D;M;T;O;N;D
Miércoles 11/08/2032;M;T;N;O;D;D
Jueves 12/08/2032;M;T;N;O;D;D
Viernes 13/08/2032;T;N;D;O;D;M
Sábado 14/08/2032;T;N;D;D;D;M
Domingo 15/08/2032;N;D;D;D;M;T
Lunes 16/08/2032;N;D;D;O;M;T
Martes 17/08/2032;D;D;M;O;T;N
Miércoles 18/08/2032;D;D;M;O;T;N
Jueves 19/08/2032;D;M;T;O;N;D
Viernes 20/08/2032;D;M;T;O;N;D
Sábado 21/08/2032;M;T;N;D;D;D
Domingo 22/08/2032;M;T;N;D;D;D
Lunes 23/08/2032;T;N;D;O;D;M
Martes 24/08/2032;T;N;D;O;D;M
Miércoles 25/08/2032;N;D;D;O;M;T
Jueves 26/08/2032;N;D;D;O;M;T
Viernes 27/08/2032;D;D;M;O;T;N
Sábado 28/08/2032;D;D;M;D;T;N
Domingo 29/08/2032;D;M;T;D;N;D
Lunes 30/08/2032;D;M;T;O;N;D
Martes 31/08/2032;M;T;N;O;D;D
Miércoles 01/09/2032;M;T;N;O;D;D
Jueves 02/09/2032;T;N;D;O;D;M
Viernes 03/09/2032;T;N;D;O;D;M
Sábado 04/09/2032;N;D;D;D;M;T
Domingo 05/09/2032;N;D;D;D;M;T
Lunes 06/09/2032;D;D;O;M;T;N
Martes 07/09/2032;D;D;O;M;T;N
Miércoles 08/09/2032;D;M;O;T;N;D
Jueves 09/09/2032;D;M;O;T;N;D
Viernes 10/09/2032;M;T;O;N;D;D
Sábado 11/09/2032;M;T;D;N;D;D
Domingo 12/09/2032;T;N;D;D;D;M
Lunes 13/09/2032;T;N;O;D;D;M
Martes 14/09/2032;N;D;O;D;M;T
Miércoles 15/09/2032;N;D;O;D;M;T
Jueves 16/09/2032;D;D;O;M;T;N
Viernes 17/09/2032;D;D;O;M;T;N
Sábado 18/09/2032;D;M;D;T;N;D
Domingo 19/09/2032;D;M;D;T;N;D
Lunes 20/09/2032;M;T;O;N;D;D
Martes 21/09/2032;M;T;O;N;D;D
Miércoles 22/09/2032;T;N;O;D;D;M
Jueves 23/09/2032;T;N;O;D;D;M
Viernes 24/09/2032;N;D;O;D;M;T
Sábado 25/09/2032;N;D;D;D;M;T
Domingo 26/09/2032;D;D;D;M;T;N
Lunes 27/09/2032;D;D;O;M;T;N
Martes 28/09/2032;D;M;O;T;N;D
Miércoles 29/09/2032;D;M;O;T;N;D
Jueves 30/09/2032;M;T;O;N;D;D
Viernes 01/10/2032;M;T;O;N;D;D
Sábado 02/10/2032;T;N;D;D;D;M
Domingo 03/10/2032;T;N;D;D;D;M
Lunes 04/10/2032;N;D;M;D;O;T
Martes 05/10/2032;N;D;M;D;O;T
Miércoles 06/10/2032;D;D;T;M;O;N
Jueves 07/10/2032;D;D;T;M;O;N
Viernes 08/10/2032;D;M;N;T;O;D
Sábado 09/10/2032;D;M;N;T;D;D
Domingo 10/10/2032;M;T;D;N;D;D
Lunes 11/10/2032;M;T;D;N;O;D
Martes 12/10/2032;T;N;D;D;O;M
Miércoles 13/10/2032;T;N;D;D;O;M
Jueves 14/10/2032;N;D;M;D;O;T
Viernes 15/10/2032;N;D;M;D;O;T
Sábado 16/10/2032;D;D;T;M;D;N
Domingo 17/10/2032;D;D;T;M;D;N
Lunes 18/10/2032;D;O;N;T;M;D
Martes 19/10/2032;D;O;N;T;M;D
Miércoles 20/10/2032;M;O;D;N;T;D
Jueves 21/10/2032;M;O;D;N;T;D
Viernes 22/10/2032;T;O;D;D;N;M
Sábado 23/10/2032;T;D;D;D;N;M
Domingo 24/10/2032;N;D;M;D;D;T
Lunes 25/10/2032;N;O;M;D;D;T
Martes 26/10/2032;D;O;T;M;D;N
Miércoles 27/10/2032;D;O;T;M;D;N
Jueves 28/10/2032;D;O;N;T;M;D
Viernes 29/10/2032;D;O;N;T;M;D
Sábado 30/10/2032;M;D;D;N;T;D
Domingo 31/10/2032;M;D;D;N;T;D
Lunes 01/11/2032;T;M;D;D;N;O
Martes 02/11/2032;T;M;D;D;N;O
Miércoles 03/11/2032;N;T;M;D;D;O
Jueves 04/11/2032;N;T;M;D;D;O
Viernes 05/11/2032;D;N;T;M;D;O
Sábado 06/11/2032;D;N;T;M;D;D
Domingo 07/11/2032;D;D;N;T;M;D
Lunes 08/11/2032;D;D;N;T;M;O
Martes 09/11/2032;M;D;D;N;T;O
Miércoles 10/11/2032;M;D;D;N;T;O
Jueves 11/11/2032;T;M;D;D;N;O
Viernes 12/11/2032;T;M;D;D;N;O
Sábado 13/11/2032;N;T;M;D;D;D
Domingo 14/11/2032;N;T;M;D;D;D
Lunes 15/11/2032;D;N;T;O;D;M
Martes 16/11/2032;D;N;T;O;D;M
Miércoles 17/11/2032;D;D;N;O;M;T
Jueves 18/11/2032;D;D;N;O;M;T
Viernes 19/11/2032;M;D;D;O;T;N
Sábado 20/11/2032;M;D;D;D;T;N
Domingo 21/11/2032;T;M;D;D;N;D
Lunes 22/11/2032;T;M;D;O;N;D
Martes 23/11/2032;N;T;M;O;D;D
Miércoles 24/11/2032;N;T;M;O;D;D
Jueves 25/11/2032;D;N;T;O;D;M
Viernes 26/11/2032;D;N;T;O;D;M
Sábado 27/11/2032;D;D;N;D;M;T
Domingo 28/11/2032;D;D;N;D;M;T
Lunes 29/11/2032;O;D;D;M;T;N
Martes 30/11/2032;O;D;D;M;T;N
Miércoles 01/12/2032;O;M;D;T;N;D
Jueves 02/12/2032;O;M;D;T;N;D
Viernes 03/12/2032;O;T;M;N;D;D
Sábado 04/12/2032;D;T;M;N;D;D
Domingo 05/12/2032;D;N;T;D;D;M
Lunes 06/12/2032;O;N;T;D;D;M
Martes 07/12/2032;O;D;N;D;M;T
Miércoles 08/12/2032;O;D;N;D;M;T
Jueves 09/12/2032;O;D;D;M;T;N
Viernes 10/12/2032;O;D;D;M;T;N
Sábado 11/12/2032;D;M;D;T;N;D
Domingo 12/12/2032;D;M;D;T;N;D
Lunes 13/12/2032;M;T;O;N;D;D
Martes 14/12/2032;M;T;O;N;D;D
Miércoles 15/12/2032;T;N;O;D;D;M
Jueves 16/12/2032;T;N;O;D;D;M
Viernes 17/12/2032;N;D;O;D;M;T
Sábado 18/12/2032;N;D;D;D;M;T
Domingo 19/12/2032;D;D;D;M;T;N
Lunes 20/12/2032;D;D;O;M;T;N
Martes 21/12/2032;D;M;O;T;N;D
Miércoles 22/12/2032;D;M;O;T;N;D
Jueves 23/12/2032;M;T;O;N;D;D
Viernes 24/12/2032;M;T;O;N;D;D
Sábado 25/12/2032;T;N;D;D;D;M
Domingo 26/12/2032;T;N;D;D;D;M
Lunes 27/12/2032;N;D;M;D;O;T
Martes 28/12/2032;N;D;M;D;O;T
Miércoles 29/12/2032;D;D;T;M;O;N
Jueves 30/12/2032;D;D;T;M;O;N
Viernes 31/12/2032;D;M;N;T;O;D
Sábado 01/01/2033;D;M;N;T;D;D
Domingo 02/01/2033;M;T;D;N;D;D
Lunes 03/01/2033;M;T;D;N;O;D
Martes 04/01/2033;T;N;D;D;O;M
Miércoles 05/01/2033;T;N;D;D;O;M
Jueves 06/01/2033;N;D;M;D;O;T
Viernes 07/01/2033;N;D;M;D;O;T
Sábado 08/01/2033;D;D;T;M;D;N
Domingo 09/01/2033;D;D;T;M;D;N
Lunes 10/01/2033;D;O;N;T;M;D
Martes 11/01/2033;D;O;N;T;M;D
Miércoles 12/01/2033;M;O;D;N;T;D
Jueves 13/01/2033;M;O;D;N;T;D
Viernes 14/01/2033;T;O;D;D;N;M
Sábado 15/01/2033;T;D;D;D;N;M
Domingo 16/01/2033;N;D;M;D;D;T
Lunes 17/01/2033;N;O;M;D;D;T
Martes 18/01/2033;D;O;T;M;D;N
Miércoles 19/01/2033;D;O;T;M;D;N
Jueves 20/01/2033;D;O;N;T;M;D
Viernes 21/01/2033;D;O;N;T;M;D
Sábado 22/01/2033;M;D;D;N;T;D
Domingo 23/01/2033;M;D;D;N;T;D
Lunes 24/01/2033;T;M;D;D;N;O
Martes 25/01/2033;T;M;D;D;N;O
Miércoles 26/01/2033;N;T;M;D;D;O
Jueves 27/01/2033;N;T;M;D;D;O
Viernes 28/01/2033;D;N;T;M;D;O
Sábado 29/01/2033;D;N;T;M;D;D
Domingo 30/01/2033;D;D;N;T;M;D
Lunes 31/01/2033;D;D;N;T;M;O
Martes 01/02/2033;M;D;D;N;T;O
Miércoles 02/02/2033;M;D;D;N;T;O
Jueves 03/02/2033;T;M;D;D;N;O
Viernes 04/02/2033;T;M;D;D;N;O
Sábado 05/02/2033;N;T;M;D;D;D
Domingo 06/02/2033;N;T;M;D;D;D
Lunes 07/02/2033;D;N;T;O;D;M
Martes 08/02/2033;D;N;T;O;D;M
Miércoles 09/02/2033;D;D;N;O;M;T
Jueves 10/02/2033;D;D;N;O;M;T
Viernes 11/02/2033;M;D;D;O;T;N
Sábado 12/02/2033;M;D;D;D;T;N
Domingo 13/02/2033;T;M;D;D;N;D
Lunes 14/02/2033;T;M;D;O;N;D
Martes 15/02/2033;N;T;M;O;D;D
Miércoles 16/02/2033;N;T;M;O;D;D
Jueves 17/02/2033;D;N;T;O;D;M
Viernes 18/02/2033;D;N;T;O;D;M
Sábado 19/02/2033;D;D;N;D;M;T
Domingo 20/02/2033;D;D;N;D;M;T
Lunes 21/02/2033;O;D;D;M;T;N
Martes 22/02/2033;O;D;D;M;T;N
Miércoles 23/02/2033;O;M;D;T;N;D
Jueves 24/02/2033;O;M;D;T;N;D
Viernes 25/02/2033;O;T;M;N;D;D
Sábado 26/02/2033;D;T;M;N;D;D
Domingo 27/02/2033;D;N;T;D;D;M
Lunes 28/02/2033;O;N;T;D;D;M
Martes 01/03/2033;O;D;N;D;M;T
Miércoles 02/03/2033;O;D;N;D;M;T
Jueves 03/03/2033;O;D;D;M;T;N
Viernes 04/03/2033;O;D;D;M;T;N
Sábado 05/03/2033;D;M;D;T;N;D
Domingo 06/03/2033;D;M;D;T;N;D
Lunes 07/03/2033;M;T;O;N;D;D
Martes 08/03/2033;M;T;O;N;D;D
Miércoles 09/03/2033;T;N;O;D;D;M
Jueves 10/03/2033;T;N;O;D;D;M
Viernes 11/03/2033;N;D;O;D;M;T
Sábado 12/03/2033;N;D;D;D;M;T
Domingo 13/03/2033;D;D;D;M;T;N
Lunes 14/03/2033;D;D;O;M;T;N
Martes 15/03/2033;D;M;O;T;N;D
Miércoles 16/03/2033;D;M;O;T;N;D
Jueves 17/03/2033;M;T;O;N;D;D
Viernes 18/03/2033;M;T;O;N;D;D
Sábado 19/03/2033;T;N;D;D;D;M
Domingo 20/03/2033;T;N;D;D;D;M
Lunes 21/03/2033;N;D;M;D;O;T
Martes 22/03/2033;N;D;M;D;O;T
Miércoles 23/03/2033;D;D;T;M;O;N
Jueves 24/03/2033;D;D;T;M;O;N
Viernes 25/03/2033;D;M;N;T;O;D
Sábado 26/03/2033;D;M;N;T;D;D
Domingo 27/03/2033;M;T;D;N;D;D
Lunes 28/03/2033;M;T;D;N;O;D
Martes 29/03/2033;T;N;D;D;O;M
Miércoles 30/03/2033;T;N;D;D;O;M
Jueves 31/03/2033;N;D;M;D;O;T
Viernes 01/04/2033;N;D;M;D;O;T
Sábado 02/04/2033;D;D;T;M;D;N
Domingo 03/04/2033;D;D;T;M;D;N
Lunes 04/04/2033;D;O;N;T;M;D
Martes 05/04/2033;D;O;N;T;M;D
Miércoles 06/04/2033;M;O;D;N;T;D
Jueves 07/04/2033;M;O;D;N;T;D
Viernes 08/04/2033;T;O;D;D;N;M
Sábado 09/04/2033;T;D;D;D;N;M
Domingo 10/04/2033;N;D;M;D;D;T
Lunes 11/04/2033;N;O;M;D;D;T
Martes 12/04/2033;D;O;T;M;D;N
Miércoles 13/04/2033;D;O;T;M;D;N
Jueves 14/04/2033;D;O;N;T;M;D
Viernes 15/04/2033;D;O;N;T;M;D
Sábado 16/04/2033;M;D;D;N;T;D
Domingo 17/04/2033;M;D;D;N;T;D
Lunes 18/04/2033;T;M;D;D;N;O
Martes 19/04/2033;T;M;D;D;N;O
Miércoles 20/04/2033;N;T;M;D;D;O
Jueves 21/04/2033;N;T;M;D;D;O
Viernes 22/04/2033;D;N;T;M;D;O
Sábado 23/04/2033;D;N;T;M;D;D
Domingo 24/04/2033;D;D;N;T;M;D
Lunes 25/04/2033;D;D;N;T;M;O
Martes 26/04/2033;M;D;D;N;T;O
Miércoles 27/04/2033;M;D;D;N;T;O
Jueves 28/04/2033;T;M;D;D;N;O
Viernes 29/04/2033;T;M;D;D;N;O
Sábado 30/04/2033;N;T;M;D;D;D
Domingo 01/05/2033;N;T;M;D;D;D
Lunes 02/05/2033;D;N;T;M;D;O
Martes 03/05/2033;D;N;T;M;D;O
Miércoles 04/05/2033;D;D;N;T;M;O
Jueves 05/05/2033;D;D;N;T;M;O
Viernes 06/05/2033;M;D;D;N;T;O
Sábado 07/05/2033;M;D;D;N;T;D
Domingo 08/05/2033;T;M;D;D;N;D
Lunes 09/05/2033;T;M;D;D;N;O
Martes 10/05/2033;N;T;M;D;D;O
Miércoles 11/05/2033;N;T;M;D;D;O
Jueves 12/05/2033;D;N;T;M;D;O
Viernes 13/05/2033;D;N;T;M;D;O
Sábado 14/05/2033;D;D;N;T;M;D
Domingo 15/05/2033;D;D;N;T;M;D
Lunes 16/05/2033;O;D;D;N;T;M
Martes 17/05/2033;O;D;D;N;T;M
Miércoles 18/05/2033;O;M;D;D;N;T
Jueves 19/05/2033;O;M;D;D;N;T
Viernes 20/05/2033;O;T;M;D;D;N
Sábado 21/05/2033;D;T;M;D;D;N
Domingo 22/05/2033;D;N;T;M;D;D
Lunes 23/05/2033;O;N;T;M;D;D
Martes 24/05/2033;O;D;N;T;M;D
Miércoles 25/05/2033;O;D;N;T;M;D
Jueves 26/05/2033;O;D;D;N;T;M
Viernes 27/05/2033;O;D;D;N;T;M
Sábado 28/05/2033;D;M;D;D;N;T
Domingo 29/05/2033;D;M;D;D;N;T
Lunes 30/05/2033;O;T;M;D;D;N
Martes 31/05/2033;O;T;M;D;D;N
Miércoles 01/06/2033;O;N;T;M;D;D
Jueves 02/06/2033;O;N;T;M;D;D
Viernes 03/06/2033;O;D;N;T;M;D
Sábado 04/06/2033;D;D;N;T;M;D
Domingo 05/06/2033;D;D;D;N;T;M
Lunes 06/06/2033;O;D;D;N;T;M
Martes 07/06/2033;O;M;D;D;N;T
Miércoles 08/06/2033;O;M;D;D;N;T
Jueves 09/06/2033;O;T;M;D;D;N
Viernes 10/06/2033;O;T;M;D;D;N
Sábado 11/06/2033;D;N;T;M;D;D
Domingo 12/06/2033;D;N;T;M;D;D
Lunes 13/06/2033;M;D;N;T;O;D
Martes 14/06/2033;M;D;N;T;O;D
Miércoles 15/06/2033;T;D;D;N;O;M
Jueves 16/06/2033;T;D;D;N;O;M
Viernes 17/06/2033;N;M;D;D;O;T
Sábado 18/06/2033;N;M;D;D;D;T
Domingo 19/06/2033;D;T;M;D;D;N
Lunes 20/06/2033;D;T;M;D;O;N
Martes 21/06/2033;D;N;T;M;O;D
Miércoles 22/06/2033;D;N;T;M;O;D
Jueves 23/06/2033;M;D;N;T;O;D
Viernes 24/06/2033;M;D;N;T;O;D
Sábado 25/06/2033;T;D;D;N;D;M
Domingo 26/06/2033;T;D;D;N;D;M
Lunes 27/06/2033;N;M;D;D;O;T
Martes 28/06/2033;N;M;D;D;O;T
Miércoles 29/06/2033;D;T;M;D;O;N
Jueves 30/06/2033;D;T;M;D;O;N
Viernes 01/07/2033;D;N;T;M;O;D
Sábado 02/07/2033;D;N;T;M;D;D
Domingo 03/07/2033;M;D;N;T;D;D
Lunes 04/07/2033;M;D;N;T;O;D
Martes 05/07/2033;T;D;D;N;O;M
Miércoles 06/07/2033;T;D;D;N;O;M
Jueves 07/07/2033;N;M;D;D;O;T
Viernes 08/07/2033;N;M;D;D;O;T
Sábado 09/07/2033;D;T;M;D;D;N
Domingo 10/07/2033;D;T;M;D;D;N
Lunes 11/07/2033;D;N;T;O;M;D
Martes 12/07/2033;D;N;T;O;M;D
Miércoles 13/07/2033;M;D;N;O;T;D
Jueves 14/07/2033;M;D;N;O;T;D
Viernes 15/07/2033;T;D;D;O;N;M
Sábado 16/07/2033;T;D;D;D;N;M
Domingo 17/07/2033;N;M;D;D;D;T
Lunes 18/07/2033;N;M;D;O;D;T
Martes 19/07/2033;D;T;M;O;D;N
Miércoles 20/07/2033;D;T;M;O;D;N
Jueves 21/07/2033;D;N;T;O;M;D
Viernes 22/07/2033;D;N;T;O;M;D
Sábado 23/07/2033;M;D;N;D;T;D
Domingo 24/07/2033;M;D;N;D;T;D
Lunes 25/07/2033;T;D;D;O;N;M
Martes 26/07/2033;T;D;D;O;N;M
Miércoles 27/07/2033;N;M;D;O;D;T
Jueves 28/07/2033;N;M;D;O;D;T
Viernes 29/07/2033;D;T;M;O;D;N
Sábado 30/07/2033;D;T;M;D;D;N
Domingo 31/07/2033;D;N;T;D;M;D
Lunes 01/08/2033;D;N;T;O;M;D
Martes 02/08/2033;M;D;N;O;T;D
Miércoles 03/08/2033;M;D;N;O;T;D
Jueves 04/08/2033;T;D;D;O;N;M
Viernes 05/08/2033;T;D;D;O;N;M
Sábado 06/08/2033;N;M;D;D;D;T
Domingo 07/08/2033;N;M;D;D;D;T
Lunes 08/08/2033;D;T;O;M;D;N
Martes 09/08/2033;D;T;O;M;D;N
Miércoles 10/08/2033;D;N;O;T;M;D
Jueves 11/08/2033;D;N;O;T;M;D
Viernes 12/08/2033;M;D;O;N;T;D
Sábado 13/08/2033;M;D;D;N;T;D
Domingo 14/08/2033;T;D;D;D;N;M
Lunes 15/08/2033;T;D;O;D;N;M
Martes 16/08/2033;N;M;O;D;D;T
Miércoles 17/08/2033;N;M;O;D;D;T
Jueves 18/08/2033;D;T;O;M;D;N
Viernes 19/08/2033;D;T;O;M;D;N
Sábado 20/08/2033;D;N;D;T;M;D
Domingo 21/08/2033;D;N;D;T;M;D
Lunes 22/08/2033;M;D;O;N;T;D
Martes 23/08/2033;M;D;O;N;T;D
Miércoles 24/08/2033;T;D;O;D;N;M
Jueves 25/08/2033;T;D;O;D;N;M
Viernes 26/08/2033;N;M;O;D;D;T
Sábado 27/08/2033;N;M;D;D;D;T
Domingo 28/08/2033;D;T;D;M;D;N
Lunes 29/08/2033;D;T;O;M;D;N
Martes 30/08/2033;D;N;O;T;M;D
Miércoles 31/08/2033;D;N;O;T;M;D
Jueves 01/09/2033;M;D;O;N;T;D
Viernes 02/09/2033;M;D;O;N;T;D
Sábado 03/09/2033;T;D;D;D;N;M
Domingo 04/09/2033;T;D;D;D;N;M
Lunes 05/09/2033;N;O;M;D;D;T
Martes 06/09/2033;N;O;M;D;D;T
Miércoles 07/09/2033;D;O;T;M;D;N
Jueves 08/09/2033;D;O;T;M;D;N
Viernes 09/09/2033;D;O;N;T;M;D
Sábado 10/09/2033;D;D;N;T;M;D
Domingo 11/09/2033;M;D;D;N;T;D
Lunes 12/09/2033;M;O;D;N;T;D
Martes 13/09/2033;T;O;D;D;N;M
Miércoles 14/09/2033;T;O;D;D;N;M
Jueves 15/09/2033;N;O;M;D;D;T
Viernes 16/09/2033;N;O;M;D;D;T
Sábado 17/09/2033;D;D;T;M;D;N
Domingo 18/09/2033;D;D;T;M;D;N
Lunes 19/09/2033;D;O;N;T;M;D
Martes 20/09/2033;D;O;N;T;M;D
Miércoles 21/09/2033;M;O;D;N;T;D
Jueves 22/09/2033;M;O;D;N;T;D
Viernes 23/09/2033;T;O;D;D;N;M
Sábado 24/09/2033;T;D;D;D;N;M
Domingo 25/09/2033;N;D;M;D;D;T
Lunes 26/09/2033;N;O;M;D;D;T
Martes 27/09/2033;D;O;T;M;D;N
Miércoles 28/09/2033;D;O;T;M;D;N
Jueves 29/09/2033;D;O;N;T;M;D
Viernes 30/09/2033;D;O;N;T;M;D
Sábado 01/10/2033;M;D;D;N;T;D
Domingo 02/10/2033;M;D;D;N;T;D
Lunes 03/10/2033;T;M;D;D;N;O
Martes 04/10/2033;T;M;D;D;N;O
Miércoles 05/10/2033;N;T;M;D;D;O
Jueves 06/10/2033;N;T;M;D;D;O
Viernes 07/10/2033;D;N;T;M;D;O
Sábado 08/10/2033;D;N;T;M;D;D
Domingo 09/10/2033;D;D;N;T;M;D
Lunes 10/10/2033;D;D;N;T;M;O
Martes 11/10/2033;M;D;D;N;T;O
Miércoles 12/10/2033;M;D;D;N;T;O
Jueves 13/10/2033;T;M;D;D;N;O
Viernes 14/10/2033;T;M;D;D;N;O
Sábado 15/10/2033;N;T;M;D;D;D
Domingo 16/10/2033;N;T;M;D;D;D
Lunes 17/10/2033;D;N;T;O;D;M
Martes 18/10/2033;D;N;T;O;D;M
Miércoles 19/10/2033;D;D;N;O;M;T
Jueves 20/10/2033;D;D;N;O;M;T
Viernes 21/10/2033;M;D;D;O;T;N
Sábado 22/10/2033;M;D;D;D;T;N
Domingo 23/10/2033;T;M;D;D;N;D
Lunes 24/10/2033;T;M;D;O;N;D
Martes 25/10/2033;N;T;M;O;D;D
Miércoles 26/10/2033;N;T;M;O;D;D
Jueves 27/10/2033;D;N;T;O;D;M
Viernes 28/10/2033;D;N;T;O;D;M
Sábado 29/10/2033;D;D;N;D;M;T
Domingo 30/10/2033;D;D;N;D;M;T
Lunes 31/10/2033;O;D;D;M;T;N
Martes 01/11/2033;O;D;D;M;T;N
Miércoles 02/11/2033;O;M;D;T;N;D
Jueves 03/11/2033;O;M;D;T;N;D
Viernes 04/11/2033;O;T;M;N;D;D
Sábado 05/11/2033;D;T;M;N;D;D
Domingo 06/11/2033;D;N;T;D;D;M
Lunes 07/11/2033;O;N;T;D;D;M
Martes 08/11/2033;O;D;N;D;M;T
Miércoles 09/11/2033;O;D;N;D;M;T
Jueves 10/11/2033;O;D;D;M;T;N
Viernes 11/11/2033;O;D;D;M;T;N
Sábado 12/11/2033;D;M;D;T;N;D
Domingo 13/11/2033;D;M;D;T;N;D
Lunes 14/11/2033;M;T;O;N;D;D
Martes 15/11/2033;M;T;O;N;D;D
Miércoles 16/11/2033;T;N;O;D;D;M
Jueves 17/11/2033;T;N;O;D;D;M
Viernes 18/11/2033;N;D;O;D;M;T
Sábado 19/11/2033;N;D;D;D;M;T
Domingo 20/11/2033;D;D;D;M;T;N
Lunes 21/11/2033;D;D;O;M;T;N
Martes 22/11/2033;D;M;O;T;N;D
Miércoles 23/11/2033;D;M;O;T;N;D
Jueves 24/11/2033;M;T;O;N;D;D
Viernes 25/11/2033;M;T;O;N;D;D
Sábado 26/11/2033;T;N;D;D;D;M
Domingo 27/11/2033;T;N;D;D;D;M
Lunes 28/11/2033;N;D;M;D;O;T
Martes 29/11/2033;N;D;M;D;O;T
Miércoles 30/11/2033;D;D;T;M;O;N
Jueves 01/12/2033;D;D;T;M;O;N
Viernes 02/12/2033;D;M;N;T;O;D
Sábado 03/12/2033;D;M;N;T;D;D
Domingo 04/12/2033;M;T;D;N;D;D
Lunes 05/12/2033;M;T;D;N;O;D
Martes 06/12/2033;T;N;D;D;O;M
Miércoles 07/12/2033;T;N;D;D;O;M
Jueves 08/12/2033;N;D;M;D;O;T
Viernes 09/12/2033;N;D;M;D;O;T
Sábado 10/12/2033;D;D;T;M;D;N
Domingo 11/12/2033;D;D;T;M;D;N
Lunes 12/12/2033;D;O;N;T;M;D
Martes 13/12/2033;D;O;N;T;M;D
Miércoles 14/12/2033;M;O;D;N;T;D
Jueves 15/12/2033;M;O;D;N;T;D
Viernes 16/12/2033;T;O;D;D;N;M
Sábado 17/12/2033;T;D;D;D;N;M
Domingo 18/12/2033;N;D;M;D;D;T
Lunes 19/12/2033;N;O;M;D;D;T
Martes 20/12/2033;D;O;T;M;D;N
Miércoles 21/12/2033;D;O;T;M;D;N
Jueves 22/12/2033;D;O;N;T;M;D
Viernes 23/12/2033;D;O;N;T;M;D
Sábado 24/12/2033;M;D;D;N;T;D
Domingo 25/12/2033;M;D;D;N;T;D
Lunes 26/12/2033;T;M;D;D;N;O
Martes 27/12/2033;T;M;D;D;N;O
Miércoles 28/12/2033;N;T;M;D;D;O
Jueves 29/12/2033;N;T;M;D;D;O
Viernes 30/12/2033;D;N;T;M;D;O
Sábado 31/12/2033;D;N;T;M;D;D
Domingo 01/01/2034;D;D;N;T;M;D
Lunes 02/01/2034;D;D;N;T;M;O
Martes 03/01/2034;M;D;D;N;T;O
Miércoles 04/01/2034;M;D;D;N;T;O
Jueves 05/01/2034;T;M;D;D;N;O
Viernes 06/01/2034;T;M;D;D;N;O
Sábado 07/01/2034;N;T;M;D;D;D
Domingo 08/01/2034;N;T;M;D;D;D
Lunes 09/01/2034;D;N;T;O;D;M
Martes 10/01/2034;D;N;T;O;D;M
Miércoles 11/01/2034;D;D;N;O;M;T
Jueves 12/01/2034;D;D;N;O;M;T
Viernes 13/01/2034;M;D;D;O;T;N
Sábado 14/01/2034;M;D;D;D;T;N
Domingo 15/01/2034;T;M;D;D;N;D
Lunes 16/01/2034;T;M;D;O;N;D
Martes 17/01/2034;N;T;M;O;D;D
Miércoles 18/01/2034;N;T;M;O;D;D
Jueves 19/01/2034;D;N;T;O;D;M
Viernes 20/01/2034;D;N;T;O;D;M
Sábado 21/01/2034;D;D;N;D;M;T
Domingo 22/01/2034;D;D;N;D;M;T
Lunes 23/01/2034;O;D;D;M;T;N
Martes 24/01/2034;O;D;D;M;T;N
Miércoles 25/01/2034;O;M;D;T;N;D
Jueves 26/01/2034;O;M;D;T;N;D
Viernes 27/01/2034;O;T;M;N;D;D
Sábado 28/01/2034;D;T;M;N;D;D
Domingo 29/01/2034;D;N;T;D;D;M
Lunes 30/01/2034;O;N;T;D;D;M
Martes 31/01/2034;O;D;N;D;M;T
Miércoles 01/02/2034;O;D;N;D;M;T
Jueves 02/02/2034;O;D;D;M;T;N
Viernes 03/02/2034;O;D;D;M;T;N
Sábado 04/02/2034;D;M;D;T;N;D
Domingo 05/02/2034;D;M;D;T;N;D
Lunes 06/02/2034;M;T;O;N;D;D
Martes 07/02/2034;M;T;O;N;D;D
Miércoles 08/02/2034;T;N;O;D;D;M
Jueves 09/02/2034;T;N;O;D;D;M
Viernes 10/02/2034;N;D;O;D;M;T
Sábado 11/02/2034;N;D;D;D;M;T
Domingo 12/02/2034;D;D;D;M;T;N
Lunes 13/02/2034;D;D;O;M;T;N
Martes 14/02/2034;D;M;O;T;N;D
Miércoles 15/02/2034;D;M;O;T;N;D
Jueves 16/02/2034;M;T;O;N;D;D
Viernes 17/02/2034;M;T;O;N;D;D
Sábado 18/02/2034;T;N;D;D;D;M
Domingo 19/02/2034;T;N;D;D;D;M
Lunes 20/02/2034;N;D;M;D;O;T
Martes 21/02/2034;N;D;M;D;O;T
Miércoles 22/02/2034;D;D;T;M;O;N
Jueves 23/02/2034;D;D;T;M;O;N
Viernes 24/02/2034;D;M;N;T;O;D
Sábado 25/02/2034;D;M;N;T;D;D
Domingo 26/02/2034;M;T;D;N;D;D
Lunes 27/02/2034;M;T;D;N;O;D
Martes 28/02/2034;T;N;D;D;O;M
Miércoles 01/03/2034;T;N;D;D;O;M
Jueves 02/03/2034;N;D;M;D;O;T
Viernes 03/03/2034;N;D;M;D;O;T
Sábado 04/03/2034;D;D;T;M;D;N
Domingo 05/03/2034;D;D;T;M;D;N
Lunes 06/03/2034;D;O;N;T;M;D
Martes 07/03/2034;D;O;N;T;M;D
Miércoles 08/03/2034;M;O;D;N;T;D
Jueves 09/03/2034;M;O;D;N;T;D
Viernes 10/03/2034;T;O;D;D;N;M
Sábado 11/03/2034;T;D;D;D;N;M
Domingo 12/03/2034;N;D;M;D;D;T
Lunes 13/03/2034;N;O;M;D;D;T
Martes 14/03/2034;D;O;T;M;D;N
Miércoles 15/03/2034;D;O;T;M;D;N
Jueves 16/03/2034;D;O;N;T;M;D
Viernes 17/03/2034;D;O;N;T;M;D
Sábado 18/03/2034;M;D;D;N;T;D
Domingo 19/03/2034;M;D;D;N;T;D
Lunes 20/03/2034;T;M;D;D;N;O
Martes 21/03/2034;T;M;D;D;N;O
Miércoles 22/03/2034;N;T;M;D;D;O
Jueves 23/03/2034;N;T;M;D;D;O
Viernes 24/03/2034;D;N;T;M;D;O
Sábado 25/03/2034;D;N;T;M;D;D
Domingo 26/03/2034;D;D;N;T;M;D
Lunes 27/03/2034;D;D;N;T;M;O
Martes 28/03/2034;M;D;D;N;T;O
Miércoles 29/03/2034;M;D;D;N;T;O
Jueves 30/03/2034;T;M;D;D;N;O
Viernes 31/03/2034;T;M;D;D;N;O
Sábado 01/04/2034;N;T;M;D;D;D
Domingo 02/04/2034;N;T;M;D;D;D
Lunes 03/04/2034;D;N;T;O;D;M
Martes 04/04/2034;D;N;T;O;D;M
Miércoles 05/04/2034;D;D;N;O;M;T
Jueves 06/04/2034;D;D;N;O;M;T
Viernes 07/04/2034;M;D;D;O;T;N
Sábado 08/04/2034;M;D;D;D;T;N
Domingo 09/04/2034;T;M;D;D;N;D
Lunes 10/04/2034;T;M;D;O;N;D
Martes 11/04/2034;N;T;M;O;D;D
Miércoles 12/04/2034;N;T;M;O;D;D
Jueves 13/04/2034;D;N;T;O;D;M
Viernes 14/04/2034;D;N;T;O;D;M
Sábado 15/04/2034;D;D;N;D;M;T
Domingo 16/04/2034;D;D;N;D;M;T
Lunes 17/04/2034;O;D;D;M;T;N
Martes 18/04/2034;O;D;D;M;T;N
Miércoles 19/04/2034;O;M;D;T;N;D
Jueves 20/04/2034;O;M;D;T;N;D
Viernes 21/04/2034;O;T;M;N;D;D
Sábado 22/04/2034;D;T;M;N;D;D
Domingo 23/04/2034;D;N;T;D;D;M
Lunes 24/04/2034;O;N;T;D;D;M
Martes 25/04/2034;O;D;N;D;M;T
Miércoles 26/04/2034;O;D;N;D;M;T
Jueves 27/04/2034;O;D;D;M;T;N
Viernes 28/04/2034;O;D;D;M;T;N
Sábado 29/04/2034;D;M;D;T;N;D
Domingo 30/04/2034;D;M;D;T;N;D
Lunes 01/05/2034;O;T;M;N;D;D
Martes 02/05/2034;O;T;M;N;D;D
Miércoles 03/05/2034;O;N;T;D;D;M
Jueves 04/05/2034;O;N;T;D;D;M
Viernes 05/05/2034;O;D;N;D;M;T
Sábado 06/05/2034;D;D;N;D;M;T
Domingo 07/05/2034;D;D;D;M;T;N
Lunes 08/05/2034;O;D;D;M;T;N
Martes 09/05/2034;O;M;D;T;N;D
Miércoles 10/05/2034;O;M;D;T;N;D
Jueves 11/05/2034;O;T;M;N;D;D
Viernes 12/05/2034;O;T;M;N;D;D
Sábado 13/05/2034;D;N;T;D;D;M
Domingo 14/05/2034;D;N;T;D;D;M
Lunes 15/05/2034;M;D;N;D;O;T
Martes 16/05/2034;M;D;N;D;O;T
Miércoles 17/05/2034;T;D;D;M;O;N
Jueves 18/05/2034;T;D;D;M;O;N
Viernes 19/05/2034;N;M;D;T;O;D
Sábado 20/05/2034;N;M;D;T;D;D
Domingo 21/05/2034;D;T;M;N;D;D
Lunes 22/05/2034;D;T;M;N;O;D
Martes 23/05/2034;D;N;T;D;O;M
Miércoles 24/05/2034;D;N;T;D;O;M
Jueves 25/05/2034;M;D;N;D;O;T
Viernes 26/05/2034;M;D;N;D;O;T
Sábado 27/05/2034;T;D;D;M;D;N
Domingo 28/05/2034;T;D;D;M;D;N
Lunes 29/05/2034;N;M;D;T;O;D
Martes 30/05/2034;N;M;D;T;O;D
Miércoles 31/05/2034;D;T;M;N;O;D
Jueves 01/06/2034;D;T;M;N;O;D
Viernes 02/06/2034;D;N;T;D;O;M
Sábado 03/06/2034;D;N;T;D;D;M
Domingo 04/06/2034;M;D;N;D;D;T
Lunes 05/06/2034;M;D;N;D;O;T
Martes 06/06/2034;T;D;D;M;O;N
Miércoles 07/06/2034;T;D;D;M;O;N
Jueves 08/06/2034;N;M;D;T;O;D
Viernes 09/06/2034;N;M;D;T;O;D
Sábado 10/06/2034;D;T;M;N;D;D
Domingo 11/06/2034;D;T;M;N;D;D
Lunes 12/06/2034;D;N;T;D;M;O
Martes 13/06/2034;D;N;T;D;M;O
Miércoles 14/06/2034;M;D;N;D;T;O
Jueves 15/06/2034;M;D;N;D;T;O
Viernes 16/06/2034;T;D;D;M;N;O
Sábado 17/06/2034;T;D;D;M;N;D
Domingo 18/06/2034;N;M;D;T;D;D
Lunes 19/06/2034;N;M;D;T;D;O
Martes 20/06/2034;D;T;M;N;D;O
Miércoles 21/06/2034;D;T;M;N;D;O
Jueves 22/06/2034;D;N;T;D;M;O
Viernes 23/06/2034;D;N;T;D;M;O
Sábado 24/06/2034;M;D;N;D;T;D
Domingo 25/06/2034;M;D;N;D;T;D
Lunes 26/06/2034;T;D;D;M;N;O
Martes 27/06/2034;T;D;D;M;N;O
Miércoles 28/06/2034;N;M;D;T;D;O
Jueves 29/06/2034;N;M;D;T;D;O
Viernes 30/06/2034;D;T;M;N;D;O
Sábado 01/07/2034;D;T;M;N;D;D
Domingo 02/07/2034;D;N;T;D;M;D
Lunes 03/07/2034;D;N;T;D;M;O
Martes 04/07/2034;M;D;N;D;T;O
Miércoles 05/07/2034;M;D;N;D;T;O
Jueves 06/07/2034;T;D;D;M;N;O
Viernes 07/07/2034;T;D;D;M;N;O
Sábado 08/07/2034;N;M;D;T;D;D
Domingo 09/07/2034;N;M;D;T;D;D
Lunes 10/07/2034;D;T;O;N;D;M
Martes 11/07/2034;D;T;O;N;D;M
Miércoles 12/07/2034;D;N;O;D;M;T
Jueves 13/07/2034;D;N;O;D;M;T
Viernes 14/07/2034;M;D;O;D;T;N
Sábado 15/07/2034;M;D;D;D;T;N
Domingo 16/07/2034;T;D;D;M;N;D
Lunes 17/07/2034;T;D;O;M;N;D
Martes 18/07/2034;N;M;O;T;D;D
Miércoles 19/07/2034;N;M;O;T;D;D
Jueves 20/07/2034;D;T;O;N;D;M
Viernes 21/07/2034;D;T;O;N;D;M
Sábado 22/07/2034;D;N;D;D;M;T
Domingo 23/07/2034;D;N;D;D;M;T
Lunes 24/07/2034;M;D;O;D;T;N
Martes 25/07/2034;M;D;O;D;T;N
Miércoles 26/07/2034;T;D;O;M;N;D
Jueves 27/07/2034;T;D;O;M;N;D
Viernes 28/07/2034;N;M;O;T;D;D
Sábado 29/07/2034;N;M;D;T;D;D
Domingo 30/07/2034;D;T;D;N;D;M
Lunes 31/07/2034;D;T;O;N;D;M
Martes 01/08/2034;D;N;O;D;M;T
Miércoles 02/08/2034;D;N;O;D;M;T
Jueves 03/08/2034;M;D;O;D;T;N
Viernes 04/08/2034;M;D;O;D;T;N
Sábado 05/08/2034;T;D;D;M;N;D
Domingo 06/08/2034;T;D;D;M;N;D
Lunes 07/08/2034;N;O;M;T;D;D
Martes 08/08/2034;N;O;M;T;D;D
Miércoles 09/08/2034;D;O;T;N;D;M
Jueves 10/08/2034;D;O;T;N;D;M
Viernes 11/08/2034;D;O;N;D;M;T
Sábado 12/08/2034;D;D;N;D;M;T
Domingo 13/08/2034;M;D;D;D;T;N
Lunes 14/08/2034;M;O;D;D;T;N
Martes 15/08/2034;T;O;D;M;N;D
Miércoles 16/08/2034;T;O;D;M;N;D
Jueves 17/08/2034;N;O;M;T;D;D
Viernes 18/08/2034;N;O;M;T;D;D
Sábado 19/08/2034;D;D;T;N;D;M
Domingo 20/08/2034;D;D;T;N;D;M
Lunes 21/08/2034;D;O;N;D;M;T
Martes 22/08/2034;D;O;N;D;M;T
Miércoles 23/08/2034;M;O;D;D;T;N
Jueves 24/08/2034;M;O;D;D;T;N
Viernes 25/08/2034;T;O;D;M;N;D
Sábado 26/08/2034;T;D;D;M;N;D
Domingo 27/08/2034;N;D;M;T;D;D
Lunes 28/08/2034;N;O;M;T;D;D
Martes 29/08/2034;D;O;T;N;D;M
Miércoles 30/08/2034;D;O;T;N;D;M
Jueves 31/08/2034;D;O;N;D;M;T
Viernes 01/09/2034;D;O;N;D;M;T
Sábado 02/09/2034;M;D;D;D;T;N
Domingo 03/09/2034;M;D;D;D;T;N
Lunes 04/09/2034;T;M;D;O;N;D
Martes 05/09/2034;T;M;D;O;N;D
Miércoles 06/09/2034;N;T;M;O;D;D
Jueves 07/09/2034;N;T;M;O;D;D
Viernes 08/09/2034;D;N;T;O;D;M
Sábado 09/09/2034;D;N;T;D;D;M
Domingo 10/09/2034;D;D;N;D;M;T
Lunes 11/09/2034;D;D;N;O;M;T
Martes 12/09/2034;M;D;D;O;T;N
Miércoles 13/09/2034;M;D;D;O;T;N
Jueves 14/09/2034;T;M;D;O;N;D
Viernes 15/09/2034;T;M;D;O;N;D
Sábado 16/09/2034;N;T;M;D;D;D
Domingo 17/09/2034;N;T;M;D;D;D
Lunes 18/09/2034;D;N;T;O;D;M
Martes 19/09/2034;D;N;T;O;D;M
Miércoles 20/09/2034;D;D;N;O;M;T
Jueves 21/09/2034;D;D;N;O;M;T
Viernes 22/09/2034;M;D;D;O;T;N
Sábado 23/09/2034;M;D;D;D;T;N
Domingo 24/09/2034;T;M;D;D;N;D
Lunes 25/09/2034;T;M;D;O;N;D
Martes 26/09/2034;N;T;M;O;D;D
Miércoles 27/09/2034;N;T;M;O;D;D
Jueves 28/09/2034;D;N;T;O;D;M
Viernes 29/09/2034;D;N;T;O;D;M
Sábado 30/09/2034;D;D;N;D;M;T
Domingo 01/10/2034;D;D;N;D;M;T
Lunes 02/10/2034;O;D;D;M;T;N
Martes 03/10/2034;O;D;D;M;T;N
Miércoles 04/10/2034;O;M;D;T;N;D
Jueves 05/10/2034;O;M;D;T;N;D
Viernes 06/10/2034;O;T;M;N;D;D
Sábado 07/10/2034;D;T;M;N;D;D
Domingo 08/10/2034;D;N;T;D;D;M
Lunes 09/10/2034;O;N;T;D;D;M
Martes 10/10/2034;O;D;N;D;M;T
Miércoles 11/10/2034;O;D;N;D;M;T
Jueves 12/10/2034;O;D;D;M;T;N
Viernes 13/10/2034;O;D;D;M;T;N
Sábado 14/10/2034;D;M;D;T;N;D
Domingo 15/10/2034;D;M;D;T;N;D
Lunes 16/10/2034;M;T;O;N;D;D
Martes 17/10/2034;M;T;O;N;D;D
Miércoles 18/10/2034;T;N;O;D;D;M
Jueves 19/10/2034;T;N;O;D;D;M
Viernes 20/10/2034;N;D;O;D;M;T
Sábado 21/10/2034;N;D;D;D;M;T
Domingo 22/10/2034;D;D;D;M;T;N
Lunes 23/10/2034;D;D;O;M;T;N
Martes 24/10/2034;D;M;O;T;N;D
Miércoles 25/10/2034;D;M;O;T;N;D
Jueves 26/10/2034;M;T;O;N;D;D
Viernes 27/10/2034;M;T;O;N;D;D
Sábado 28/10/2034;T;N;D;D;D;M
Domingo 29/10/2034;T;N;D;D;D;M
Lunes 30/10/2034;N;D;M;D;O;T
Martes 31/10/2034;N;D;M;D;O;T
Miércoles 01/11/2034;D;D;T;M;O;N
Jueves 02/11/2034;D;D;T;M;O;N
Viernes 03/11/2034;D;M;N;T;O;D
Sábado 04/11/2034;D;M;N;T;D;D
Domingo 05/11/2034;M;T;D;N;D;D
Lunes 06/11/2034;M;T;D;N;O;D
Martes 07/11/2034;T;N;D;D;O;M
Miércoles 08/11/2034;T;N;D;D;O;M
Jueves 09/11/2034;N;D;M;D;O;T
Viernes 10/11/2034;N;D;M;D;O;T
Sábado 11/11/2034;D;D;T;M;D;N
Domingo 12/11/2034;D;D;T;M;D;N
Lunes 13/11/2034;D;O;N;T;M;D
Martes 14/11/2034;D;O;N;T;M;D
Miércoles 15/11/2034;M;O;D;N;T;D
Jueves 16/11/2034;M;O;D;N;T;D
Viernes 17/11/2034;T;O;D;D;N;M
Sábado 18/11/2034;T;D;D;D;N;M
Domingo 19/11/2034;N;D;M;D;D;T
Lunes 20/11/2034;N;O;M;D;D;T
Martes 21/11/2034;D;O;T;M;D;N
Miércoles 22/11/2034;D;O;T;M;D;N
Jueves 23/11/2034;D;O;N;T;M;D
Viernes 24/11/2034;D;O;N;T;M;D
Sábado 25/11/2034;M;D;D;N;T;D
Domingo 26/11/2034;M;D;D;N;T;D
Lunes 27/11/2034;T;M;D;D;N;O
Martes 28/11/2034;T;M;D;D;N;O
Miércoles 29/11/2034;N;T;M;D;D;O
Jueves 30/11/2034;N;T;M;D;D;O
Viernes 01/12/2034;D;N;T;M;D;O
Sábado 02/12/2034;D;N;T;M;D;D
Domingo 03/12/2034;D;D;N;T;M;D
Lunes 04/12/2034;D;D;N;T;M;O
Martes 05/12/2034;M;D;D;N;T;O
Miércoles 06/12/2034;M;D;D;N;T;O
Jueves 07/12/2034;T;M;D;D;N;O
Viernes 08/12/2034;T;M;D;D;N;O
Sábado 09/12/2034;N;T;M;D;D;D
Domingo 10/12/2034;N;T;M;D;D;D
Lunes 11/12/2034;D;N;T;O;D;M
Martes 12/12/2034;D;N;T;O;D;M
Miércoles 13/12/2034;D;D;N;O;M;T
Jueves 14/12/2034;D;D;N;O;M;T
Viernes 15/12/2034;M;D;D;O;T;N
Sábado 16/12/2034;M;D;D;D;T;N
Domingo 17/12/2034;T;M;D;D;N;D
Lunes 18/12/2034;T;M;D;O;N;D
Martes 19/12/2034;N;T;M;O;D;D
Miércoles 20/12/2034;N;T;M;O;D;D
Jueves 21/12/2034;D;N;T;O;D;M
Viernes 22/12/2034;D;N;T;O;D;M
Sábado 23/12/2034;D;D;N;D;M;T
Domingo 24/12/2034;D;D;N;D;M;T
Lunes 25/12/2034;O;D;D;M;T;N
Martes 26/12/2034;O;D;D;M;T;N
Miércoles 27/12/2034;O;M;D;T;N;D
Jueves 28/12/2034;O;M;D;T;N;D
Viernes 29/12/2034;O;T;M;N;D;D
Sábado 30/12/2034;D;T;M;N;D;D
Domingo 31/12/2034;D;N;T;D;D;M
Lunes 01/01/2035;O;N;T;D;D;M
Martes 02/01/2035;O;D;N;D;M;T
Miércoles 03/01/2035;O;D;N;D;M;T
Jueves 04/01/2035;O;D;D;M;T;N
Viernes 05/01/2035;O;D;D;M;T;N
Sábado 06/01/2035;D;M;D;T;N;D
Domingo 07/01/2035;D;M;D;T;N;D
Lunes 08/01/2035;M;T;O;N;D;D
Martes 09/01/2035;M;T;O;N;D;D
Miércoles 10/01/2035;T;N;O;D;D;M
Jueves 11/01/2035;T;N;O;D;D;M
Viernes 12/01/2035;N;D;O;D;M;T
Sábado 13/01/2035;N;D;D;D;M;T
Domingo 14/01/2035;D;D;D;M;T;N
Lunes 15/01/2035;D;D;O;M;T;N
Martes 16/01/2035;D;M;O;T;N;D
Miércoles 17/01/2035;D;M;O;T;N;D
Jueves 18/01/2035;M;T;O;N;D;D
Viernes 19/01/2035;M;T;O;N;D;D
Sábado 20/01/2035;T;N;D;D;D;M
Domingo 21/01/2035;T;N;D;D;D;M
Lunes 22/01/2035;N;D;M;D;O;T
Martes 23/01/2035;N;D;M;D;O;T
Miércoles 24/01/2035;D;D;T;M;O;N
Jueves 25/01/2035;D;D;T;M;O;N
Viernes 26/01/2035;D;M;N;T;O;D
Sábado 27/01/2035;D;M;N;T;D;D
Domingo 28/01/2035;M;T;D;N;D;D
Lunes 29/01/2035;M;T;D;N;O;D
Martes 30/01/2035;T;N;D;D;O;M
Miércoles 31/01/2035;T;N;D;D;O;M
Jueves 01/02/2035;N;D;M;D;O;T
Viernes 02/02/2035;N;D;M;D;O;T
Sábado 03/02/2035;D;D;T;M;D;N
Domingo 04/02/2035;D;D;T;M;D;N
Lunes 05/02/2035;D;O;N;T;M;D
Martes 06/02/2035;D;O;N;T;M;D
Miércoles 07/02/2035;M;O;D;N;T;D
Jueves 08/02/2035;M;O;D;N;T;D
Viernes 09/02/2035;T;O;D;D;N;M
Sábado 10/02/2035;T;D;D;D;N;M
Domingo 11/02/2035;N;D;M;D;D;T
Lunes 12/02/2035;N;O;M;D;D;T
Martes 13/02/2035;D;O;T;M;D;N
Miércoles 14/02/2035;D;O;T;M;D;N
Jueves 15/02/2035;D;O;N;T;M;D
Viernes 16/02/2035;D;O;N;T;M;D
Sábado 17/02/2035;M;D;D;N;T;D
Domingo 18/02/2035;M;D;D;N;T;D
Lunes 19/02/2035;T;M;D;D;N;O
Martes 20/02/2035;T;M;D;D;N;O
Miércoles 21/02/2035;N;T;M;D;D;O
Jueves 22/02/2035;N;T;M;D;D;O
Viernes 23/02/2035;D;N;T;M;D;O
Sábado 24/02/2035;D;N;T;M;D;D
Domingo 25/02/2035;D;D;N;T;M;D
Lunes 26/02/2035;D;D;N;T;M;O
Martes 27/02/2035;M;D;D;N;T;O
Miércoles 28/02/2035;M;D;D;N;T;O
Jueves 01/03/2035;T;M;D;D;N;O
Viernes 02/03/2035;T;M;D;D;N;O
Sábado 03/03/2035;N;T;M;D;D;D
Domingo 04/03/2035;N;T;M;D;D;D
Lunes 05/03/2035;D;N;T;O;D;M
Martes 06/03/2035;D;N;T;O;D;M
Miércoles 07/03/2035;D;D;N;O;M;T
Jueves 08/03/2035;D;D;N;O;M;T
Viernes 09/03/2035;M;D;D;O;T;N
Sábado 10/03/2035;M;D;D;D;T;N
Domingo 11/03/2035;T;M;D;D;N;D
Lunes 12/03/2035;T;M;D;O;N;D
Martes 13/03/2035;N;T;M;O;D;D
Miércoles 14/03/2035;N;T;M;O;D;D
Jueves 15/03/2035;D;N;T;O;D;M
Viernes 16/03/2035;D;N;T;O;D;M
Sábado 17/03/2035;D;D;N;D;M;T
Domingo 18/03/2035;D;D;N;D;M;T
Lunes 19/03/2035;O;D;D;M;T;N
Martes 20/03/2035;O;D;D;M;T;N
Miércoles 21/03/2035;O;M;D;T;N;D
Jueves 22/03/2035;O;M;D;T;N;D
Viernes 23/03/2035;O;T;M;N;D;D
Sábado 24/03/2035;D;T;M;N;D;D
Domingo 25/03/2035;D;N;T;D;D;M
Lunes 26/03/2035;O;N;T;D;D;M
Martes 27/03/2035;O;D;N;D;M;T
Miércoles 28/03/2035;O;D;N;D;M;T
Jueves 29/03/2035;O;D;D;M;T;N
Viernes 30/03/2035;O;D;D;M;T;N
Sábado 31/03/2035;D;M;D;T;N;D
Domingo 01/04/2035;D;M;D;T;N;D
Lunes 02/04/2035;M;T;O;N;D;D
Martes 03/04/2035;M;T;O;N;D;D
Miércoles 04/04/2035;T;N;O;D;D;M
Jueves 05/04/2035;T;N;O;D;D;M
Viernes 06/04/2035;N;D;O;D;M;T
Sábado 07/04/2035;N;D;D;D;M;T
Domingo 08/04/2035;D;D;D;M;T;N
Lunes 09/04/2035;D;D;O;M;T;N
Martes 10/04/2035;D;M;O;T;N;D
Miércoles 11/04/2035;D;M;O;T;N;D
Jueves 12/04/2035;M;T;O;N;D;D
Viernes 13/04/2035;M;T;O;N;D;D
Sábado 14/04/2035;T;N;D;D;D;M
Domingo 15/04/2035;T;N;D;D;D;M
Lunes 16/04/2035;N;D;O;D;M;T
Martes 17/04/2035;N;D;O;D;M;T
Miércoles 18/04/2035;D;D;O;M;T;N
Jueves 19/04/2035;D;D;O;M;T;N
Viernes 20/04/2035;D;M;O;T;N;D
Sábado 21/04/2035;D;M;D;T;N;D
Domingo 22/04/2035;M;T;D;N;D;D
Lunes 23/04/2035;M;T;O;N;D;D
Martes 24/04/2035;T;N;O;D;D;M
Miércoles 25/04/2035;T;N;O;D;D;M
Jueves 26/04/2035;N;D;O;D;M;T
Viernes 27/04/2035;N;D;O;D;M;T
Sábado 28/04/2035;D;D;D;M;T;N
Domingo 29/04/2035;D;D;D;M;T;N
Lunes 30/04/2035;D;O;M;T;N;D
Martes 01/05/2035;D;O;M;T;N;D
Miércoles 02/05/2035;M;O;T;N;D;D
Jueves 03/05/2035;M;O;T;N;D;D
Viernes 04/05/2035;T;O;N;D;D;M
Sábado 05/05/2035;T;D;N;D;D;M
Domingo 06/05/2035;N;D;D;D;M;T
Lunes 07/05/2035;N;O;D;D;M;T
Martes 08/05/2035;D;O;D;M;T;N
Miércoles 09/05/2035;D;O;D;M;T;N
Jueves 10/05/2035;D;O;M;T;N;D
Viernes 11/05/2035;D;O;M;T;N;D
Sábado 12/05/2035;M;D;T;N;D;D
Domingo 13/05/2035;M;D;T;N;D;D
Lunes 14/05/2035;T;O;N;D;D;M
Martes 15/05/2035;T;O;N;D;D;M
Miércoles 16/05/2035;N;O;D;D;M;T
Jueves 17/05/2035;N;O;D;D;M;T
Viernes 18/05/2035;D;O;D;M;T;N
Sábado 19/05/2035;D;D;D;M;T;N
Domingo 20/05/2035;D;D;M;T;N;D
Lunes 21/05/2035;D;O;M;T;N;D
Martes 22/05/2035;M;O;T;N;D;D
Miércoles 23/05/2035;M;O;T;N;D;D
Jueves 24/05/2035;T;O;N;D;D;M
Viernes 25/05/2035;T;O;N;D;D;M
Sábado 26/05/2035;N;D;D;D;M;T
Domingo 27/05/2035;N;D;D;D;M;T
Lunes 28/05/2035;D;M;D;O;T;N
Martes 29/05/2035;D;M;D;O;T;N
Miércoles 30/05/2035;D;T;M;O;N;D
Jueves 31/05/2035;D;T;M;O;N;D
Viernes 01/06/2035;M;N;T;O;D;D
Sábado 02/06/2035;M;N;T;D;D;D
Domingo 03/06/2035;T;D;N;D;D;M
Lunes 04/06/2035;T;D;N;O;D;M
Martes 05/06/2035;N;D;D;O;M;T
Miércoles 06/06/2035;N;D;D;O;M;T
Jueves 07/06/2035;D;M;D;O;T;N
Viernes 08/06/2035;D;M;D;O;T;N
Sábado 09/06/2035;D;T;M;D;N;D
Domingo 10/06/2035;D;T;M;D;N;D
Lunes 11/06/2035;M;N;T;O;D;D
Martes 12/06/2035;M;N;T;O;D;D
Miércoles 13/06/2035;T;D;N;O;D;M
Jueves 14/06/2035;T;D;N;O;D;M
Viernes 15/06/2035;N;D;D;O;M;T
Sábado 16/06/2035;N;D;D;D;M;T
Domingo 17/06/2035;D;M;D;D;T;N
Lunes 18/06/2035;D;M;D;O;T;N
Martes 19/06/2035;D;T;M;O;N;D
Miércoles 20/06/2035;D;T;M;O;N;D
Jueves 21/06/2035;M;N;T;O;D;D
Viernes 22/06/2035;M;N;T;O;D;D
Sábado 23/06/2035;T;D;N;D;D;M
Domingo 24/06/2035;T;D;N;D;D;M
Lunes 25/06/2035;N;D;D;M;O;T
Martes 26/06/2035;N;D;D;M;O;T
Miércoles 27/06/2035;D;M;D;T;O;N
Jueves 28/06/2035;D;M;D;T;O;N
Viernes 29/06/2035;D;T;M;N;O;D
Sábado 30/06/2035;D;T;M;N;D;D
Domingo 01/07/2035;M;N;T;D;D;D
Lunes 02/07/2035;M;N;T;D;O;D
Martes 03/07/2035;T;D;N;D;O;M
Miércoles 04/07/2035;T;D;N;D;O;M
Jueves 05/07/2035;N;D;D;M;O;T
Viernes 06/07/2035;N;D;D;M;O;T
Sábado 07/07/2035;D;M;D;T;D;N
Domingo 08/07/2035;D;M;D;T;D;N
Lunes 09/07/2035;D;T;M;N;O;D
Martes 10/07/2035;D;T;M;N;O;D
Miércoles 11/07/2035;M;N;T;D;O;D
Jueves 12/07/2035;M;N;T;D;O;D
Viernes 13/07/2035;T;D;N;D;O;M
Sábado 14/07/2035;T;D;N;D;D;M
Domingo 15/07/2035;N;D;D;M;D;T
Lunes 16/07/2035;N;D;D;M;O;T
Martes 17/07/2035;D;M;D;T;O;N
Miércoles 18/07/2035;D;M;D;T;O;N
Jueves 19/07/2035;D;T;M;N;O;D
Viernes 20/07/2035;D;T;M;N;O;D
Sábado 21/07/2035;M;N;T;D;D;D
Domingo 22/07/2035;M;N;T;D;D;D
Lunes 23/07/2035;T;D;N;D;M;O
Martes 24/07/2035;T;D;N;D;M;O
Miércoles 25/07/2035;N;D;D;M;T;O
Jueves 26/07/2035;N;D;D;M;T;O
Viernes 27/07/2035;D;M;D;T;N;O
Sábado 28/07/2035;D;M;D;T;N;D
Domingo 29/07/2035;D;T;M;N;D;D
Lunes 30/07/2035;D;T;M;N;D;O
Martes 31/07/2035;M;N;T;D;D;O
Miércoles 01/08/2035;M;N;T;D;D;O
Jueves 02/08/2035;T;D;N;D;M;O
Viernes 03/08/2035;T;D;N;D;M;O
Sábado 04/08/2035;N;D;D;M;T;D
Domingo 05/08/2035;N;D;D;M;T;D
Lunes 06/08/2035;D;M;D;T;N;O
Martes 07/08/2035;D;M;D;T;N;O
Miércoles 08/08/2035;D;T;M;N;D;O
Jueves 09/08/2035;D;T;M;N;D;O
Viernes 10/08/2035;M;N;T;D;D;O
Sábado 11/08/2035;M;N;T;D;D;D
Domingo 12/08/2035;T;D;N;D;M;D
Lunes 13/08/2035;T;D;N;D;M;O
Martes 14/08/2035;N;D;D;M;T;O
Miércoles 15/08/2035;N;D;D;M;T;O
Jueves 16/08/2035;D;M;D;T;N;O
Viernes 17/08/2035;D;M;D;T;N;O
Sábado 18/08/2035;D;T;M;N;D;D
Domingo 19/08/2035;D;T;M;N;D;D
Lunes 20/08/2035;O;N;T;D;D;M
Martes 21/08/2035;O;N;T;D;D;M
Miércoles 22/08/2035;O;D;N;D;M;T
Jueves 23/08/2035;O;D;N;D;M;T
Viernes 24/08/2035;O;D;D;M;T;N
Sábado 25/08/2035;D;D;D;M;T;N
Domingo 26/08/2035;D;M;D;T;N;D
Lunes 27/08/2035;O;M;D;T;N;D
Martes 28/08/2035;O;T;M;N;D;D
Miércoles 29/08/2035;O;T;M;N;D;D
Jueves 30/08/2035;O;N;T;D;D;M
Viernes 31/08/2035;O;N;T;D;D;M
Sábado 01/09/2035;D;D;N;D;M;T
Domingo 02/09/2035;D;D;N;D;M;T
Lunes 03/09/2035;O;D;D;M;T;N
Martes 04/09/2035;O;D;D;M;T;N
Miércoles 05/09/2035;O;M;D;T;N;D
Jueves 06/09/2035;O;M;D;T;N;D
Viernes 07/09/2035;O;T;M;N;D;D
Sábado 08/09/2035;D;T;M;N;D;D
Domingo 09/09/2035;D;N;T;D;D;M
Lunes 10/09/2035;O;N;T;D;D;M
Martes 11/09/2035;O;D;N;D;M;T
Miércoles 12/09/2035;O;D;N;D;M;T
Jueves 13/09/2035;O;D;D;M;T;N
Viernes 14/09/2035;O;D;D;M;T;N
Sábado 15/09/2035;D;M;D;T;N;D
Domingo 16/09/2035;D;M;D;T;N;D
Lunes 17/09/2035;M;T;O;N;D;D
Martes 18/09/2035;M;T;O;N;D;D
Miércoles 19/09/2035;T;N;O;D;D;M
Jueves 20/09/2035;T;N;O;D;D;M
Viernes 21/09/2035;N;D;O;D;M;T
Sábado 22/09/2035;N;D;D;D;M;T
Domingo 23/09/2035;D;D;D;M;T;N
Lunes 24/09/2035;D;D;O;M;T;N
Martes 25/09/2035;D;M;O;T;N;D
Miércoles 26/09/2035;D;M;O;T;N;D
Jueves 27/09/2035;M;T;O;N;D;D
Viernes 28/09/2035;M;T;O;N;D;D
Sábado 29/09/2035;T;N;D;D;D;M
Domingo 30/09/2035;T;N;D;D;D;M
Lunes 01/10/2035;N;D;M;D;O;T
Martes 02/10/2035;N;D;M;D;O;T
Miércoles 03/10/2035;D;D;T;M;O;N
Jueves 04/10/2035;D;D;T;M;O;N
Viernes 05/10/2035;D;M;N;T;O;D
Sábado 06/10/2035;D;M;N;T;D;D
Domingo 07/10/2035;M;T;D;N;D;D
Lunes 08/10/2035;M;T;D;N;O;D
Martes 09/10/2035;T;N;D;D;O;M
Miércoles 10/10/2035;T;N;D;D;O;M
Jueves 11/10/2035;N;D;M;D;O;T
Viernes 12/10/2035;N;D;M;D;O;T
Sábado 13/10/2035;D;D;T;M;D;N
Domingo 14/10/2035;D;D;T;M;D;N
Lunes 15/10/2035;D;O;N;T;M;D
Martes 16/10/2035;D;O;N;T;M;D
Miércoles 17/10/2035;M;O;D;N;T;D
Jueves 18/10/2035;M;O;D;N;T;D
Viernes 19/10/2035;T;O;D;D;N;M
Sábado 20/10/2035;T;D;D;D;N;M
Domingo 21/10/2035;N;D;M;D;D;T
Lunes 22/10/2035;N;O;M;D;D;T
Martes 23/10/2035;D;O;T;M;D;N
Miércoles 24/10/2035;D;O;T;M;D;N
Jueves 25/10/2035;D;O;N;T;M;D
Viernes 26/10/2035;D;O;N;T;M;D
Sábado 27/10/2035;M;D;D;N;T;D
Domingo 28/10/2035;M;D;D;N;T;D
Lunes 29/10/2035;T;M;D;D;N;O
Martes 30/10/2035;T;M;D;D;N;O
Miércoles 31/10/2035;N;T;M;D;D;O
Jueves 01/11/2035;N;T;M;D;D;O
Viernes 02/11/2035;D;N;T;M;D;O
Sábado 03/11/2035;D;N;T;M;D;D
Domingo 04/11/2035;D;D;N;T;M;D
Lunes 05/11/2035;D;D;N;T;M;O
Martes 06/11/2035;M;D;D;N;T;O
Miércoles 07/11/2035;M;D;D;N;T;O
Jueves 08/11/2035;T;M;D;D;N;O
Viernes 09/11/2035;T;M;D;D;N;O
Sábado 10/11/2035;N;T;M;D;D;D
Domingo 11/11/2035;N;T;M;D;D;D
Lunes 12/11/2035;D;N;T;O;D;M
Martes 13/11/2035;D;N;T;O;D;M
Miércoles 14/11/2035;D;D;N;O;M;T
Jueves 15/11/2035;D;D;N;O;M;T
Viernes 16/11/2035;M;D;D;O;T;N
Sábado 17/11/2035;M;D;D;D;T;N
Domingo 18/11/2035;T;M;D;D;N;D
Lunes 19/11/2035;T;M;D;O;N;D
Martes 20/11/2035;N;T;M;O;D;D
Miércoles 21/11/2035;N;T;M;O;D;D
Jueves 22/11/2035;D;N;T;O;D;M
Viernes 23/11/2035;D;N;T;O;D;M
Sábado 24/11/2035;D;D;N;D;M;T
Domingo 25/11/2035;D;D;N;D;M;T
Lunes 26/11/2035;O;D;D;M;T;N
Martes 27/11/2035;O;D;D;M;T;N
Miércoles 28/11/2035;O;M;D;T;N;D
Jueves 29/11/2035;O;M;D;T;N;D
Viernes 30/11/2035;O;T;M;N;D;D
Sábado 01/12/2035;D;T;M;N;D;D
Domingo 02/12/2035;D;N;T;D;D;M
Lunes 03/12/2035;O;N;T;D;D;M
Martes 04/12/2035;O;D;N;D;M;T
Miércoles 05/12/2035;O;D;N;D;M;T
Jueves 06/12/2035;O;D;D;M;T;N
Viernes 07/12/2035;O;D;D;M;T;N
Sábado 08/12/2035;D;M;D;T;N;D
Domingo 09/12/2035;D;M;D;T;N;D
Lunes 10/12/2035;M;T;O;N;D;D
Martes 11/12/2035;M;T;O;N;D;D
Miércoles 12/12/2035;T;N;O;D;D;M
Jueves 13/12/2035;T;N;O;D;D;M
Viernes 14/12/2035;N;D;O;D;M;T
Sábado 15/12/2035;N;D;D;D;M;T
Domingo 16/12/2035;D;D;D;M;T;N
Lunes 17/12/2035;D;D;O;M;T;N
Martes 18/12/2035;D;M;O;T;N;D
Miércoles 19/12/2035;D;M;O;T;N;D
Jueves 20/12/2035;M;T;O;N;D;D
Viernes 21/12/2035;M;T;O;N;D;D
Sábado 22/12/2035;T;N;D;D;D;M
Domingo 23/12/2035;T;N;D;D;D;M
Lunes 24/12/2035;N;D;M;D;O;T
Martes 25/12/2035;N;D;M;D;O;T
Miércoles 26/12/2035;D;D;T;M;O;N
Jueves 27/12/2035;D;D;T;M;O;N
Viernes 28/12/2035;D;M;N;T;O;D
Sábado 29/12/2035;D;M;N;T;D;D
Domingo 30/12/2035;M;T;D;N;D;D
Lunes 31/12/2035;M;T;D;N;O;D
Martes 01/01/2036;T;N;D;D;O;M
Miércoles 02/01/2036;T;N;D;D;O;M
Jueves 03/01/2036;N;D;M;D;O;T
Viernes 04/01/2036;N;D;M;D;O;T
Sábado 05/01/2036;D;D;T;M;D;N
Domingo 06/01/2036;D;D;T;M;D;N
Lunes 07/01/2036;D;O;N;T;M;D
Martes 08/01/2036;D;O;N;T;M;D
Miércoles 09/01/2036;M;O;D;N;T;D
Jueves 10/01/2036;M;O;D;N;T;D
Viernes 11/01/2036;T;O;D;D;N;M
Sábado 12/01/2036;T;D;D;D;N;M
Domingo 13/01/2036;N;D;M;D;D;T
Lunes 14/01/2036;N;O;M;D;D;T
Martes 15/01/2036;D;O;T;M;D;N
Miércoles 16/01/2036;D;O;T;M;D;N
Jueves 17/01/2036;D;O;N;T;M;D
Viernes 18/01/2036;D;O;N;T;M;D
Sábado 19/01/2036;M;D;D;N;T;D
Domingo 20/01/2036;M;D;D;N;T;D
Lunes 21/01/2036;T;M;D;D;N;O
Martes 22/01/2036;T;M;D;D;N;O
Miércoles 23/01/2036;N;T;M;D;D;O
Jueves 24/01/2036;N;T;M;D;D;O
Viernes 25/01/2036;D;N;T;M;D;O
Sábado 26/01/2036;D;N;T;M;D;D
Domingo 27/01/2036;D;D;N;T;M;D
Lunes 28/01/2036;D;D;N;T;M;O
Martes 29/01/2036;M;D;D;N;T;O
Miércoles 30/01/2036;M;D;D;N;T;O
Jueves 31/01/2036;T;M;D;D;N;O
Viernes 01/02/2036;T;M;D;D;N;O
Sábado 02/02/2036;N;T;M;D;D;D
Domingo 03/02/2036;N;T;M;D;D;D
Lunes 04/02/2036;D;N;T;O;D;M
Martes 05/02/2036;D;N;T;O;D;M
Miércoles 06/02/2036;D;D;N;O;M;T
Jueves 07/02/2036;D;D;N;O;M;T
Viernes 08/02/2036;M;D;D;O;T;N
Sábado 09/02/2036;M;D;D;D;T;N
Domingo 10/02/2036;T;M;D;D;N;D
Lunes 11/02/2036;T;M;D;O;N;D
Martes 12/02/2036;N;T;M;O;D;D
Miércoles 13/02/2036;N;T;M;O;D;D
Jueves 14/02/2036;D;N;T;O;D;M
Viernes 15/02/2036;D;N;T;O;D;M
Sábado 16/02/2036;D;D;N;D;M;T
Domingo 17/02/2036;D;D;N;D;M;T
Lunes 18/02/2036;O;D;D;M;T;N
Martes 19/02/2036;O;D;D;M;T;N
Miércoles 20/02/2036;O;M;D;T;N;D
Jueves 21/02/2036;O;M;D;T;N;D
Viernes 22/02/2036;O;T;M;N;D;D
Sábado 23/02/2036;D;T;M;N;D;D
Domingo 24/02/2036;D;N;T;D;D;M
Lunes 25/02/2036;O;N;T;D;D;M
Martes 26/02/2036;O;D;N;D;M;T
Miércoles 27/02/2036;O;D;N;D;M;T
Jueves 28/02/2036;O;D;D;M;T;N
Viernes 29/02/2036;O;D;D;M;T;N
Sábado 01/03/2036;D;M;D;T;N;D
Domingo 02/03/2036;D;M;D;T;N;D
Lunes 03/03/2036;M;T;O;N;D;D
Martes 04/03/2036;M;T;O;N;D;D
Miércoles 05/03/2036;T;N;O;D;D;M
Jueves 06/03/2036;T;N;O;D;D;M
Viernes 07/03/2036;N;D;O;D;M;T
Sábado 08/03/2036;N;D;D;D;M;T
Domingo 09/03/2036;D;D;D;M;T;N
Lunes 10/03/2036;D;D;O;M;T;N
Martes 11/03/2036;D;M;O;T;N;D
Miércoles 12/03/2036;D;M;O;T;N;D
Jueves 13/03/2036;M;T;O;N;D;D
Viernes 14/03/2036;M;T;O;N;D;D
Sábado 15/03/2036;T;N;D;D;D;M
Domingo 16/03/2036;T;N;D;D;D;M
Lunes 17/03/2036;N;D;M;D;O;T
Martes 18/03/2036;N;D;M;D;O;T
Miércoles 19/03/2036;D;D;T;M;O;N
Jueves 20/03/2036;D;D;T;M;O;N
Viernes 21/03/2036;D;M;N;T;O;D
Sábado 22/03/2036;D;M;N;T;D;D
Domingo 23/03/2036;M;T;D;N;D;D
Lunes 24/03/2036;M;T;D;N;O;D
Martes 25/03/2036;T;N;D;D;O;M
Miércoles 26/03/2036;T;N;D;D;O;M
Jueves 27/03/2036;N;D;M;D;O;T
Viernes 28/03/2036;N;D;M;D;O;T
Sábado 29/03/2036;D;D;T;M;D;N
Domingo 30/03/2036;D;D;T;M;D;N
Lunes 31/03/2036;D;O;N;T;M;D
Martes 01/04/2036;D;O;N;T;M;D
Miércoles 02/04/2036;M;O;D;N;T;D
Jueves 03/04/2036;M;O;D;N;T;D
Viernes 04/04/2036;T;O;D;D;N;M
Sábado 05/04/2036;T;D;D;D;N;M
Domingo 06/04/2036;N;D;M;D;D;T
Lunes 07/04/2036;N;O;M;D;D;T
Martes 08/04/2036;D;O;T;M;D;N
Miércoles 09/04/2036;D;O;T;M;D;N
Jueves 10/04/2036;D;O;N;T;M;D
Viernes 11/04/2036;D;O;N;T;M;D
Sábado 12/04/2036;M;D;D;N;T;D
Domingo 13/04/2036;M;D;D;N;T;D
Lunes 14/04/2036;T;O;D;D;N;M
Martes 15/04/2036;T;O;D;D;N;M
Miércoles 16/04/2036;N;O;M;D;D;T
Jueves 17/04/2036;N;O;M;D;D;T
Viernes 18/04/2036;D;O;T;M;D;N
Sábado 19/04/2036;D;D;T;M;D;N
Domingo 20/04/2036;D;D;N;T;M;D
Lunes 21/04/2036;D;O;N;T;M;D
Martes 22/04/2036;M;O;D;N;T;D
Miércoles 23/04/2036;M;O;D;N;T;D
Jueves 24/04/2036;T;O;D;D;N;M
Viernes 25/04/2036;T;O;D;D;N;M
Sábado 26/04/2036;N;D;M;D;D;T
Domingo 27/04/2036;N;D;M;D;D;T
Lunes 28/04/2036;D;M;T;O;D;N
Martes 29/04/2036;D;M;T;O;D;N
Miércoles 30/04/2036;D;T;N;O;M;D
Jueves 01/05/2036;D;T;N;O;M;D
Viernes 02/05/2036;M;N;D;O;T;D
Sábado 03/05/2036;M;N;D;D;T;D
Domingo 04/05/2036;T;D;D;D;N;M
Lunes 05/05/2036;T;D;D;O;N;M
Martes 06/05/2036;N;D;M;O;D;T
Miércoles 07/05/2036;N;D;M;O;D;T
Jueves 08/05/2036;D;M;T;O;D;N
Viernes 09/05/2036;D;M;T;O;D;N
Sábado 10/05/2036;D;T;N;D;M;D
Domingo 11/05/2036;D;T;N;D;M;D
Lunes 12/05/2036;M;N;D;O;T;D
Martes 13/05/2036;M;N;D;O;T;D
Miércoles 14/05/2036;T;D;D;O;N;M
Jueves 15/05/2036;T;D;D;O;N;M
Viernes 16/05/2036;N;D;M;O;D;T
Sábado 17/05/2036;N;D;M;D;D;T
Domingo 18/05/2036;D;M;T;D;D;N
Lunes 19/05/2036;D;M;T;O;D;N
Martes 20/05/2036;D;T;N;O;M;D
Miércoles 21/05/2036;D;T;N;O;M;D
Jueves 22/05/2036;M;N;D;O;T;D
Viernes 23/05/2036;M;N;D;O;T;D
Sábado 24/05/2036;T;D;D;D;N;M
Domingo 25/05/2036;T;D;D;D;N;M
Lunes 26/05/2036;N;D;O;M;D;T
Martes 27/05/2036;N;D;O;M;D;T
Miércoles 28/05/2036;D;M;O;T;D;N
Jueves 29/05/2036;D;M;O;T;D;N
Viernes 30/05/2036;D;T;O;N;M;D
Sábado 31/05/2036;D;T;D;N;M;D
Domingo 01/06/2036;M;N;D;D;T;D
Lunes 02/06/2036;M;N;O;D;T;D
Martes 03/06/2036;T;D;O;D;N;M
Miércoles 04/06/2036;T;D;O;D;N;M
Jueves 05/06/2036;N;D;O;M;D;T
Viernes 06/06/2036;N;D;O;M;D;T
Sábado 07/06/2036;D;M;D;T;D;N
Domingo 08/06/2036;D;M;D;T;D;N
Lunes 09/06/2036;D;T;O;N;M;D
Martes 10/06/2036;D;T;O;N;M;D
Miércoles 11/06/2036;M;N;O;D;T;D
Jueves 12/06/2036;M;N;O;D;T;D
Viernes 13/06/2036;T;D;O;D;N;M
Sábado 14/06/2036;T;D;D;D;N;M
Domingo 15/06/2036;N;D;D;M;D;T
Lunes 16/06/2036;N;D;O;M;D;T
Martes 17/06/2036;D;M;O;T;D;N
Miércoles 18/06/2036;D;M;O;T;D;N
Jueves 19/06/2036;D;T;O;N;M;D
Viernes 20/06/2036;D;T;O;N;M;D
Sábado 21/06/2036;M;N;D;D;T;D
Domingo 22/06/2036;M;N;D;D;T;D
Lunes 23/06/2036;T;D;M;D;N;O
Martes 24/06/2036;T;D;M;D;N;O
Miércoles 25/06/2036;N;D;T;M;D;O
Jueves 26/06/2036;N;D;T;M;D;O
Viernes 27/06/2036;D;M;N;T;D;O
Sábado 28/06/2036;D;M;N;T;D;D
Domingo 29/06/2036;D;T;D;N;M;D
Lunes 30/06/2036;D;T;D;N;M;O
Martes 01/07/2036;M;N;D;D;T;O
Miércoles 02/07/2036;M;N;D;D;T;O
Jueves 03/07/2036;T;D;M;D;N;O
Viernes 04/07/2036;T;D;M;D;N;O
Sábado 05/07/2036;N;D;T;M;D;D
Domingo 06/07/2036;N;D;T;M;D;D
Lunes 07/07/2036;D;M;N;T;D;O
Martes 08/07/2036;D;M;N;T;D;O
Miércoles 09/07/2036;D;T;D;N;M;O
Jueves 10/07/2036;D;T;D;N;M;O
Viernes 11/07/2036;M;N;D;D;T;O
Sábado 12/07/2036;M;N;D;D;T;D
Domingo 13/07/2036;T;D;M;D;N;D
Lunes 14/07/2036;T;D;M;D;N;O
Martes 15/07/2036;N;D;T;M;D;O
Miércoles 16/07/2036;N;D;T;M;D;O
Jueves 17/07/2036;D;M;N;T;D;O
Viernes 18/07/2036;D;M;N;T;D;O
Sábado 19/07/2036;D;T;D;N;M;D
Domingo 20/07/2036;D;T;D;N;M;D
Lunes 21/07/2036;O;N;D;D;T;M
Martes 22/07/2036;O;N;D;D;T;M
Miércoles 23/07/2036;O;D;M;D;N;T
Jueves 24/07/2036;O;D;M;D;N;T
Viernes 25/07/2036;O;D;T;M;D;N
Sábado 26/07/2036;D;D;T;M;D;N
Domingo 27/07/2036;D;M;N;T;D;D
Lunes 28/07/2036;O;M;N;T;D;D
Martes 29/07/2036;O;T;D;N;M;D
Miércoles 30/07/2036;O;T;D;N;M;D
Jueves 31/07/2036;O;N;D;D;T;M
Viernes 01/08/2036;O;N;D;D;T;M
Sábado 02/08/2036;D;D;M;D;N;T
Domingo 03/08/2036;D;D;M;D;N;T
Lunes 04/08/2036;O;D;T;M;D;N
Martes 05/08/2036;O;D;T;M;D;N
Miércoles 06/08/2036;O;M;N;T;D;D
Jueves 07/08/2036;O;M;N;T;D;D
Viernes 08/08/2036;O;T;D;N;M;D
Sábado 09/08/2036;D;T;D;N;M;D
Domingo 10/08/2036;D;N;D;D;T;M
Lunes 11/08/2036;O;N;D;D;T;M
Martes 12/08/2036;O;D;M;D;N;T
Miércoles 13/08/2036;O;D;M;D;N;T
Jueves 14/08/2036;O;D;T;M;D;N
Viernes 15/08/2036;O;D;T;M;D;N
Sábado 16/08/2036;D;M;N;T;D;D
Domingo 17/08/2036;D;M;N;T;D;D
Lunes 18/08/2036;M;T;D;N;O;D
Martes 19/08/2036;M;T;D;N;O;D
Miércoles 20/08/2036;T;N;D;D;O;M
Jueves 21/08/2036;T;N;D;D;O;M
Viernes 22/08/2036;N;D;M;D;O;T
Sábado 23/08/2036;N;D;M;D;D;T
Domingo 24/08/2036;D;D;T;M;D;N
Lunes 25/08/2036;D;D;T;M;O;N
Martes 26/08/2036;D;M;N;T;O;D
Miércoles 27/08/2036;D;M;N;T;O;D
Jueves 28/08/2036;M;T;D;N;O;D
Viernes 29/08/2036;M;T;D;N;O;D
Sábado 30/08/2036;T;N;D;D;D;M
Domingo 31/08/2036;T;N;D;D;D;M
Lunes 01/09/2036;N;D;M;D;O;T
Martes 02/09/2036;N;D;M;D;O;T
Miércoles 03/09/2036;D;D;T;M;O;N
Jueves 04/09/2036;D;D;T;M;O;N
Viernes 05/09/2036;D;M;N;T;O;D
Sábado 06/09/2036;D;M;N;T;D;D
Domingo 07/09/2036;M;T;D;N;D;D
Lunes 08/09/2036;M;T;D;N;O;D
Martes 09/09/2036;T;N;D;D;O;M
Miércoles 10/09/2036;T;N;D;D;O;M
Jueves 11/09/2036;N;D;M;D;O;T
Viernes 12/09/2036;N;D;M;D;O;T
Sábado 13/09/2036;D;D;T;M;D;N
Domingo 14/09/2036;D;D;T;M;D;N
Lunes 15/09/2036;D;O;N;T;M;D
Martes 16/09/2036;D;O;N;T;M;D
Miércoles 17/09/2036;M;O;D;N;T;D
Jueves 18/09/2036;M;O;D;N;T;D
Viernes 19/09/2036;T;O;D;D;N;M
Sábado 20/09/2036;T;D;D;D;N;M
Domingo 21/09/2036;N;D;M;D;D;T
Lunes 22/09/2036;N;O;M;D;D;T
Martes 23/09/2036;D;O;T;M;D;N
Miércoles 24/09/2036;D;O;T;M;D;N
Jueves 25/09/2036;D;O;N;T;M;D
Viernes 26/09/2036;D;O;N;T;M;D
Sábado 27/09/2036;M;D;D;N;T;D
Domingo 28/09/2036;M;D;D;N;T;D
Lunes 29/09/2036;T;M;D;D;N;O
Martes 30/09/2036;T;M;D;D;N;O
Miércoles 01/10/2036;N;T;M;D;D;O
Jueves 02/10/2036;N;T;M;D;D;O
Viernes 03/10/2036;D;N;T;M;D;O
Sábado 04/10/2036;D;N;T;M;D;D
Domingo 05/10/2036;D;D;N;T;M;D
Lunes 06/10/2036;D;D;N;T;M;O
Martes 07/10/2036;M;D;D;N;T;O
Miércoles 08/10/2036;M;D;D;N;T;O
Jueves 09/10/2036;T;M;D;D;N;O
Viernes 10/10/2036;T;M;D;D;N;O
Sábado 11/10/2036;N;T;M;D;D;D
Domingo 12/10/2036;N;T;M;D;D;D
Lunes 13/10/2036;D;N;T;O;D;M
Martes 14/10/2036;D;N;T;O;D;M
Miércoles 15/10/2036;D;D;N;O;M;T
Jueves 16/10/2036;D;D;N;O;M;T
Viernes 17/10/2036;M;D;D;O;T;N
Sábado 18/10/2036;M;D;D;D;T;N
Domingo 19/10/2036;T;M;D;D;N;D
Lunes 20/10/2036;T;M;D;O;N;D
Martes 21/10/2036;N;T;M;O;D;D
Miércoles 22/10/2036;N;T;M;O;D;D
Jueves 23/10/2036;D;N;T;O;D;M
Viernes 24/10/2036;D;N;T;O;D;M
Sábado 25/10/2036;D;D;N;D;M;T
Domingo 26/10/2036;D;D;N;D;M;T
Lunes 27/10/2036;O;D;D;M;T;N
Martes 28/10/2036;O;D;D;M;T;N
Miércoles 29/10/2036;O;M;D;T;N;D
Jueves 30/10/2036;O;M;D;T;N;D
Viernes 31/10/2036;O;T;M;N;D;D
Sábado 01/11/2036;D;T;M;N;D;D
Domingo 02/11/2036;D;N;T;D;D;M
Lunes 03/11/2036;O;N;T;D;D;M
Martes 04/11/2036;O;D;N;D;M;T
Miércoles 05/11/2036;O;D;N;D;M;T
Jueves 06/11/2036;O;D;D;M;T;N
Viernes 07/11/2036;O;D;D;M;T;N
Sábado 08/11/2036;D;M;D;T;N;D
Domingo 09/11/2036;D;M;D;T;N;D
Lunes 10/11/2036;M;T;O;N;D;D
Martes 11/11/2036;M;T;O;N;D;D
Miércoles 12/11/2036;T;N;O;D;D;M
Jueves 13/11/2036;T;N;O;D;D;M
Viernes 14/11/2036;N;D;O;D;M;T
Sábado 15/11/2036;N;D;D;D;M;T
Domingo 16/11/2036;D;D;D;M;T;N
Lunes 17/11/2036;D;D;O;M;T;N
Martes 18/11/2036;D;M;O;T;N;D
Miércoles 19/11/2036;D;M;O;T;N;D
Jueves 20/11/2036;M;T;O;N;D;D
Viernes 21/11/2036;M;T;O;N;D;D
Sábado 22/11/2036;T;N;D;D;D;M
Domingo 23/11/2036;T;N;D;D;D;M
Lunes 24/11/2036;N;D;M;D;O;T
Martes 25/11/2036;N;D;M;D;O;T
Miércoles 26/11/2036;D;D;T;M;O;N
Jueves 27/11/2036;D;D;T;M;O;N
Viernes 28/11/2036;D;M;N;T;O;D
Sábado 29/11/2036;D;M;N;T;D;D
Domingo 30/11/2036;M;T;D;N;D;D
Lunes 01/12/2036;M;T;D;N;O;D
Martes 02/12/2036;T;N;D;D;O;M
Miércoles 03/12/2036;T;N;D;D;O;M
Jueves 04/12/2036;N;D;M;D;O;T
Viernes 05/12/2036;N;D;M;D;O;T
Sábado 06/12/2036;D;D;T;M;D;N
Domingo 07/12/2036;D;D;T;M;D;N
Lunes 08/12/2036;D;O;N;T;M;D
Martes 09/12/2036;D;O;N;T;M;D
Miércoles 10/12/2036;M;O;D;N;T;D
Jueves 11/12/2036;M;O;D;N;T;D
Viernes 12/12/2036;T;O;D;D;N;M
Sábado 13/12/2036;T;D;D;D;N;M
Domingo 14/12/2036;N;D;M;D;D;T
Lunes 15/12/2036;N;O;M;D;D;T
Martes 16/12/2036;D;O;T;M;D;N
Miércoles 17/12/2036;D;O;T;M;D;N
Jueves 18/12/2036;D;O;N;T;M;D
Viernes 19/12/2036;D;O;N;T;M;D
Sábado 20/12/2036;M;D;D;N;T;D
Domingo 21/12/2036;M;D;D;N;T;D
Lunes 22/12/2036;T;M;D;D;N;O
Martes 23/12/2036;T;M;D;D;N;O
Miércoles 24/12/2036;N;T;M;D;D;O
Jueves 25/12/2036;N;T;M;D;D;O
Viernes 26/12/2036;D;N;T;M;D;O
Sábado 27/12/2036;D;N;T;M;D;D
Domingo 28/12/2036;D;D;N;T;M;D
Lunes 29/12/2036;D;D;N;T;M;O
Martes 30/12/2036;M;D;D;N;T;O
Miércoles 31/12/2036;M;D;D;N;T;O
Jueves 01/01/2037;T;M;D;D;N;O
Viernes 02/01/2037;T;M;D;D;N;O
Sábado 03/01/2037;N;T;M;D;D;D
Domingo 04/01/2037;N;T;M;D;D;D
Lunes 05/01/2037;D;N;T;O;D;M
Martes 06/01/2037;D;N;T;O;D;M
Miércoles 07/01/2037;D;D;N;O;M;T
Jueves 08/01/2037;D;D;N;O;M;T
Viernes 09/01/2037;M;D;D;O;T;N
Sábado 10/01/2037;M;D;D;D;T;N
Domingo 11/01/2037;T;M;D;D;N;D
Lunes 12/01/2037;T;M;D;O;N;D
Martes 13/01/2037;N;T;M;O;D;D
Miércoles 14/01/2037;N;T;M;O;D;D
Jueves 15/01/2037;D;N;T;O;D;M
Viernes 16/01/2037;D;N;T;O;D;M
Sábado 17/01/2037;D;D;N;D;M;T
Domingo 18/01/2037;D;D;N;D;M;T
Lunes 19/01/2037;O;D;D;M;T;N
Martes 20/01/2037;O;D;D;M;T;N
Miércoles 21/01/2037;O;M;D;T;N;D
Jueves 22/01/2037;O;M;D;T;N;D
Viernes 23/01/2037;O;T;M;N;D;D
Sábado 24/01/2037;D;T;M;N;D;D
Domingo 25/01/2037;D;N;T;D;D;M
Lunes 26/01/2037;O;N;T;D;D;M
Martes 27/01/2037;O;D;N;D;M;T
Miércoles 28/01/2037;O;D;N;D;M;T
Jueves 29/01/2037;O;D;D;M;T;N
Viernes 30/01/2037;O;D;D;M;T;N
Sábado 31/01/2037;D;M;D;T;N;D
Domingo 01/02/2037;D;M;D;T;N;D
Lunes 02/02/2037;M;T;O;N;D;D
Martes 03/02/2037;M;T;O;N;D;D
Miércoles 04/02/2037;T;N;O;D;D;M
Jueves 05/02/2037;T;N;O;D;D;M
Viernes 06/02/2037;N;D;O;D;M;T
Sábado 07/02/2037;N;D;D;D;M;T
Domingo 08/02/2037;D;D;D;M;T;N
Lunes 09/02/2037;D;D;O;M;T;N
Martes 10/02/2037;D;M;O;T;N;D
Miércoles 11/02/2037;D;M;O;T;N;D
Jueves 12/02/2037;M;T;O;N;D;D
Viernes 13/02/2037;M;T;O;N;D;D
Sábado 14/02/2037;T;N;D;D;D;M
Domingo 15/02/2037;T;N;D;D;D;M
Lunes 16/02/2037;N;D;M;D;O;T
Martes 17/02/2037;N;D;M;D;O;T
Miércoles 18/02/2037;D;D;T;M;O;N
Jueves 19/02/2037;D;D;T;M;O;N
Viernes 20/02/2037;D;M;N;T;O;D
Sábado 21/02/2037;D;M;N;T;D;D
Domingo 22/02/2037;M;T;D;N;D;D
Lunes 23/02/2037;M;T;D;N;O;D
Martes 24/02/2037;T;N;D;D;O;M
Miércoles 25/02/2037;T;N;D;D;O;M
Jueves 26/02/2037;N;D;M;D;O;T
Viernes 27/02/2037;N;D;M;D;O;T
Sábado 28/02/2037;D;D;T;M;D;N
Domingo 01/03/2037;D;D;T;M;D;N
Lunes 02/03/2037;D;O;N;T;M;D
Martes 03/03/2037;D;O;N;T;M;D
Miércoles 04/03/2037;M;O;D;N;T;D
Jueves 05/03/2037;M;O;D;N;T;D
Viernes 06/03/2037;T;O;D;D;N;M
Sábado 07/03/2037;T;D;D;D;N;M
Domingo 08/03/2037;N;D;M;D;D;T
Lunes 09/03/2037;N;O;M;D;D;T
Martes 10/03/2037;D;O;T;M;D;N
Miércoles 11/03/2037;D;O;T;M;D;N
Jueves 12/03/2037;D;O;N;T;M;D
Viernes 13/03/2037;D;O;N;T;M;D
Sábado 14/03/2037;M;D;D;N;T;D
Domingo 15/03/2037;M;D;D;N;T;D
Lunes 16/03/2037;T;M;D;D;N;O
Martes 17/03/2037;T;M;D;D;N;O
Miércoles 18/03/2037;N;T;M;D;D;O
Jueves 19/03/2037;N;T;M;D;D;O
Viernes 20/03/2037;D;N;T;M;D;O
Sábado 21/03/2037;D;N;T;M;D;D
Domingo 22/03/2037;D;D;N;T;M;D
Lunes 23/03/2037;D;D;N;T;M;O
Martes 24/03/2037;M;D;D;N;T;O
Miércoles 25/03/2037;M;D;D;N;T;O
Jueves 26/03/2037;T;M;D;D;N;O
Viernes 27/03/2037;T;M;D;D;N;O
Sábado 28/03/2037;N;T;M;D;D;D
Domingo 29/03/2037;N;T;M;D;D;D
Lunes 30/03/2037;D;N;T;O;D;M
Martes 31/03/2037;D;N;T;O;D;M
Miércoles 01/04/2037;D;D;N;O;M;T
Jueves 02/04/2037;D;D;N;O;M;T
Viernes 03/04/2037;M;D;D;O;T;N
Sábado 04/04/2037;M;D;D;D;T;N
Domingo 05/04/2037;T;M;D;D;N;D
Lunes 06/04/2037;T;M;D;O;N;D
Martes 07/04/2037;N;T;M;O;D;D
Miércoles 08/04/2037;N;T;M;O;D;D
Jueves 09/04/2037;D;N;T;O;D;M
Viernes 10/04/2037;D;N;T;O;D;M
Sábado 11/04/2037;D;D;N;D;M;T
Domingo 12/04/2037;D;D;N;D;M;T
Lunes 13/04/2037;M;D;D;O;T;N
Martes 14/04/2037;M;D;D;O;T;N
Miércoles 15/04/2037;T;M;D;O;N;D
Jueves 16/04/2037;T;M;D;O;N;D
Viernes 17/04/2037;N;T;M;O;D;D
Sábado 18/04/2037;N;T;M;D;D;D
Domingo 19/04/2037;D;N;T;D;D;M
Lunes 20/04/2037;D;N;T;O;D;M
Martes 21/04/2037;D;D;N;O;M;T
Miércoles 22/04/2037;D;D;N;O;M;T
Jueves 23/04/2037;M;D;D;O;T;N
Viernes 24/04/2037;M;D;D;O;T;N
Sábado 25/04/2037;T;M;D;D;N;D
Domingo 26/04/2037;T;M;D;D;N;D
Lunes 27/04/2037;N;T;O;M;D;D
Martes 28/04/2037;N;T;O;M;D;D
Miércoles 29/04/2037;D;N;O;T;D;M
Jueves 30/04/2037;D;N;O;T;D;M
Viernes 01/05/2037;D;D;O;N;M;T
Sábado 02/05/2037;D;D;D;N;M;T
Domingo 03/05/2037;M;D;D;D;T;N
Lunes 04/05/2037;M;D;O;D;T;N
Martes 05/05/2037;T;M;O;D;N;D
Miércoles 06/05/2037;T;M;O;D;N;D
Jueves 07/05/2037;N;T;O;M;D;D
Viernes 08/05/2037;N;T;O;M;D;D
Sábado 09/05/2037;D;N;D;T;D;M
Domingo 10/05/2037;D;N;D;T;D;M
Lunes 11/05/2037;D;D;O;N;M;T
Martes 12/05/2037;D;D;O;N;M;T
Miércoles 13/05/2037;M;D;O;D;T;N
Jueves 14/05/2037;M;D;O;D;T;N
Viernes 15/05/2037;T;M;O;D;N;D
Sábado 16/05/2037;T;M;D;D;N;D
Domingo 17/05/2037;N;T;D;M;D;D
Lunes 18/05/2037;N;T;O;M;D;D
Martes 19/05/2037;D;N;O;T;D;M
Miércoles 20/05/2037;D;N;O;T;D;M
Jueves 21/05/2037;D;D;O;N;M;T
Viernes 22/05/2037;D;D;O;N;M;T
Sábado 23/05/2037;M;D;D;D;T;N
Domingo 24/05/2037;M;D;D;D;T;N
Lunes 25/05/2037;T;O;M;D;N;D
Martes 26/05/2037;T;O;M;D;N;D
Miércoles 27/05/2037;N;O;T;M;D;D
Jueves 28/05/2037;N;O;T;M;D;D
Viernes 29/05/2037;D;O;N;T;D;M
Sábado 30/05/2037;D;D;N;T;D;M
Domingo 31/05/2037;D;D;D;N;M;T
Lunes 01/06/2037;D;O;D;N;M;T
Martes 02/06/2037;M;O;D;D;T;N
Miércoles 03/06/2037;M;O;D;D;T;N
Jueves 04/06/2037;T;O;M;D;N;D
Viernes 05/06/2037;T;O;M;D;N;D
Sábado 06/06/2037;N;D;T;M;D;D
Domingo 07/06/2037;N;D;T;M;D;D
Lunes 08/06/2037;D;O;N;T;D;M
Martes 09/06/2037;D;O;N;T;D;M
Miércoles 10/06/2037;D;O;D;N;M;T
Jueves 11/06/2037;D;O;D;N;M;T
Viernes 12/06/2037;M;O;D;D;T;N
Sábado 13/06/2037;M;D;D;D;T;N
Domingo 14/06/2037;T;D;M;D;N;D
Lunes 15/06/2037;T;O;M;D;N;D
Martes 16/06/2037;N;O;T;M;D;D
Miércoles 17/06/2037;N;O;T;M;D;D
Jueves 18/06/2037;D;O;N;T;D;M
Viernes 19/06/2037;D;O;N;T;D;M
Sábado 20/06/2037;D;D;D;N;M;T
Domingo 21/06/2037;D;D;D;N;M;T
Lunes 22/06/2037;O;M;D;D;T;N
Martes 23/06/2037;O;M;D;D;T;N
Miércoles 24/06/2037;O;T;M;D;N;D
Jueves 25/06/2037;O;T;M;D;N;D
Viernes 26/06/2037;O;N;T;M;D;D
Sábado 27/06/2037;D;N;T;M;D;D
Domingo 28/06/2037;D;D;N;T;D;M
Lunes 29/06/2037;O;D;N;T;D;M
Martes 30/06/2037;O;D;D;N;M;T
Miércoles 01/07/2037;O;D;D;N;M;T
Jueves 02/07/2037;O;M;D;D;T;N
Viernes 03/07/2037;O;M;D;D;T;N
Sábado 04/07/2037;D;T;M;D;N;D
Domingo 05/07/2037;D;T;M;D;N;D
Lunes 06/07/2037;O;N;T;M;D;D
Martes 07/07/2037;O;N;T;M;D;D
Miércoles 08/07/2037;O;D;N;T;D;M
Jueves 09/07/2037;O;D;N;T;D;M
Viernes 10/07/2037;O;D;D;N;M;T
Sábado 11/07/2037;D;D;D;N;M;T
Domingo 12/07/2037;D;M;D;D;T;N
Lunes 13/07/2037;O;M;D;D;T;N
Martes 14/07/2037;O;T;M;D;N;D
Miércoles 15/07/2037;O;T;M;D;N;D
Jueves 16/07/2037;O;N;T;M;D;D
Viernes 17/07/2037;O;N;T;M;D;D
Sábado 18/07/2037;D;D;N;T;D;M
Domingo 19/07/2037;D;D;N;T;D;M
Lunes 20/07/2037;M;D;D;N;O;T
Martes 21/07/2037;M;D;D;N;O;T
Miércoles 22/07/2037;T;M;D;D;O;N
Jueves 23/07/2037;T;M;D;D;O;N
Viernes 24/07/2037;N;T;M;D;O;D
Sábado 25/07/2037;N;T;M;D;D;D
Domingo 26/07/2037;D;N;T;M;D;D
Lunes 27/07/2037;D;N;T;M;O;D
Martes 28/07/2037;D;D;N;T;O;M
Miércoles 29/07/2037;D;D;N;T;O;M
Jueves 30/07/2037;M;D;D;N;O;T
Viernes 31/07/2037;M;D;D;N;O;T
Sábado 01/08/2037;T;M;D;D;D;N
Domingo 02/08/2037;T;M;D;D;D;N
Lunes 03/08/2037;N;T;M;D;O;D
Martes 04/08/2037;N;T;M;D;O;D
Miércoles 05/08/2037;D;N;T;M;O;D
Jueves 06/08/2037;D;N;T;M;O;D
Viernes 07/08/2037;D;D;N;T;O;M
Sábado 08/08/2037;D;D;N;T;D;M
Domingo 09/08/2037;M;D;D;N;D;T
Lunes 10/08/2037;M;D;D;N;O;T
Martes 11/08/2037;T;M;D;D;O;N
Miércoles 12/08/2037;T;M;D;D;O;N
Jueves 13/08/2037;N;T;M;D;O;D
Viernes 14/08/2037;N;T;M;D;O;D
Sábado 15/08/2037;D;N;T;M;D;D
Domingo 16/08/2037;D;N;T;M;D;D
Lunes 17/08/2037;D;D;N;T;M;O
Martes 18/08/2037;D;D;N;T;M;O
Miércoles 19/08/2037;M;D;D;N;T;O
Jueves 20/08/2037;M;D;D;N;T;O
Viernes 21/08/2037;T;M;D;D;N;O
Sábado 22/08/2037;T;M;D;D;N;D
Domingo 23/08/2037;N;T;M;D;D;D
Lunes 24/08/2037;N;T;M;D;D;O
Martes 25/08/2037;D;N;T;M;D;O
Miércoles 26/08/2037;D;N;T;M;D;O
Jueves 27/08/2037;D;D;N;T;M;O
Viernes 28/08/2037;D;D;N;T;M;O
Sábado 29/08/2037;M;D;D;N;T;D
Domingo 30/08/2037;M;D;D;N;T;D
Lunes 31/08/2037;T;M;D;D;N;O
Martes 01/09/2037;T;M;D;D;N;O
Miércoles 02/09/2037;N;T;M;D;D;O
Jueves 03/09/2037;N;T;M;D;D;O
Viernes 04/09/2037;D;N;T;M;D;O
Sábado 05/09/2037;D;N;T;M;D;D
Domingo 06/09/2037;D;D;N;T;M;D
Lunes 07/09/2037;D;D;N;T;M;O
Martes 08/09/2037;M;D;D;N;T;O
Miércoles 09/09/2037;M;D;D;N;T;O
Jueves 10/09/2037;T;M;D;D;N;O
Viernes 11/09/2037;T;M;D;D;N;O
Sábado 12/09/2037;N;T;M;D;D;D
Domingo 13/09/2037;N;T;M;D;D;D
Lunes 14/09/2037;D;N;T;O;D;M
Martes 15/09/2037;D;N;T;O;D;M
Miércoles 16/09/2037;D;D;N;O;M;T
Jueves 17/09/2037;D;D;N;O;M;T
Viernes 18/09/2037;M;D;D;O;T;N
Sábado 19/09/2037;M;D;D;D;T;N
Domingo 20/09/2037;T;M;D;D;N;D
Lunes 21/09/2037;T;M;D;O;N;D
Martes 22/09/2037;N;T;M;O;D;D
Miércoles 23/09/2037;N;T;M;O;D;D
Jueves 24/09/2037;D;N;T;O;D;M
Viernes 25/09/2037;D;N;T;O;D;M
Sábado 26/09/2037;D;D;N;D;M;T
Domingo 27/09/2037;D;D;N;D;M;T
Lunes 28/09/2037;O;D;D;M;T;N
Martes 29/09/2037;O;D;D;M;T;N
Miércoles 30/09/2037;O;M;D;T;N;D
Jueves 01/10/2037;O;M;D;T;N;D
Viernes 02/10/2037;O;T;M;N;D;D
Sábado 03/10/2037;D;T;M;N;D;D
Domingo 04/10/2037;D;N;T;D;D;M
Lunes 05/10/2037;O;N;T;D;D;M
Martes 06/10/2037;O;D;N;D;M;T
Miércoles 07/10/2037;O;D;N;D;M;T
Jueves 08/10/2037;O;D;D;M;T;N
Viernes 09/10/2037;O;D;D;M;T;N
Sábado 10/10/2037;D;M;D;T;N;D
Domingo 11/10/2037;D;M;D;T;N;D
Lunes 12/10/2037;M;T;O;N;D;D
Martes 13/10/2037;M;T;O;N;D;D
Miércoles 14/10/2037;T;N;O;D;D;M
Jueves 15/10/2037;T;N;O;D;D;M
Viernes 16/10/2037;N;D;O;D;M;T
Sábado 17/10/2037;N;D;D;D;M;T
Domingo 18/10/2037;D;D;D;M;T;N
Lunes 19/10/2037;D;D;O;M;T;N
Martes 20/10/2037;D;M;O;T;N;D
Miércoles 21/10/2037;D;M;O;T;N;D
Jueves 22/10/2037;M;T;O;N;D;D
Viernes 23/10/2037;M;T;O;N;D;D
Sábado 24/10/2037;T;N;D;D;D;M
Domingo 25/10/2037;T;N;D;D;D;M
Lunes 26/10/2037;N;D;M;D;O;T
Martes 27/10/2037;N;D;M;D;O;T
Miércoles 28/10/2037;D;D;T;M;O;N
Jueves 29/10/2037;D;D;T;M;O;N
Viernes 30/10/2037;D;M;N;T;O;D
Sábado 31/10/2037;D;M;N;T;D;D
Domingo 01/11/2037;M;T;D;N;D;D
Lunes 02/11/2037;M;T;D;N;O;D
Martes 03/11/2037;T;N;D;D;O;M
Miércoles 04/11/2037;T;N;D;D;O;M
Jueves 05/11/2037;N;D;M;D;O;T
Viernes 06/11/2037;N;D;M;D;O;T
Sábado 07/11/2037;D;D;T;M;D;N
Domingo 08/11/2037;D;D;T;M;D;N
Lunes 09/11/2037;D;O;N;T;M;D
Martes 10/11/2037;D;O;N;T;M;D
Miércoles 11/11/2037;M;O;D;N;T;D
Jueves 12/11/2037;M;O;D;N;T;D
Viernes 13/11/2037;T;O;D;D;N;M
Sábado 14/11/2037;T;D;D;D;N;M
Domingo 15/11/2037;N;D;M;D;D;T
Lunes 16/11/2037;N;O;M;D;D;T
Martes 17/11/2037;D;O;T;M;D;N
Miércoles 18/11/2037;D;O;T;M;D;N
Jueves 19/11/2037;D;O;N;T;M;D
Viernes 20/11/2037;D;O;N;T;M;D
Sábado 21/11/2037;M;D;D;N;T;D
Domingo 22/11/2037;M;D;D;N;T;D
Lunes 23/11/2037;T;M;D;D;N;O
Martes 24/11/2037;T;M;D;D;N;O
Miércoles 25/11/2037;N;T;M;D;D;O
Jueves 26/11/2037;N;T;M;D;D;O
Viernes 27/11/2037;D;N;T;M;D;O
Sábado 28/11/2037;D;N;T;M;D;D
Domingo 29/11/2037;D;D;N;T;M;D
Lunes 30/11/2037;D;D;N;T;M;O
Martes 01/12/2037;M;D;D;N;T;O
Miércoles 02/12/2037;M;D;D;N;T;O
Jueves 03/12/2037;T;M;D;D;N;O
Viernes 04/12/2037;T;M;D;D;N;O
Sábado 05/12/2037;N;T;M;D;D;D
Domingo 06/12/2037;N;T;M;D;D;D
Lunes 07/12/2037;D;N;T;O;D;M
Martes 08/12/2037;D;N;T;O;D;M
Miércoles 09/12/2037;D;D;N;O;M;T
Jueves 10/12/2037;D;D;N;O;M;T
Viernes 11/12/2037;M;D;D;O;T;N
Sábado 12/12/2037;M;D;D;D;T;N
Domingo 13/12/2037;T;M;D;D;N;D
Lunes 14/12/2037;T;M;D;O;N;D
Martes 15/12/2037;N;T;M;O;D;D
Miércoles 16/12/2037;N;T;M;O;D;D
Jueves 17/12/2037;D;N;T;O;D;M
Viernes 18/12/2037;D;N;T;O;D;M
Sábado 19/12/2037;D;D;N;D;M;T
Domingo 20/12/2037;D;D;N;D;M;T
Lunes 21/12/2037;O;D;D;M;T;N
Martes 22/12/2037;O;D;D;M;T;N
Miércoles 23/12/2037;O;M;D;T;N;D
Jueves 24/12/2037;O;M;D;T;N;D
Viernes 25/12/2037;O;T;M;N;D;D
Sábado 26/12/2037;D;T;M;N;D;D
Domingo 27/12/2037;D;N;T;D;D;M
Lunes 28/12/2037;O;N;T;D;D;M
Martes 29/12/2037;O;D;N;D;M;T
Miércoles 30/12/2037;O;D;N;D;M;T
Jueves 31/12/2037;O;D;D;M;T;N
Viernes 01/01/2038;O;D;D;M;T;N
Sábado 02/01/2038;D;M;D;T;N;D
Domingo 03/01/2038;D;M;D;T;N;D
Lunes 04/01/2038;M;T;O;N;D;D
Martes 05/01/2038;M;T;O;N;D;D
Miércoles 06/01/2038;T;N;O;D;D;M
Jueves 07/01/2038;T;N;O;D;D;M
Viernes 08/01/2038;N;D;O;D;M;T
Sábado 09/01/2038;N;D;D;D;M;T
Domingo 10/01/2038;D;D;D;M;T;N
Lunes 11/01/2038;D;D;O;M;T;N
Martes 12/01/2038;D;M;O;T;N;D
Miércoles 13/01/2038;D;M;O;T;N;D
Jueves 14/01/2038;M;T;O;N;D;D
Viernes 15/01/2038;M;T;O;N;D;D
Sábado 16/01/2038;T;N;D;D;D;M
Domingo 17/01/2038;T;N;D;D;D;M
Lunes 18/01/2038;N;D;M;D;O;T
Martes 19/01/2038;N;D;M;D;O;T
Miércoles 20/01/2038;D;D;T;M;O;N
Jueves 21/01/2038;D;D;T;M;O;N
Viernes 22/01/2038;D;M;N;T;O;D
Sábado 23/01/2038;D;M;N;T;D;D
Domingo 24/01/2038;M;T;D;N;D;D
Lunes 25/01/2038;M;T;D;N;O;D
Martes 26/01/2038;T;N;D;D;O;M
Miércoles 27/01/2038;T;N;D;D;O;M
Jueves 28/01/2038;N;D;M;D;O;T
Viernes 29/01/2038;N;D;M;D;O;T
Sábado 30/01/2038;D;D;T;M;D;N
Domingo 31/01/2038;D;D;T;M;D;N
Lunes 01/02/2038;D;O;N;T;M;D
Martes 02/02/2038;D;O;N;T;M;D
Miércoles 03/02/2038;M;O;D;N;T;D
Jueves 04/02/2038;M;O;D;N;T;D
Viernes 05/02/2038;T;O;D;D;N;M
Sábado 06/02/2038;T;D;D;D;N;M
Domingo 07/02/2038;N;D;M;D;D;T
Lunes 08/02/2038;N;O;M;D;D;T
Martes 09/02/2038;D;O;T;M;D;N
Miércoles 10/02/2038;D;O;T;M;D;N
Jueves 11/02/2038;D;O;N;T;M;D
Viernes 12/02/2038;D;O;N;T;M;D
Sábado 13/02/2038;M;D;D;N;T;D
Domingo 14/02/2038;M;D;D;N;T;D
Lunes 15/02/2038;T;M;D;D;N;O
Martes 16/02/2038;T;M;D;D;N;O
Miércoles 17/02/2038;N;T;M;D;D;O
Jueves 18/02/2038;N;T;M;D;D;O
Viernes 19/02/2038;D;N;T;M;D;O
Sábado 20/02/2038;D;N;T;M;D;D
Domingo 21/02/2038;D;D;N;T;M;D
Lunes 22/02/2038;D;D;N;T;M;O
Martes 23/02/2038;M;D;D;N;T;O
Miércoles 24/02/2038;M;D;D;N;T;O
Jueves 25/02/2038;T;M;D;D;N;O
Viernes 26/02/2038;T;M;D;D;N;O
Sábado 27/02/2038;N;T;M;D;D;D
Domingo 28/02/2038;N;T;M;D;D;D
Lunes 01/03/2038;D;N;T;O;D;M
Martes 02/03/2038;D;N;T;O;D;M
Miércoles 03/03/2038;D;D;N;O;M;T
Jueves 04/03/2038;D;D;N;O;M;T
Viernes 05/03/2038;M;D;D;O;T;N
Sábado 06/03/2038;M;D;D;D;T;N
Domingo 07/03/2038;T;M;D;D;N;D
Lunes 08/03/2038;T;M;D;O;N;D
Martes 09/03/2038;N;T;M;O;D;D
Miércoles 10/03/2038;N;T;M;O;D;D
Jueves 11/03/2038;D;N;T;O;D;M
Viernes 12/03/2038;D;N;T;O;D;M
Sábado 13/03/2038;D;D;N;D;M;T
Domingo 14/03/2038;D;D;N;D;M;T
Lunes 15/03/2038;O;D;D;M;T;N
Martes 16/03/2038;O;D;D;M;T;N
Miércoles 17/03/2038;O;M;D;T;N;D
Jueves 18/03/2038;O;M;D;T;N;D
Viernes 19/03/2038;O;T;M;N;D;D
Sábado 20/03/2038;D;T;M;N;D;D
Domingo 21/03/2038;D;N;T;D;D;M
Lunes 22/03/2038;O;N;T;D;D;M
Martes 23/03/2038;O;D;N;D;M;T
Miércoles 24/03/2038;O;D;N;D;M;T
Jueves 25/03/2038;O;D;D;M;T;N
Viernes 26/03/2038;O;D;D;M;T;N
Sábado 27/03/2038;D;M;D;T;N;D
Domingo 28/03/2038;D;M;D;T;N;D
Lunes 29/03/2038;M;T;O;N;D;D
Martes 30/03/2038;M;T;O;N;D;D
Miércoles 31/03/2038;T;N;O;D;D;M
Jueves 01/04/2038;T;N;O;D;D;M
Viernes 02/04/2038;N;D;O;D;M;T
Sábado 03/04/2038;N;D;D;D;M;T
Domingo 04/04/2038;D;D;D;M;T;N
Lunes 05/04/2038;D;D;O;M;T;N
Martes 06/04/2038;D;M;O;T;N;D
Miércoles 07/04/2038;D;M;O;T;N;D
Jueves 08/04/2038;M;T;O;N;D;D
Viernes 09/04/2038;M;T;O;N;D;D
Sábado 10/04/2038;T;N;D;D;D;M
Domingo 11/04/2038;T;N;D;D;D;M
Lunes 12/04/2038;N;D;M;D;O;T
Martes 13/04/2038;N;D;M;D;O;T
Miércoles 14/04/2038;D;D;T;M;O;N
Jueves 15/04/2038;D;D;T;M;O;N
Viernes 16/04/2038;D;M;N;T;O;D
Sábado 17/04/2038;D;M;N;T;D;D
Domingo 18/04/2038;M;T;D;N;D;D
Lunes 19/04/2038;M;T;D;N;O;D
Martes 20/04/2038;T;N;D;D;O;M
Miércoles 21/04/2038;T;N;D;D;O;M
Jueves 22/04/2038;N;D;M;D;O;T
Viernes 23/04/2038;N;D;M;D;O;T
Sábado 24/04/2038;D;D;T;M;D;N
Domingo 25/04/2038;D;D;T;M;D;N
Lunes 26/04/2038;D;M;N;T;O;D
Martes 27/04/2038;D;M;N;T;O;D
Miércoles 28/04/2038;M;T;D;N;O;D
Jueves 29/04/2038;M;T;D;N;O;D
Viernes 30/04/2038;T;N;D;D;O;M
Sábado 01/05/2038;T;N;D;D;D;M
Domingo 02/05/2038;N;D;M;D;D;T
Lunes 03/05/2038;N;D;M;D;O;T
Martes 04/05/2038;D;D;T;M;O;N
Miércoles 05/05/2038;D;D;T;M;O;N
Jueves 06/05/2038;D;M;N;T;O;D
Viernes 07/05/2038;D;M;N;T;O;D
Sábado 08/05/2038;M;T;D;N;D;D
Domingo 09/05/2038;M;T;D;N;D;D
Lunes 10/05/2038;T;N;D;D;M;O
Martes 11/05/2038;T;N;D;D;M;O
Miércoles 12/05/2038;N;D;M;D;T;O
Jueves 13/05/2038;N;D;M;D;T;O
Viernes 14/05/2038;D;D;T;M;N;O
Sábado 15/05/2038;D;D;T;M;N;D
Domingo 16/05/2038;D;M;N;T;D;D
Lunes 17/05/2038;D;M;N;T;D;O
Martes 18/05/2038;M;T;D;N;D;O
Miércoles 19/05/2038;M;T;D;N;D;O
Jueves 20/05/2038;T;N;D;D;M;O
Viernes 21/05/2038;T;N;D;D;M;O
Sábado 22/05/2038;N;D;M;D;T;D
Domingo 23/05/2038;N;D;M;D;T;D
Lunes 24/05/2038;D;D;T;M;N;O
Martes 25/05/2038;D;D;T;M;N;O
Miércoles 26/05/2038;D;M;N;T;D;O
Jueves 27/05/2038;D;M;N;T;D;O
Viernes 28/05/2038;M;T;D;N;D;O
Sábado 29/05/2038;M;T;D;N;D;D
Domingo 30/05/2038;T;N;D;D;M;D
Lunes 31/05/2038;T;N;D;D;M;O
Martes 01/06/2038;N;D;M;D;T;O
Miércoles 02/06/2038;N;D;M;D;T;O
Jueves 03/06/2038;D;D;T;M;N;O
Viernes 04/06/2038;D;D;T;M;N;O
Sábado 05/06/2038;D;M;N;T;D;D
Domingo 06/06/2038;D;M;N;T;D;D
Lunes 07/06/2038;O;T;D;N;D;M
Martes 08/06/2038;O;T;D;N;D;M
Miércoles 09/06/2038;O;N;D;D;M;T
Jueves 10/06/2038;O;N;D;D;M;T
Viernes 11/06/2038;O;D;M;D;T;N
Sábado 12/06/2038;D;D;M;D;T;N
Domingo 13/06/2038;D;D;T;M;N;D
Lunes 14/06/2038;O;D;T;M;N;D
Martes 15/06/2038;O;M;N;T;D;D
Miércoles 16/06/2038;O;M;N;T;D;D
Jueves 17/06/2038;O;T;D;N;D;M
Viernes 18/06/2038;O;T;D;N;D;M
Sábado 19/06/2038;D;N;D;D;M;T
Domingo 20/06/2038;D;N;D;D;M;T
Lunes 21/06/2038;O;D;M;D;T;N
Martes 22/06/2038;O;D;M;D;T;N
Miércoles 23/06/2038;O;D;T;M;N;D
Jueves 24/06/2038;O;D;T;M;N;D
Viernes 25/06/2038;O;M;N;T;D;D
Sábado 26/06/2038;D;M;N;T;D;D
Domingo 27/06/2038;D;T;D;N;D;M
Lunes 28/06/2038;O;T;D;N;D;M
Martes 29/06/2038;O;N;D;D;M;T
Miércoles 30/06/2038;O;N;D;D;M;T
Jueves 01/07/2038;O;D;M;D;T;N
Viernes 02/07/2038;O;D;M;D;T;N
Sábado 03/07/2038;D;D;T;M;N;D
Domingo 04/07/2038;D;D;T;M;N;D
Lunes 05/07/2038;M;O;N;T;D;D
Martes 06/07/2038;M;O;N;T;D;D
Miércoles 07/07/2038;T;O;D;N;D;M
Jueves 08/07/2038;T;O;D;N;D;M
Viernes 09/07/2038;N;O;D;D;M;T
Sábado 10/07/2038;N;D;D;D;M;T
Domingo 11/07/2038;D;D;M;D;T;N
Lunes 12/07/2038;D;O;M;D;T;N
Martes 13/07/2038;D;O;T;M;N;D
Miércoles 14/07/2038;D;O;T;M;N;D
Jueves 15/07/2038;M;O;N;T;D;D
Viernes 16/07/2038;M;O;N;T;D;D
Sábado 17/07/2038;T;D;D;N;D;M
Domingo 18/07/2038;T;D;D;N;D;M
Lunes 19/07/2038;N;O;D;D;M;T
Martes 20/07/2038;N;O;D;D;M;T
Miércoles 21/07/2038;D;O;M;D;T;N
Jueves 22/07/2038;D;O;M;D;T;N
Viernes 23/07/2038;D;O;T;M;N;D
Sábado 24/07/2038;D;D;T;M;N;D
Domingo 25/07/2038;M;D;N;T;D;D
Lunes 26/07/2038;M;O;N;T;D;D
Martes 27/07/2038;T;O;D;N;D;M
Miércoles 28/07/2038;T;O;D;N;D;M
Jueves 29/07/2038;N;O;D;D;M;T
Viernes 30/07/2038;N;O;D;D;M;T
Sábado 31/07/2038;D;D;M;D;T;N
Domingo 01/08/2038;D;D;M;D;T;N
Lunes 02/08/2038;D;M;T;O;N;D
Martes 03/08/2038;D;M;T;O;N;D
Miércoles 04/08/2038;M;T;N;O;D;D
Jueves 05/08/2038;M;T;N;O;D;D
Viernes 06/08/2038;T;N;D;O;D;M
Sábado 07/08/2038;T;N;D;D;D;M
Domingo 08/08/2038;N;D;D;D;M;T
Lunes 09/08/2038;N;D;D;O;M;T
Martes 10/08/2038;D;D;M;O;T;N
Miércoles 11/08/2038;D;D;M;O;T;N
Jueves 12/08/2038;D;M;T;O;N;D
Viernes 13/08/2038;D;M;T;O;N;D
Sábado 14/08/2038;M;T;N;D;D;D
Domingo 15/08/2038;M;T;N;D;D;D
Lunes 16/08/2038;T;N;D;O;D;M
Martes 17/08/2038;T;N;D;O;D;M
Miércoles 18/08/2038;N;D;D;O;M;T
Jueves 19/08/2038;N;D;D;O;M;T
Viernes 20/08/2038;D;D;M;O;T;N
Sábado 21/08/2038;D;D;M;D;T;N
Domingo 22/08/2038;D;M;T;D;N;D
Lunes 23/08/2038;D;M;T;O;N;D
Martes 24/08/2038;M;T;N;O;D;D
Miércoles 25/08/2038;M;T;N;O;D;D
Jueves 26/08/2038;T;N;D;O;D;M
Viernes 27/08/2038;T;N;D;O;D;M
Sábado 28/08/2038;N;D;D;D;M;T
Domingo 29/08/2038;N;D;D;D;M;T
Lunes 30/08/2038;D;D;O;M;T;N
Martes 31/08/2038;D;D;O;M;T;N
Miércoles 01/09/2038;D;M;O;T;N;D
Jueves 02/09/2038;D;M;O;T;N;D
Viernes 03/09/2038;M;T;O;N;D;D
Sábado 04/09/2038;M;T;D;N;D;D
Domingo 05/09/2038;T;N;D;D;D;M
Lunes 06/09/2038;T;N;O;D;D;M
Martes 07/09/2038;N;D;O;D;M;T
Miércoles 08/09/2038;N;D;O;D;M;T
Jueves 09/09/2038;D;D;O;M;T;N
Viernes 10/09/2038;D;D;O;M;T;N
Sábado 11/09/2038;D;M;D;T;N;D
Domingo 12/09/2038;D;M;D;T;N;D
Lunes 13/09/2038;M;T;O;N;D;D
Martes 14/09/2038;M;T;O;N;D;D
Miércoles 15/09/2038;T;N;O;D;D;M
Jueves 16/09/2038;T;N;O;D;D;M
Viernes 17/09/2038;N;D;O;D;M;T
Sábado 18/09/2038;N;D;D;D;M;T
Domingo 19/09/2038;D;D;D;M;T;N
Lunes 20/09/2038;D;D;O;M;T;N
Martes 21/09/2038;D;M;O;T;N;D
Miércoles 22/09/2038;D;M;O;T;N;D
Jueves 23/09/2038;M;T;O;N;D;D
Viernes 24/09/2038;M;T;O;N;D;D
Sábado 25/09/2038;T;N;D;D;D;M
Domingo 26/09/2038;T;N;D;D;D;M
Lunes 27/09/2038;N;D;M;D;O;T
Martes 28/09/2038;N;D;M;D;O;T
Miércoles 29/09/2038;D;D;T;M;O;N
Jueves 30/09/2038;D;D;T;M;O;N
Viernes 01/10/2038;D;M;N;T;O;D
Sábado 02/10/2038;D;M;N;T;D;D
Domingo 03/10/2038;M;T;D;N;D;D
Lunes 04/10/2038;M;T;D;N;O;D
Martes 05/10/2038;T;N;D;D;O;M
Miércoles 06/10/2038;T;N;D;D;O;M
Jueves 07/10/2038;N;D;M;D;O;T
Viernes 08/10/2038;N;D;M;D;O;T
Sábado 09/10/2038;D;D;T;M;D;N
Domingo 10/10/2038;D;D;T;M;D;N
Lunes 11/10/2038;D;O;N;T;M;D
Martes 12/10/2038;D;O;N;T;M;D
Miércoles 13/10/2038;M;O;D;N;T;D
Jueves 14/10/2038;M;O;D;N;T;D
Viernes 15/10/2038;T;O;D;D;N;M
Sábado 16/10/2038;T;D;D;D;N;M
Domingo 17/10/2038;N;D;M;D;D;T
Lunes 18/10/2038;N;O;M;D;D;T
Martes 19/10/2038;D;O;T;M;D;N
Miércoles 20/10/2038;D;O;T;M;D;N
Jueves 21/10/2038;D;O;N;T;M;D
Viernes 22/10/2038;D;O;N;T;M;D
Sábado 23/10/2038;M;D;D;N;T;D
Domingo 24/10/2038;M;D;D;N;T;D
Lunes 25/10/2038;T;M;D;D;N;O
Martes 26/10/2038;T;M;D;D;N;O
Miércoles 27/10/2038;N;T;M;D;D;O
Jueves 28/10/2038;N;T;M;D;D;O
Viernes 29/10/2038;D;N;T;M;D;O
Sábado 30/10/2038;D;N;T;M;D;D
Domingo 31/10/2038;D;D;N;T;M;D
Lunes 01/11/2038;D;D;N;T;M;O
Martes 02/11/2038;M;D;D;N;T;O
Miércoles 03/11/2038;M;D;D;N;T;O
Jueves 04/11/2038;T;M;D;D;N;O
Viernes 05/11/2038;T;M;D;D;N;O
Sábado 06/11/2038;N;T;M;D;D;D
Domingo 07/11/2038;N;T;M;D;D;D
Lunes 08/11/2038;D;N;T;O;D;M
Martes 09/11/2038;D;N;T;O;D;M
Miércoles 10/11/2038;D;D;N;O;M;T
Jueves 11/11/2038;D;D;N;O;M;T
Viernes 12/11/2038;M;D;D;O;T;N
Sábado 13/11/2038;M;D;D;D;T;N
Domingo 14/11/2038;T;M;D;D;N;D
Lunes 15/11/2038;T;M;D;O;N;D
Martes 16/11/2038;N;T;M;O;D;D
Miércoles 17/11/2038;N;T;M;O;D;D
Jueves 18/11/2038;D;N;T;O;D;M
Viernes 19/11/2038;D;N;T;O;D;M
Sábado 20/11/2038;D;D;N;D;M;T
Domingo 21/11/2038;D;D;N;D;M;T
Lunes 22/11/2038;O;D;D;M;T;N
Martes 23/11/2038;O;D;D;M;T;N
Miércoles 24/11/2038;O;M;D;T;N;D
Jueves 25/11/2038;O;M;D;T;N;D
Viernes 26/11/2038;O;T;M;N;D;D
Sábado 27/11/2038;D;T;M;N;D;D
Domingo 28/11/2038;D;N;T;D;D;M
Lunes 29/11/2038;O;N;T;D;D;M
Martes 30/11/2038;O;D;N;D;M;T
Miércoles 01/12/2038;O;D;N;D;M;T
Jueves 02/12/2038;O;D;D;M;T;N
Viernes 03/12/2038;O;D;D;M;T;N
Sábado 04/12/2038;D;M;D;T;N;D
Domingo 05/12/2038;D;M;D;T;N;D
Lunes 06/12/2038;M;T;O;N;D;D
Martes 07/12/2038;M;T;O;N;D;D
Miércoles 08/12/2038;T;N;O;D;D;M
Jueves 09/12/2038;T;N;O;D;D;M
Viernes 10/12/2038;N;D;O;D;M;T
Sábado 11/12/2038;N;D;D;D;M;T
Domingo 12/12/2038;D;D;D;M;T;N
Lunes 13/12/2038;D;D;O;M;T;N
Martes 14/12/2038;D;M;O;T;N;D
Miércoles 15/12/2038;D;M;O;T;N;D
Jueves 16/12/2038;M;T;O;N;D;D
Viernes 17/12/2038;M;T;O;N;D;D
Sábado 18/12/2038;T;N;D;D;D;M
Domingo 19/12/2038;T;N;D;D;D;M
Lunes 20/12/2038;N;D;M;D;O;T
Martes 21/12/2038;N;D;M;D;O;T
Miércoles 22/12/2038;D;D;T;M;O;N
Jueves 23/12/2038;D;D;T;M;O;N
Viernes 24/12/2038;D;M;N;T;O;D
Sábado 25/12/2038;D;M;N;T;D;D
Domingo 26/12/2038;M;T;D;N;D;D
Lunes 27/12/2038;M;T;D;N;O;D
Martes 28/12/2038;T;N;D;D;O;M
Miércoles 29/12/2038;T;N;D;D;O;M
Jueves 30/12/2038;N;D;M;D;O;T
Viernes 31/12/2038;N;D;M;D;O;T
Sábado 01/01/2039;D;D;T;M;D;N
Domingo 02/01/2039;D;D;T;M;D;N
Lunes 03/01/2039;D;O;N;T;M;D
Martes 04/01/2039;D;O;N;T;M;D
Miércoles 05/01/2039;M;O;D;N;T;D
Jueves 06/01/2039;M;O;D;N;T;D
Viernes 07/01/2039;T;O;D;D;N;M
Sábado 08/01/2039;T;D;D;D;N;M
Domingo 09/01/2039;N;D;M;D;D;T
Lunes 10/01/2039;N;O;M;D;D;T
Martes 11/01/2039;D;O;T;M;D;N
Miércoles 12/01/2039;D;O;T;M;D;N
Jueves 13/01/2039;D;O;N;T;M;D
Viernes 14/01/2039;D;O;N;T;M;D
Sábado 15/01/2039;M;D;D;N;T;D
Domingo 16/01/2039;M;D;D;N;T;D
Lunes 17/01/2039;T;M;D;D;N;O
Martes 18/01/2039;T;M;D;D;N;O
Miércoles 19/01/2039;N;T;M;D;D;O
Jueves 20/01/2039;N;T;M;D;D;O
Viernes 21/01/2039;D;N;T;M;D;O
Sábado 22/01/2039;D;N;T;M;D;D
Domingo 23/01/2039;D;D;N;T;M;D
Lunes 24/01/2039;D;D;N;T;M;O
Martes 25/01/2039;M;D;D;N;T;O
Miércoles 26/01/2039;M;D;D;N;T;O
Jueves 27/01/2039;T;M;D;D;N;O
Viernes 28/01/2039;T;M;D;D;N;O
Sábado 29/01/2039;N;T;M;D;D;D
Domingo 30/01/2039;N;T;M;D;D;D
Lunes 31/01/2039;D;N;T;O;D;M
Martes 01/02/2039;D;N;T;O;D;M
Miércoles 02/02/2039;D;D;N;O;M;T
Jueves 03/02/2039;D;D;N;O;M;T
Viernes 04/02/2039;M;D;D;O;T;N
Sábado 05/02/2039;M;D;D;D;T;N
Domingo 06/02/2039;T;M;D;D;N;D
Lunes 07/02/2039;T;M;D;O;N;D
Martes 08/02/2039;N;T;M;O;D;D
Miércoles 09/02/2039;N;T;M;O;D;D
Jueves 10/02/2039;D;N;T;O;D;M
Viernes 11/02/2039;D;N;T;O;D;M
Sábado 12/02/2039;D;D;N;D;M;T
Domingo 13/02/2039;D;D;N;D;M;T
Lunes 14/02/2039;O;D;D;M;T;N
Martes 15/02/2039;O;D;D;M;T;N
Miércoles 16/02/2039;O;M;D;T;N;D
Jueves 17/02/2039;O;M;D;T;N;D
Viernes 18/02/2039;O;T;M;N;D;D
Sábado 19/02/2039;D;T;M;N;D;D
Domingo 20/02/2039;D;N;T;D;D;M
Lunes 21/02/2039;O;N;T;D;D;M
Martes 22/02/2039;O;D;N;D;M;T
Miércoles 23/02/2039;O;D;N;D;M;T
Jueves 24/02/2039;O;D;D;M;T;N
Viernes 25/02/2039;O;D;D;M;T;N
Sábado 26/02/2039;D;M;D;T;N;D
Domingo 27/02/2039;D;M;D;T;N;D
Lunes 28/02/2039;M;T;O;N;D;D
Martes 01/03/2039;M;T;O;N;D;D
Miércoles 02/03/2039;T;N;O;D;D;M
Jueves 03/03/2039;T;N;O;D;D;M
Viernes 04/03/2039;N;D;O;D;M;T
Sábado 05/03/2039;N;D;D;D;M;T
Domingo 06/03/2039;D;D;D;M;T;N
Lunes 07/03/2039;D;D;O;M;T;N
Martes 08/03/2039;D;M;O;T;N;D
Miércoles 09/03/2039;D;M;O;T;N;D
Jueves 10/03/2039;M;T;O;N;D;D
Viernes 11/03/2039;M;T;O;N;D;D
Sábado 12/03/2039;T;N;D;D;D;M
Domingo 13/03/2039;T;N;D;D;D;M
Lunes 14/03/2039;N;D;M;D;O;T
Martes 15/03/2039;N;D;M;D;O;T
Miércoles 16/03/2039;D;D;T;M;O;N
Jueves 17/03/2039;D;D;T;M;O;N
Viernes 18/03/2039;D;M;N;T;O;D
Sábado 19/03/2039;D;M;N;T;D;D
Domingo 20/03/2039;M;T;D;N;D;D
Lunes 21/03/2039;M;T;D;N;O;D
Martes 22/03/2039;T;N;D;D;O;M
Miércoles 23/03/2039;T;N;D;D;O;M
Jueves 24/03/2039;N;D;M;D;O;T
Viernes 25/03/2039;N;D;M;D;O;T
Sábado 26/03/2039;D;D;T;M;D;N
Domingo 27/03/2039;D;D;T;M;D;N
Lunes 28/03/2039;D;O;N;T;M;D
Martes 29/03/2039;D;O;N;T;M;D
Miércoles 30/03/2039;M;O;D;N;T;D
Jueves 31/03/2039;M;O;D;N;T;D
Viernes 01/04/2039;T;O;D;D;N;M
Sábado 02/04/2039;T;D;D;D;N;M
Domingo 03/04/2039;N;D;M;D;D;T
Lunes 04/04/2039;N;O;M;D;D;T
Martes 05/04/2039;D;O;T;M;D;N
Miércoles 06/04/2039;D;O;T;M;D;N
Jueves 07/04/2039;D;O;N;T;M;D
Viernes 08/04/2039;D;O;N;T;M;D
Sábado 09/04/2039;M;D;D;N;T;D
Domingo 10/04/2039;M;D;D;N;T;D
Lunes 11/04/2039;T;M;D;D;N;O
Martes 12/04/2039;T;M;D;D;N;O
Miércoles 13/04/2039;N;T;M;D;D;O
Jueves 14/04/2039;N;T;M;D;D;O
Viernes 15/04/2039;D;N;T;M;D;O
Sábado 16/04/2039;D;N;T;M;D;D
Domingo 17/04/2039;D;D;N;T;M;D
Lunes 18/04/2039;D;D;N;T;M;O
Martes 19/04/2039;M;D;D;N;T;O
Miércoles 20/04/2039;M;D;D;N;T;O
Jueves 21/04/2039;T;M;D;D;N;O
Viernes 22/04/2039;T;M;D;D;N;O
Sábado 23/04/2039;N;T;M;D;D;D
Domingo 24/04/2039;N;T;M;D;D;D
Lunes 25/04/2039;D;N;T;M;D;O
Martes 26/04/2039;D;N;T;M;D;O
Miércoles 27/04/2039;D;D;N;T;M;O
Jueves 28/04/2039;D;D;N;T;M;O
Viernes 29/04/2039;M;D;D;N;T;O
Sábado 30/04/2039;M;D;D;N;T;D
Domingo 01/05/2039;T;M;D;D;N;D
Lunes 02/05/2039;T;M;D;D;N;O
Martes 03/05/2039;N;T;M;D;D;O
Miércoles 04/05/2039;N;T;M;D;D;O
Jueves 05/05/2039;D;N;T;M;D;O
Viernes 06/05/2039;D;N;T;M;D;O
Sábado 07/05/2039;D;D;N;T;M;D
Domingo 08/05/2039;D;D;N;T;M;D
Lunes 09/05/2039;O;D;D;N;T;M
Martes 10/05/2039;O;D;D;N;T;M
Miércoles 11/05/2039;O;M;D;D;N;T
Jueves 12/05/2039;O;M;D;D;N;T
Viernes 13/05/2039;O;T;M;D;D;N
Sábado 14/05/2039;D;T;M;D;D;N
Domingo 15/05/2039;D;N;T;M;D;D
Lunes 16/05/2039;O;N;T;M;D;D
Martes 17/05/2039;O;D;N;T;M;D
Miércoles 18/05/2039;O;D;N;T;M;D
Jueves 19/05/2039;O;D;D;N;T;M
Viernes 20/05/2039;O;D;D;N;T;M
Sábado 21/05/2039;D;M;D;D;N;T
Domingo 22/05/2039;D;M;D;D;N;T
Lunes 23/05/2039;O;T;M;D;D;N
Martes 24/05/2039;O;T;M;D;D;N
Miércoles 25/05/2039;O;N;T;M;D;D
Jueves 26/05/2039;O;N;T;M;D;D
Viernes 27/05/2039;O;D;N;T;M;D
Sábado 28/05/2039;D;D;N;T;M;D
Domingo 29/05/2039;D;D;D;N;T;M
Lunes 30/05/2039;O;D;D;N;T;M
Martes 31/05/2039;O;M;D;D;N;T
Miércoles 01/06/2039;O;M;D;D;N;T
Jueves 02/06/2039;O;T;M;D;D;N
Viernes 03/06/2039;O;T;M;D;D;N
Sábado 04/06/2039;D;N;T;M;D;D
Domingo 05/06/2039;D;N;T;M;D;D
Lunes 06/06/2039;M;D;N;T;O;D
Martes 07/06/2039;M;D;N;T;O;D
Miércoles 08/06/2039;T;D;D;N;O;M
Jueves 09/06/2039;T;D;D;N;O;M
Viernes 10/06/2039;N;M;D;D;O;T
Sábado 11/06/2039;N;M;D;D;D;T
Domingo 12/06/2039;D;T;M;D;D;N
Lunes 13/06/2039;D;T;M;D;O;N
Martes 14/06/2039;D;N;T;M;O;D
Miércoles 15/06/2039;D;N;T;M;O;D
Jueves 16/06/2039;M;D;N;T;O;D
Viernes 17/06/2039;M;D;N;T;O;D
Sábado 18/06/2039;T;D;D;N;D;M
Domingo 19/06/2039;T;D;D;N;D;M
Lunes 20/06/2039;N;M;D;D;O;T
Martes 21/06/2039;N;M;D;D;O;T
Miércoles 22/06/2039;D;T;M;D;O;N
Jueves 23/06/2039;D;T;M;D;O;N
Viernes 24/06/2039;D;N;T;M;O;D
Sábado 25/06/2039;D;N;T;M;D;D
Domingo 26/06/2039;M;D;N;T;D;D
Lunes 27/06/2039;M;D;N;T;O;D
Martes 28/06/2039;T;D;D;N;O;M
Miércoles 29/06/2039;T;D;D;N;O;M
Jueves 30/06/2039;N;M;D;D;O;T
Viernes 01/07/2039;N;M;D;D;O;T
Sábado 02/07/2039;D;T;M;D;D;N
Domingo 03/07/2039;D;T;M;D;D;N
Lunes 04/07/2039;D;N;T;O;M;D
Martes 05/07/2039;D;N;T;O;M;D
Miércoles 06/07/2039;M;D;N;O;T;D
Jueves 07/07/2039;M;D;N;O;T;D
Viernes 08/07/2039;T;D;D;O;N;M
Sábado 09/07/2039;T;D;D;D;N;M
Domingo 10/07/2039;N;M;D;D;D;T
Lunes 11/07/2039;N;M;D;O;D;T
Martes 12/07/2039;D;T;M;O;D;N
Miércoles 13/07/2039;D;T;M;O;D;N
Jueves 14/07/2039;D;N;T;O;M;D
Viernes 15/07/2039;D;N;T;O;M;D
Sábado 16/07/2039;M;D;N;D;T;D
Domingo 17/07/2039;M;D;N;D;T;D
Lunes 18/07/2039;T;D;D;O;N;M
Martes 19/07/2039;T;D;D;O;N;M
Miércoles 20/07/2039;N;M;D;O;D;T
Jueves 21/07/2039;N;M;D;O;D;T
Viernes 22/07/2039;D;T;M;O;D;N
Sábado 23/07/2039;D;T;M;D;D;N
Domingo 24/07/2039;D;N;T;D;M;D
Lunes 25/07/2039;D;N;T;O;M;D
Martes 26/07/2039;M;D;N;O;T;D
Miércoles 27/07/2039;M;D;N;O;T;D
Jueves 28/07/2039;T;D;D;O;N;M
Viernes 29/07/2039;T;D;D;O;N;M
Sábado 30/07/2039;N;M;D;D;D;T
Domingo 31/07/2039;N;M;D;D;D;T
Lunes 01/08/2039;D;T;O;M;D;N
Martes 02/08/2039;D;T;O;M;D;N
Miércoles 03/08/2039;D;N;O;T;M;D
Jueves 04/08/2039;D;N;O;T;M;D
Viernes 05/08/2039;M;D;O;N;T;D
Sábado 06/08/2039;M;D;D;N;T;D
Domingo 07/08/2039;T;D;D;D;N;M
Lunes 08/08/2039;T;D;O;D;N;M
Martes 09/08/2039;N;M;O;D;D;T
Miércoles 10/08/2039;N;M;O;D;D;T
Jueves 11/08/2039;D;T;O;M;D;N
Viernes 12/08/2039;D;T;O;M;D;N
Sábado 13/08/2039;D;N;D;T;M;D
Domingo 14/08/2039;D;N;D;T;M;D
Lunes 15/08/2039;M;D;O;N;T;D
Martes 16/08/2039;M;D;O;N;T;D
Miércoles 17/08/2039;T;D;O;D;N;M
Jueves 18/08/2039;T;D;O;D;N;M
Viernes 19/08/2039;N;M;O;D;D;T
Sábado 20/08/2039;N;M;D;D;D;T
Domingo 21/08/2039;D;T;D;M;D;N
Lunes 22/08/2039;D;T;O;M;D;N
Martes 23/08/2039;D;N;O;T;M;D
Miércoles 24/08/2039;D;N;O;T;M;D
Jueves 25/08/2039;M;D;O;N;T;D
Viernes 26/08/2039;M;D;O;N;T;D
Sábado 27/08/2039;T;D;D;D;N;M
Domingo 28/08/2039;T;D;D;D;N;M
Lunes 29/08/2039;N;O;M;D;D;T
Martes 30/08/2039;N;O;M;D;D;T
Miércoles 31/08/2039;D;O;T;M;D;N
Jueves 01/09/2039;D;O;T;M;D;N
Viernes 02/09/2039;D;O;N;T;M;D
Sábado 03/09/2039;D;D;N;T;M;D
Domingo 04/09/2039;M;D;D;N;T;D
Lunes 05/09/2039;M;O;D;N;T;D
Martes 06/09/2039;T;O;D;D;N;M
Miércoles 07/09/2039;T;O;D;D;N;M
Jueves 08/09/2039;N;O;M;D;D;T
Viernes 09/09/2039;N;O;M;D;D;T
Sábado 10/09/2039;D;D;T;M;D;N
Domingo 11/09/2039;D;D;T;M;D;N
Lunes 12/09/2039;D;O;N;T;M;D
Martes 13/09/2039;D;O;N;T;M;D
Miércoles 14/09/2039;M;O;D;N;T;D
Jueves 15/09/2039;M;O;D;N;T;D
Viernes 16/09/2039;T;O;D;D;N;M
Sábado 17/09/2039;T;D;D;D;N;M
Domingo 18/09/2039;N;D;M;D;D;T
Lunes 19/09/2039;N;O;M;D;D;T
Martes 20/09/2039;D;O;T;M;D;N
Miércoles 21/09/2039;D;O;T;M;D;N
Jueves 22/09/2039;D;O;N;T;M;D
Viernes 23/09/2039;D;O;N;T;M;D
Sábado 24/09/2039;M;D;D;N;T;D
Domingo 25/09/2039;M;D;D;N;T;D
Lunes 26/09/2039;T;M;D;D;N;O
Martes 27/09/2039;T;M;D;D;N;O
Miércoles 28/09/2039;N;T;M;D;D;O
Jueves 29/09/2039;N;T;M;D;D;O
Viernes 30/09/2039;D;N;T;M;D;O
Sábado 01/10/2039;D;N;T;M;D;D
Domingo 02/10/2039;D;D;N;T;M;D
Lunes 03/10/2039;D;D;N;T;M;O
Martes 04/10/2039;M;D;D;N;T;O
Miércoles 05/10/2039;M;D;D;N;T;O
Jueves 06/10/2039;T;M;D;D;N;O
Viernes 07/10/2039;T;M;D;D;N;O
Sábado 08/10/2039;N;T;M;D;D;D
Domingo 09/10/2039;N;T;M;D;D;D
Lunes 10/10/2039;D;N;T;O;D;M
Martes 11/10/2039;D;N;T;O;D;M
Miércoles 12/10/2039;D;D;N;O;M;T
Jueves 13/10/2039;D;D;N;O;M;T
Viernes 14/10/2039;M;D;D;O;T;N
Sábado 15/10/2039;M;D;D;D;T;N
Domingo 16/10/2039;T;M;D;D;N;D
Lunes 17/10/2039;T;M;D;O;N;D
Martes 18/10/2039;N;T;M;O;D;D
Miércoles 19/10/2039;N;T;M;O;D;D
Jueves 20/10/2039;D;N;T;O;D;M
Viernes 21/10/2039;D;N;T;O;D;M
Sábado 22/10/2039;D;D;N;D;M;T
Domingo 23/10/2039;D;D;N;D;M;T
Lunes 24/10/2039;O;D;D;M;T;N
Martes 25/10/2039;O;D;D;M;T;N
Miércoles 26/10/2039;O;M;D;T;N;D
Jueves 27/10/2039;O;M;D;T;N;D
Viernes 28/10/2039;O;T;M;N;D;D
Sábado 29/10/2039;D;T;M;N;D;D
Domingo 30/10/2039;D;N;T;D;D;M
Lunes 31/10/2039;O;N;T;D;D;M
Martes 01/11/2039;O;D;N;D;M;T
Miércoles 02/11/2039;O;D;N;D;M;T
Jueves 03/11/2039;O;D;D;M;T;N
Viernes 04/11/2039;O;D;D;M;T;N
Sábado 05/11/2039;D;M;D;T;N;D
Domingo 06/11/2039;D;M;D;T;N;D
Lunes 07/11/2039;M;T;O;N;D;D
Martes 08/11/2039;M;T;O;N;D;D
Miércoles 09/11/2039;T;N;O;D;D;M
Jueves 10/11/2039;T;N;O;D;D;M
Viernes 11/11/2039;N;D;O;D;M;T
Sábado 12/11/2039;N;D;D;D;M;T
Domingo 13/11/2039;D;D;D;M;T;N
Lunes 14/11/2039;D;D;O;M;T;N
Martes 15/11/2039;D;M;O;T;N;D
Miércoles 16/11/2039;D;M;O;T;N;D
Jueves 17/11/2039;M;T;O;N;D;D
Viernes 18/11/2039;M;T;O;N;D;D
Sábado 19/11/2039;T;N;D;D;D;M
Domingo 20/11/2039;T;N;D;D;D;M
Lunes 21/11/2039;N;D;M;D;O;T
Martes 22/11/2039;N;D;M;D;O;T
Miércoles 23/11/2039;D;D;T;M;O;N
Jueves 24/11/2039;D;D;T;M;O;N
Viernes 25/11/2039;D;M;N;T;O;D
Sábado 26/11/2039;D;M;N;T;D;D
Domingo 27/11/2039;M;T;D;N;D;D
Lunes 28/11/2039;M;T;D;N;O;D
Martes 29/11/2039;T;N;D;D;O;M
Miércoles 30/11/2039;T;N;D;D;O;M
Jueves 01/12/2039;N;D;M;D;O;T
Viernes 02/12/2039;N;D;M;D;O;T
Sábado 03/12/2039;D;D;T;M;D;N
Domingo 04/12/2039;D;D;T;M;D;N
Lunes 05/12/2039;D;O;N;T;M;D
Martes 06/12/2039;D;O;N;T;M;D
Miércoles 07/12/2039;M;O;D;N;T;D
Jueves 08/12/2039;M;O;D;N;T;D
Viernes 09/12/2039;T;O;D;D;N;M
Sábado 10/12/2039;T;D;D;D;N;M
Domingo 11/12/2039;N;D;M;D;D;T
Lunes 12/12/2039;N;O;M;D;D;T
Martes 13/12/2039;D;O;T;M;D;N
Miércoles 14/12/2039;D;O;T;M;D;N
Jueves 15/12/2039;D;O;N;T;M;D
Viernes 16/12/2039;D;O;N;T;M;D
Sábado 17/12/2039;M;D;D;N;T;D
Domingo 18/12/2039;M;D;D;N;T;D
Lunes 19/12/2039;T;M;D;D;N;O
Martes 20/12/2039;T;M;D;D;N;O
Miércoles 21/12/2039;N;T;M;D;D;O
Jueves 22/12/2039;N;T;M;D;D;O
Viernes 23/12/2039;D;N;T;M;D;O
Sábado 24/12/2039;D;N;T;M;D;D
Domingo 25/12/2039;D;D;N;T;M;D
Lunes 26/12/2039;D;D;N;T;M;O
Martes 27/12/2039;M;D;D;N;T;O
Miércoles 28/12/2039;M;D;D;N;T;O
Jueves 29/12/2039;T;M;D;D;N;O
Viernes 30/12/2039;T;M;D;D;N;O
Sábado 31/12/2039;N;T;M;D;D;D
Domingo 01/01/2040;N;T;M;D;D;D
Lunes 02/01/2040;D;N;T;O;D;M
Martes 03/01/2040;D;N;T;O;D;M
Miércoles 04/01/2040;D;D;N;O;M;T
Jueves 05/01/2040;D;D;N;O;M;T
Viernes 06/01/2040;M;D;D;O;T;N
Sábado 07/01/2040;M;D;D;D;T;N
Domingo 08/01/2040;T;M;D;D;N;D
Lunes 09/01/2040;T;M;D;O;N;D
Martes 10/01/2040;N;T;M;O;D;D
Miércoles 11/01/2040;N;T;M;O;D;D
Jueves 12/01/2040;D;N;T;O;D;M
Viernes 13/01/2040;D;N;T;O;D;M
Sábado 14/01/2040;D;D;N;D;M;T
Domingo 15/01/2040;D;D;N;D;M;T
Lunes 16/01/2040;O;D;D;M;T;N
Martes 17/01/2040;O;D;D;M;T;N
Miércoles 18/01/2040;O;M;D;T;N;D
Jueves 19/01/2040;O;M;D;T;N;D
Viernes 20/01/2040;O;T;M;N;D;D
Sábado 21/01/2040;D;T;M;N;D;D
Domingo 22/01/2040;D;N;T;D;D;M
Lunes 23/01/2040;O;N;T;D;D;M
Martes 24/01/2040;O;D;N;D;M;T
Miércoles 25/01/2040;O;D;N;D;M;T
Jueves 26/01/2040;O;D;D;M;T;N
Viernes 27/01/2040;O;D;D;M;T;N
Sábado 28/01/2040;D;M;D;T;N;D
Domingo 29/01/2040;D;M;D;T;N;D
Lunes 30/01/2040;M;T;O;N;D;D
Martes 31/01/2040;M;T;O;N;D;D
Miércoles 01/02/2040;T;N;O;D;D;M
Jueves 02/02/2040;T;N;O;D;D;M
Viernes 03/02/2040;N;D;O;D;M;T
Sábado 04/02/2040;N;D;D;D;M;T
Domingo 05/02/2040;D;D;D;M;T;N
Lunes 06/02/2040;D;D;O;M;T;N
Martes 07/02/2040;D;M;O;T;N;D
Miércoles 08/02/2040;D;M;O;T;N;D
Jueves 09/02/2040;M;T;O;N;D;D
Viernes 10/02/2040;M;T;O;N;D;D
Sábado 11/02/2040;T;N;D;D;D;M
Domingo 12/02/2040;T;N;D;D;D;M
Lunes 13/02/2040;N;D;M;D;O;T
Martes 14/02/2040;N;D;M;D;O;T
Miércoles 15/02/2040;D;D;T;M;O;N
Jueves 16/02/2040;D;D;T;M;O;N
Viernes 17/02/2040;D;M;N;T;O;D
Sábado 18/02/2040;D;M;N;T;D;D
Domingo 19/02/2040;M;T;D;N;D;D
Lunes 20/02/2040;M;T;D;N;O;D
Martes 21/02/2040;T;N;D;D;O;M
Miércoles 22/02/2040;T;N;D;D;O;M
Jueves 23/02/2040;N;D;M;D;O;T
Viernes 24/02/2040;N;D;M;D;O;T
Sábado 25/02/2040;D;D;T;M;D;N
Domingo 26/02/2040;D;D;T;M;D;N
Lunes 27/02/2040;D;O;N;T;M;D
Martes 28/02/2040;D;O;N;T;M;D
Miércoles 29/02/2040;M;O;D;N;T;D
Jueves 01/03/2040;M;O;D;N;T;D
Viernes 02/03/2040;T;O;D;D;N;M
Sábado 03/03/2040;T;D;D;D;N;M
Domingo 04/03/2040;N;D;M;D;D;T
Lunes 05/03/2040;N;O;M;D;D;T
Martes 06/03/2040;D;O;T;M;D;N
Miércoles 07/03/2040;D;O;T;M;D;N
Jueves 08/03/2040;D;O;N;T;M;D
Viernes 09/03/2040;D;O;N;T;M;D
Sábado 10/03/2040;M;D;D;N;T;D
Domingo 11/03/2040;M;D;D;N;T;D
Lunes 12/03/2040;T;M;D;D;N;O
Martes 13/03/2040;T;M;D;D;N;O
Miércoles 14/03/2040;N;T;M;D;D;O
Jueves 15/03/2040;N;T;M;D;D;O
Viernes 16/03/2040;D;N;T;M;D;O
Sábado 17/03/2040;D;N;T;M;D;D
Domingo 18/03/2040;D;D;N;T;M;D
Lunes 19/03/2040;D;D;N;T;M;O
Martes 20/03/2040;M;D;D;N;T;O
Miércoles 21/03/2040;M;D;D;N;T;O
Jueves 22/03/2040;T;M;D;D;N;O
Viernes 23/03/2040;T;M;D;D;N;O
Sábado 24/03/2040;N;T;M;D;D;D
Domingo 25/03/2040;N;T;M;D;D;D
Lunes 26/03/2040;D;N;T;O;D;M
Martes 27/03/2040;D;N;T;O;D;M
Miércoles 28/03/2040;D;D;N;O;M;T
Jueves 29/03/2040;D;D;N;O;M;T
Viernes 30/03/2040;M;D;D;O;T;N
Sábado 31/03/2040;M;D;D;D;T;N
Domingo 01/04/2040;T;M;D;D;N;D
Lunes 02/04/2040;T;M;D;O;N;D
Martes 03/04/2040;N;T;M;O;D;D
Miércoles 04/04/2040;N;T;M;O;D;D
Jueves 05/04/2040;D;N;T;O;D;M
Viernes 06/04/2040;D;N;T;O;D;M
Sábado 07/04/2040;D;D;N;D;M;T
Domingo 08/04/2040;D;D;N;D;M;T
Lunes 09/04/2040;O;D;D;M;T;N
Martes 10/04/2040;O;D;D;M;T;N
Miércoles 11/04/2040;O;M;D;T;N;D
Jueves 12/04/2040;O;M;D;T;N;D
Viernes 13/04/2040;O;T;M;N;D;D
Sábado 14/04/2040;D;T;M;N;D;D
Domingo 15/04/2040;D;N;T;D;D;M
Lunes 16/04/2040;O;N;T;D;D;M
Martes 17/04/2040;O;D;N;D;M;T
Miércoles 18/04/2040;O;D;N;D;M;T
Jueves 19/04/2040;O;D;D;M;T;N
Viernes 20/04/2040;O;D;D;M;T;N
Sábado 21/04/2040;D;M;D;T;N;D
Domingo 22/04/2040;D;M;D;T;N;D
Lunes 23/04/2040;O;T;M;N;D;D
Martes 24/04/2040;O;T;M;N;D;D
Miércoles 25/04/2040;O;N;T;D;D;M
Jueves 26/04/2040;O;N;T;D;D;M
Viernes 27/04/2040;O;D;N;D;M;T
Sábado 28/04/2040;D;D;N;D;M;T
Domingo 29/04/2040;D;D;D;M;T;N
Lunes 30/04/2040;O;D;D;M;T;N
Martes 01/05/2040;O;M;D;T;N;D
Miércoles 02/05/2040;O;M;D;T;N;D
Jueves 03/05/2040;O;T;M;N;D;D
Viernes 04/05/2040;O;T;M;N;D;D
Sábado 05/05/2040;D;N;T;D;D;M
Domingo 06/05/2040;D;N;T;D;D;M
Lunes 07/05/2040;M;D;N;D;O;T
Martes 08/05/2040;M;D;N;D;O;T
Miércoles 09/05/2040;T;D;D;M;O;N
Jueves 10/05/2040;T;D;D;M;O;N
Viernes 11/05/2040;N;M;D;T;O;D
Sábado 12/05/2040;N;M;D;T;D;D
Domingo 13/05/2040;D;T;M;N;D;D
Lunes 14/05/2040;D;T;M;N;O;D
Martes 15/05/2040;D;N;T;D;O;M
Miércoles 16/05/2040;D;N;T;D;O;M
Jueves 17/05/2040;M;D;N;D;O;T
Viernes 18/05/2040;M;D;N;D;O;T
Sábado 19/05/2040;T;D;D;M;D;N
Domingo 20/05/2040;T;D;D;M;D;N
Lunes 21/05/2040;N;M;D;T;O;D
Martes 22/05/2040;N;M;D;T;O;D
Miércoles 23/05/2040;D;T;M;N;O;D
Jueves 24/05/2040;D;T;M;N;O;D
Viernes 25/05/2040;D;N;T;D;O;M
Sábado 26/05/2040;D;N;T;D;D;M
Domingo 27/05/2040;M;D;N;D;D;T
Lunes 28/05/2040;M;D;N;D;O;T
Martes 29/05/2040;T;D;D;M;O;N
Miércoles 30/05/2040;T;D;D;M;O;N
Jueves 31/05/2040;N;M;D;T;O;D
Viernes 01/06/2040;N;M;D;T;O;D
Sábado 02/06/2040;D;T;M;N;D;D
Domingo 03/06/2040;D;T;M;N;D;D
Lunes 04/06/2040;D;N;T;D;M;O
Martes 05/06/2040;D;N;T;D;M;O
Miércoles 06/06/2040;M;D;N;D;T;O
Jueves 07/06/2040;M;D;N;D;T;O
Viernes 08/06/2040;T;D;D;M;N;O
Sábado 09/06/2040;T;D;D;M;N;D
Domingo 10/06/2040;N;M;D;T;D;D
Lunes 11/06/2040;N;M;D;T;D;O
Martes 12/06/2040;D;T;M;N;D;O
Miércoles 13/06/2040;D;T;M;N;D;O
Jueves 14/06/2040;D;N;T;D;M;O
Viernes 15/06/2040;D;N;T;D;M;O
Sábado 16/06/2040;M;D;N;D;T;D
Domingo 17/06/2040;M;D;N;D;T;D
Lunes 18/06/2040;T;D;D;M;N;O
Martes 19/06/2040;T;D;D;M;N;O
Miércoles 20/06/2040;N;M;D;T;D;O
Jueves 21/06/2040;N;M;D;T;D;O
Viernes 22/06/2040;D;T;M;N;D;O
Sábado 23/06/2040;D;T;M;N;D;D
Domingo 24/06/2040;D;N;T;D;M;D
Lunes 25/06/2040;D;N;T;D;M;O
Martes 26/06/2040;M;D;N;D;T;O
Miércoles 27/06/2040;M;D;N;D;T;O
Jueves 28/06/2040;T;D;D;M;N;O
Viernes 29/06/2040;T;D;D;M;N;O
Sábado 30/06/2040;N;M;D;T;D;D
Domingo 01/07/2040;N;M;D;T;D;D
Lunes 02/07/2040;D;T;O;N;D;M
Martes 03/07/2040;D;T;O;N;D;M
Miércoles 04/07/2040;D;N;O;D;M;T
Jueves 05/07/2040;D;N;O;D;M;T
Viernes 06/07/2040;M;D;O;D;T;N
Sábado 07/07/2040;M;D;D;D;T;N
Domingo 08/07/2040;T;D;D;M;N;D
Lunes 09/07/2040;T;D;O;M;N;D
Martes 10/07/2040;N;M;O;T;D;D
Miércoles 11/07/2040;N;M;O;T;D;D
Jueves 12/07/2040;D;T;O;N;D;M
Viernes 13/07/2040;D;T;O;N;D;M
Sábado 14/07/2040;D;N;D;D;M;T
Domingo 15/07/2040;D;N;D;D;M;T
Lunes 16/07/2040;M;D;O;D;T;N
Martes 17/07/2040;M;D;O;D;T;N
Miércoles 18/07/2040;T;D;O;M;N;D
Jueves 19/07/2040;T;D;O;M;N;D
Viernes 20/07/2040;N;M;O;T;D;D
Sábado 21/07/2040;N;M;D;T;D;D
Domingo 22/07/2040;D;T;D;N;D;M
Lunes 23/07/2040;D;T;O;N;D;M
Martes 24/07/2040;D;N;O;D;M;T
Miércoles 25/07/2040;D;N;O;D;M;T
Jueves 26/07/2040;M;D;O;D;T;N
Viernes 27/07/2040;M;D;O;D;T;N
Sábado 28/07/2040;T;D;D;M;N;D
Domingo 29/07/2040;T;D;D;M;N;D
Lunes 30/07/2040;N;O;M;T;D;D
Martes 31/07/2040;N;O;M;T;D;D
Miércoles 01/08/2040;D;O;T;N;D;M
Jueves 02/08/2040;D;O;T;N;D;M
Viernes 03/08/2040;D;O;N;D;M;T
Sábado 04/08/2040;D;D;N;D;M;T
Domingo 05/08/2040;M;D;D;D;T;N
Lunes 06/08/2040;M;O;D;D;T;N
Martes 07/08/2040;T;O;D;M;N;D
Miércoles 08/08/2040;T;O;D;M;N;D
Jueves 09/08/2040;N;O;M;T;D;D
Viernes 10/08/2040;N;O;M;T;D;D
Sábado 11/08/2040;D;D;T;N;D;M
Domingo 12/08/2040;D;D;T;N;D;M
Lunes 13/08/2040;D;O;N;D;M;T
Martes 14/08/2040;D;O;N;D;M;T
Miércoles 15/08/2040;M;O;D;D;T;N
Jueves 16/08/2040;M;O;D;D;T;N
Viernes 17/08/2040;T;O;D;M;N;D
Sábado 18/08/2040;T;D;D;M;N;D
Domingo 19/08/2040;N;D;M;T;D;D
Lunes 20/08/2040;N;O;M;T;D;D
Martes 21/08/2040;D;O;T;N;D;M
Miércoles 22/08/2040;D;O;T;N;D;M
Jueves 23/08/2040;D;O;N;D;M;T
Viernes 24/08/2040;D;O;N;D;M;T
Sábado 25/08/2040;M;D;D;D;T;N
Domingo 26/08/2040;M;D;D;D;T;N
Lunes 27/08/2040;T;M;D;O;N;D
Martes 28/08/2040;T;M;D;O;N;D
Miércoles 29/08/2040;N;T;M;O;D;D
Jueves 30/08/2040;N;T;M;O;D;D
Viernes 31/08/2040;D;N;T;O;D;M
Sábado 01/09/2040;D;N;T;D;D;M
Domingo 02/09/2040;D;D;N;D;M;T
Lunes 03/09/2040;D;D;N;O;M;T
Martes 04/09/2040;M;D;D;O;T;N
Miércoles 05/09/2040;M;D;D;O;T;N
Jueves 06/09/2040;T;M;D;O;N;D
Viernes 07/09/2040;T;M;D;O;N;D
Sábado 08/09/2040;N;T;M;D;D;D
Domingo 09/09/2040;N;T;M;D;D;D
Lunes 10/09/2040;D;N;T;O;D;M
Martes 11/09/2040;D;N;T;O;D;M
Miércoles 12/09/2040;D;D;N;O;M;T
Jueves 13/09/2040;D;D;N;O;M;T
Viernes 14/09/2040;M;D;D;O;T;N
Sábado 15/09/2040;M;D;D;D;T;N
Domingo 16/09/2040;T;M;D;D;N;D
Lunes 17/09/2040;T;M;D;O;N;D
Martes 18/09/2040;N;T;M;O;D;D
Miércoles 19/09/2040;N;T;M;O;D;D
Jueves 20/09/2040;D;N;T;O;D;M
Viernes 21/09/2040;D;N;T;O;D;M
Sábado 22/09/2040;D;D;N;D;M;T
Domingo 23/09/2040;D;D;N;D;M;T
Lunes 24/09/2040;O;D;D;M;T;N
Martes 25/09/2040;O;D;D;M;T;N
Miércoles 26/09/2040;O;M;D;T;N;D
Jueves 27/09/2040;O;M;D;T;N;D
Viernes 28/09/2040;O;T;M;N;D;D
Sábado 29/09/2040;D;T;M;N;D;D
Domingo 30/09/2040;D;N;T;D;D;M
Lunes 01/10/2040;O;N;T;D;D;M
Martes 02/10/2040;O;D;N;D;M;T
Miércoles 03/10/2040;O;D;N;D;M;T
Jueves 04/10/2040;O;D;D;M;T;N
Viernes 05/10/2040;O;D;D;M;T;N
Sábado 06/10/2040;D;M;D;T;N;D
Domingo 07/10/2040;D;M;D;T;N;D
Lunes 08/10/2040;M;T;O;N;D;D
Martes 09/10/2040;M;T;O;N;D;D
Miércoles 10/10/2040;T;N;O;D;D;M
Jueves 11/10/2040;T;N;O;D;D;M
Viernes 12/10/2040;N;D;O;D;M;T
Sábado 13/10/2040;N;D;D;D;M;T
Domingo 14/10/2040;D;D;D;M;T;N
Lunes 15/10/2040;D;D;O;M;T;N
Martes 16/10/2040;D;M;O;T;N;D
Miércoles 17/10/2040;D;M;O;T;N;D
Jueves 18/10/2040;M;T;O;N;D;D
Viernes 19/10/2040;M;T;O;N;D;D
Sábado 20/10/2040;T;N;D;D;D;M
Domingo 21/10/2040;T;N;D;D;D;M
Lunes 22/10/2040;N;D;M;D;O;T
Martes 23/10/2040;N;D;M;D;O;T
Miércoles 24/10/2040;D;D;T;M;O;N
Jueves 25/10/2040;D;D;T;M;O;N
Viernes 26/10/2040;D;M;N;T;O;D
Sábado 27/10/2040;D;M;N;T;D;D
Domingo 28/10/2040;M;T;D;N;D;D
Lunes 29/10/2040;M;T;D;N;O;D
Martes 30/10/2040;T;N;D;D;O;M
Miércoles 31/10/2040;T;N;D;D;O;M
Jueves 01/11/2040;N;D;M;D;O;T
Viernes 02/11/2040;N;D;M;D;O;T
Sábado 03/11/2040;D;D;T;M;D;N
Domingo 04/11/2040;D;D;T;M;D;N
Lunes 05/11/2040;D;O;N;T;M;D
Martes 06/11/2040;D;O;N;T;M;D
Miércoles 07/11/2040;M;O;D;N;T;D
Jueves 08/11/2040;M;O;D;N;T;D
Viernes 09/11/2040;T;O;D;D;N;M
Sábado 10/11/2040;T;D;D;D;N;M
Domingo 11/11/2040;N;D;M;D;D;T
Lunes 12/11/2040;N;O;M;D;D;T
Martes 13/11/2040;D;O;T;M;D;N
Miércoles 14/11/2040;D;O;T;M;D;N
Jueves 15/11/2040;D;O;N;T;M;D
Viernes 16/11/2040;D;O;N;T;M;D
Sábado 17/11/2040;M;D;D;N;T;D
Domingo 18/11/2040;M;D;D;N;T;D
Lunes 19/11/2040;T;M;D;D;N;O
Martes 20/11/2040;T;M;D;D;N;O
Miércoles 21/11/2040;N;T;M;D;D;O
Jueves 22/11/2040;N;T;M;D;D;O
Viernes 23/11/2040;D;N;T;M;D;O
Sábado 24/11/2040;D;N;T;M;D;D
Domingo 25/11/2040;D;D;N;T;M;D
Lunes 26/11/2040;D;D;N;T;M;O
Martes 27/11/2040;M;D;D;N;T;O
Miércoles 28/11/2040;M;D;D;N;T;O
Jueves 29/11/2040;T;M;D;D;N;O
Viernes 30/11/2040;T;M;D;D;N;O
Sábado 01/12/2040;N;T;M;D;D;D
Domingo 02/12/2040;N;T;M;D;D;D
Lunes 03/12/2040;D;N;T;O;D;M
Martes 04/12/2040;D;N;T;O;D;M
Miércoles 05/12/2040;D;D;N;O;M;T
Jueves 06/12/2040;D;D;N;O;M;T
Viernes 07/12/2040;M;D;D;O;T;N
Sábado 08/12/2040;M;D;D;D;T;N
Domingo 09/12/2040;T;M;D;D;N;D
Lunes 10/12/2040;T;M;D;O;N;D
Martes 11/12/2040;N;T;M;O;D;D
Miércoles 12/12/2040;N;T;M;O;D;D
Jueves 13/12/2040;D;N;T;O;D;M
Viernes 14/12/2040;D;N;T;O;D;M
Sábado 15/12/2040;D;D;N;D;M;T
Domingo 16/12/2040;D;D;N;D;M;T
Lunes 17/12/2040;O;D;D;M;T;N
Martes 18/12/2040;O;D;D;M;T;N
Miércoles 19/12/2040;O;M;D;T;N;D
Jueves 20/12/2040;O;M;D;T;N;D
Viernes 21/12/2040;O;T;M;N;D;D
Sábado 22/12/2040;D;T;M;N;D;D
Domingo 23/12/2040;D;N;T;D;D;M
Lunes 24/12/2040;O;N;T;D;D;M
Martes 25/12/2040;O;D;N;D;M;T
Miércoles 26/12/2040;O;D;N;D;M;T
Jueves 27/12/2040;O;D;D;M;T;N
Viernes 28/12/2040;O;D;D;M;T;N
Sábado 29/12/2040;D;M;D;T;N;D
Domingo 30/12/2040;D;M;D;T;N;D
Lunes 31/12/2040;M;T;O;N;D;D
