Fecha;Equipo A;Equipo B;Equipo C;Equipo D;Equipo E;Equipo F
S 01/01/2005;M;D;D;N;T;D
D 02/01/2005;M;D;D;N;T;D
L 03/01/2005;T;M;D;D;N;O
M 04/01/2005;T;M;D;D;N;O
X 05/01/2005;N;T;M;D;D;O
J 06/01/2005;N;T;M;D;D;O
V 07/01/2005;D;N;T;M;D;O
S 08/01/2005;D;N;T;M;D;D
D 09/01/2005;D;D;N;T;M;D
L 10/01/2005;D;D;N;T;M;O
M 11/01/2005;M;D;D;N;T;O
X 12/01/2005;M;D;D;N;T;O
J 13/01/2005;T;M;D;D;N;O
V 14/01/2005;T;M;D;D;N;O
S 15/01/2005;N;T;M;D;D;D
D 16/01/2005;N;T;M;D;D;D
L 17/01/2005;D;N;T;O;D;M
M 18/01/2005;D;N;T;O;D;M
X 19/01/2005;D;D;N;O;M;T
J 20/01/2005;D;D;N;O;M;T
V 21/01/2005;M;D;D;O;T;N
S 22/01/2005;M;D;D;D;T;N
D 23/01/2005;T;M;D;D;N;D
L 24/01/2005;T;M;D;O;N;D
M 25/01/2005;N;T;M;O;D;D
X 26/01/2005;N;T;M;O;D;D
J 27/01/2005;D;N;T;O;D;M
V 28/01/2005;D;N;T;O;D;M
S 29/01/2005;D;D;N;D;M;T
D 30/01/2005;D;D;N;D;M;T
L 31/01/2005;O;D;D;M;T;N
M 01/02/2005;O;D;D;M;T;N
X 02/02/2005;O;M;D;T;N;D
J 03/02/2005;O;M;D;T;N;D
V 04/02/2005;O;T;M;N;D;D
S 05/02/2005;D;T;M;N;D;D
D 06/02/2005;D;N;T;D;D;M
L 07/02/2005;O;N;T;D;D;M
M 08/02/2005;O;D;N;D;M;T
X 09/02/2005;O;D;N;D;M;T
J 10/02/2005;O;D;D;M;T;N
V 11/02/2005;O;D;D;M;T;N
S 12/02/2005;D;M;D;T;N;D
D 13/02/2005;D;M;D;T;N;D
L 14/02/2005;M;T;O;N;D;D
M 15/02/2005;M;T;O;N;D;D
X 16/02/2005;T;N;O;D;D;M
J 17/02/2005;T;N;O;D;D;M
V 18/02/2005;N;D;O;D;M;T
S 19/02/2005;N;D;D;D;M;T
D 20/02/2005;D;D;D;M;T;N
L 21/02/2005;D;D;O;M;T;N
M 22/02/2005;D;M;O;T;N;D
X 23/02/2005;D;M;O;T;N;D
J 24/02/2005;M;T;O;N;D;D
V 25/02/2005;M;T;O;N;D;D
S 26/02/2005;T;N;D;D;D;M
D 27/02/2005;T;N;D;D;D;M
L 28/02/2005;N;D;M;D;O;T
M 01/03/2005;N;D;M;D;O;T
X 02/03/2005;D;D;T;M;O;N
J 03/03/2005;D;D;T;M;O;N
V 04/03/2005;D;M;N;T;O;D
S 05/03/2005;D;M;N;T;D;D
D 06/03/2005;M;T;D;N;D;D
L 07/03/2005;M;T;D;N;O;D
M 08/03/2005;T;N;D;D;O;M
X 09/03/2005;T;N;D;D;O;M
J 10/03/2005;N;D;M;D;O;T
V 11/03/2005;N;D;M;D;O;T
S 12/03/2005;D;D;T;M;D;N
D 13/03/2005;D;D;T;M;D;N
L 14/03/2005;D;O;N;T;M;D
M 15/03/2005;D;O;N;T;M;D
X 16/03/2005;M;O;D;N;T;D
J 17/03/2005;M;O;D;N;T;D
V 18/03/2005;T;O;D;D;N;M
S 19/03/2005;T;D;D;D;N;M
D 20/03/2005;N;D;M;D;D;T
L 21/03/2005;N;O;M;D;D;T
M 22/03/2005;D;O;T;M;D;N
X 23/03/2005;D;O;T;M;D;N
J 24/03/2005;D;O;N;T;M;D
V 25/03/2005;D;O;N;T;M;D
S 26/03/2005;M;D;D;N;T;D
D 27/03/2005;M;D;D;N;T;D
L 28/03/2005;T;M;D;D;N;O
M 29/03/2005;T;M;D;D;N;O
X 30/03/2005;N;T;M;D;D;O
J 31/03/2005;N;T;M;D;D;O
V 01/04/2005;D;N;T;M;D;O
S 02/04/2005;D;N;T;M;D;D
D 03/04/2005;D;D;N;T;M;D
L 04/04/2005;D;D;N;T;M;O
M 05/04/2005;M;D;D;N;T;O
X 06/04/2005;M;D;D;N;T;O
J 07/04/2005;T;M;D;D;N;O
V 08/04/2005;T;M;D;D;N;O
S 09/04/2005;N;T;M;D;D;D
D 10/04/2005;N;T;M;D;D;D
L 11/04/2005;D;N;T;O;D;M
M 12/04/2005;D;N;T;O;D;M
X 13/04/2005;D;D;N;O;M;T
J 14/04/2005;D;D;N;O;M;T
V 15/04/2005;M;D;D;O;T;N
S 16/04/2005;M;D;D;D;T;N
D 17/04/2005;T;M;D;D;N;D
L 18/04/2005;T;M;D;O;N;D
M 19/04/2005;N;T;M;O;D;D
X 20/04/2005;N;T;M;O;D;D
J 21/04/2005;D;N;T;O;D;M
V 22/04/2005;D;N;T;O;D;M
S 23/04/2005;D;D;N;D;M;T
D 24/04/2005;D;D;N;D;M;T
L 25/04/2005;O;D;D;M;T;N
M 26/04/2005;O;D;D;M;T;N
X 27/04/2005;O;M;D;T;N;D
J 28/04/2005;O;M;D;T;N;D
V 29/04/2005;O;T;M;N;D;D
S 30/04/2005;D;T;M;N;D;D
D 01/05/2005;D;N;T;D;D;M
L 02/05/2005;O;N;T;D;D;M
M 03/05/2005;O;D;N;D;M;T
X 04/05/2005;O;D;N;D;M;T
J 05/05/2005;O;D;D;M;T;N
V 06/05/2005;O;D;D;M;T;N
S 07/05/2005;D;M;D;T;N;D
D 08/05/2005;D;M;D;T;N;D
L 09/05/2005;M;T;O;N;D;D
M 10/05/2005;M;T;O;N;D;D
X 11/05/2005;T;N;O;D;D;M
J 12/05/2005;T;N;O;D;D;M
V 13/05/2005;N;D;O;D;M;T
S 14/05/2005;N;D;D;D;M;T
D 15/05/2005;D;D;D;M;T;N
L 16/05/2005;D;D;O;M;T;N
M 17/05/2005;D;M;O;T;N;D
X 18/05/2005;D;M;O;T;N;D
J 19/05/2005;M;T;O;N;D;D
V 20/05/2005;M;T;O;N;D;D
S 21/05/2005;T;N;D;D;D;M
D 22/05/2005;T;N;D;D;D;M
L 23/05/2005;N;D;O;D;M;T
M 24/05/2005;N;D;O;D;M;T
X 25/05/2005;D;D;O;M;T;N
J 26/05/2005;D;D;O;M;T;N
V 27/05/2005;D;M;O;T;N;D
S 28/05/2005;D;M;D;T;N;D
D 29/05/2005;M;T;D;N;D;D
L 30/05/2005;M;T;O;N;D;D
M 31/05/2005;T;N;O;D;D;M
X 01/06/2005;T;N;O;D;D;M
J 02/06/2005;N;D;O;D;M;T
V 03/06/2005;N;D;O;D;M;T
S 04/06/2005;D;D;D;M;T;N
D 05/06/2005;D;D;D;M;T;N
L 06/06/2005;D;O;M;T;N;D
M 07/06/2005;D;O;M;T;N;D
X 08/06/2005;M;O;T;N;D;D
J 09/06/2005;M;O;T;N;D;D
V 10/06/2005;T;O;N;D;D;M
S 11/06/2005;T;D;N;D;D;M
D 12/06/2005;N;D;D;D;M;T
L 13/06/2005;N;O;D;D;M;T
M 14/06/2005;D;O;D;M;T;N
X 15/06/2005;D;O;D;M;T;N
J 16/06/2005;D;O;M;T;N;D
V 17/06/2005;D;O;M;T;N;D
S 18/06/2005;M;D;T;N;D;D
D 19/06/2005;M;D;T;N;D;D
L 20/06/2005;T;O;N;D;D;M
M 21/06/2005;T;O;N;D;D;M
X 22/06/2005;N;O;D;D;M;T
J 23/06/2005;N;O;D;D;M;T
V 24/06/2005;D;O;D;M;T;N
S 25/06/2005;D;D;D;M;T;N
D 26/06/2005;D;D;M;T;N;D
L 27/06/2005;D;O;M;T;N;D
M 28/06/2005;M;O;T;N;D;D
X 29/06/2005;M;O;T;N;D;D
J 30/06/2005;T;O;N;D;D;M
V 01/07/2005;T;O;N;D;D;M
S 02/07/2005;N;D;D;D;M;T
D 03/07/2005;N;D;D;D;M;T
L 04/07/2005;D;M;D;O;T;N
M 05/07/2005;D;M;D;O;T;N
X 06/07/2005;D;T;M;O;N;D
J 07/07/2005;D;T;M;O;N;D
V 08/07/2005;M;N;T;O;D;D
S 09/07/2005;M;N;T;D;D;D
D 10/07/2005;T;D;N;D;D;M
L 11/07/2005;T;D;N;O;D;M
M 12/07/2005;N;D;D;O;M;T
X 13/07/2005;N;D;D;O;M;T
J 14/07/2005;D;M;D;O;T;N
V 15/07/2005;D;M;D;O;T;N
S 16/07/2005;D;T;M;D;N;D
D 17/07/2005;D;T;M;D;N;D
L 18/07/2005;M;N;T;O;D;D
M 19/07/2005;M;N;T;O;D;D
X 20/07/2005;T;D;N;O;D;M
J 21/07/2005;T;D;N;O;D;M
V 22/07/2005;N;D;D;O;M;T
S 23/07/2005;N;D;D;D;M;T
D 24/07/2005;D;M;D;D;T;N
L 25/07/2005;D;M;D;O;T;N
M 26/07/2005;D;T;M;O;N;D
X 27/07/2005;D;T;M;O;N;D
J 28/07/2005;M;N;T;O;D;D
V 29/07/2005;M;N;T;O;D;D
S 30/07/2005;T;D;N;D;D;M
D 31/07/2005;T;D;N;D;D;M
L 01/08/2005;N;D;D;M;O;T
M 02/08/2005;N;D;D;M;O;T
X 03/08/2005;D;M;D;T;O;N
J 04/08/2005;D;M;D;T;O;N
V 05/08/2005;D;T;M;N;O;D
S 06/08/2005;D;T;M;N;D;D
D 07/08/2005;M;N;T;D;D;D
L 08/08/2005;M;N;T;D;O;D
M 09/08/2005;T;D;N;D;O;M
X 10/08/2005;T;D;N;D;O;M
J 11/08/2005;N;D;D;M;O;T
V 12/08/2005;N;D;D;M;O;T
S 13/08/2005;D;M;D;T;D;N
D 14/08/2005;D;M;D;T;D;N
L 15/08/2005;D;T;M;N;O;D
M 16/08/2005;D;T;M;N;O;D
X 17/08/2005;M;N;T;D;O;D
J 18/08/2005;M;N;T;D;O;D
V 19/08/2005;T;D;N;D;O;M
S 20/08/2005;T;D;N;D;D;M
D 21/08/2005;N;D;D;M;D;T
L 22/08/2005;N;D;D;M;O;T
M 23/08/2005;D;M;D;T;O;N
X 24/08/2005;D;M;D;T;O;N
J 25/08/2005;D;T;M;N;O;D
V 26/08/2005;D;T;M;N;O;D
S 27/08/2005;M;N;T;D;D;D
D 28/08/2005;M;N;T;D;D;D
L 29/08/2005;T;D;N;D;M;O
M 30/08/2005;T;D;N;D;M;O
X 31/08/2005;N;D;D;M;T;O
J 01/09/2005;N;D;D;M;T;O
V 02/09/2005;D;M;D;T;N;O
S 03/09/2005;D;M;D;T;N;D
D 04/09/2005;D;T;M;N;D;D
L 05/09/2005;D;T;M;N;D;O
M 06/09/2005;M;N;T;D;D;O
X 07/09/2005;M;N;T;D;D;O
J 08/09/2005;T;D;N;D;M;O
V 09/09/2005;T;D;N;D;M;O
S 10/09/2005;N;D;D;M;T;D
D 11/09/2005;N;D;D;M;T;D
L 12/09/2005;D;M;D;T;N;O
M 13/09/2005;D;M;D;T;N;O
X 14/09/2005;D;T;M;N;D;O
J 15/09/2005;D;T;M;N;D;O
V 16/09/2005;M;N;T;D;D;O
S 17/09/2005;M;N;T;D;D;D
D 18/09/2005;T;D;N;D;M;D
L 19/09/2005;T;D;N;D;M;O
M 20/09/2005;N;D;D;M;T;O
X 21/09/2005;N;D;D;M;T;O
J 22/09/2005;D;M;D;T;N;O
V 23/09/2005;D;M;D;T;N;O
S 24/09/2005;D;T;M;N;D;D
D 25/09/2005;D;T;M;N;D;D
L 26/09/2005;O;N;T;D;D;M
M 27/09/2005;O;N;T;D;D;M
X 28/09/2005;O;D;N;D;M;T
J 29/09/2005;O;D;N;D;M;T
V 30/09/2005;O;D;D;M;T;N
S 01/10/2005;D;D;D;M;T;N
D 02/10/2005;D;M;D;T;N;D
L 03/10/2005;O;M;D;T;N;D
M 04/10/2005;O;T;M;N;D;D
X 05/10/2005;O;T;M;N;D;D
J 06/10/2005;O;N;T;D;D;M
V 07/10/2005;O;N;T;D;D;M
S 08/10/2005;D;D;N;D;M;T
D 09/10/2005;D;D;N;D;M;T
L 10/10/2005;O;D;D;M;T;N
M 11/10/2005;O;D;D;M;T;N
X 12/10/2005;O;M;D;T;N;D
J 13/10/2005;O;M;D;T;N;D
V 14/10/2005;O;T;M;N;D;D
S 15/10/2005;D;T;M;N;D;D
D 16/10/2005;D;N;T;D;D;M
L 17/10/2005;O;N;T;D;D;M
M 18/10/2005;O;D;N;D;M;T
X 19/10/2005;O;D;N;D;M;T
J 20/10/2005;O;D;D;M;T;N
V 21/10/2005;O;D;D;M;T;N
S 22/10/2005;D;M;D;T;N;D
D 23/10/2005;D;M;D;T;N;D
L 24/10/2005;M;T;O;N;D;D
M 25/10/2005;M;T;O;N;D;D
X 26/10/2005;T;N;O;D;D;M
J 27/10/2005;T;N;O;D;D;M
V 28/10/2005;N;D;O;D;M;T
S 29/10/2005;N;D;D;D;M;T
D 30/10/2005;D;D;D;M;T;N
L 31/10/2005;D;D;O;M;T;N
M 01/11/2005;D;M;O;T;N;D
X 02/11/2005;D;M;O;T;N;D
J 03/11/2005;M;T;O;N;D;D
V 04/11/2005;M;T;O;N;D;D
S 05/11/2005;T;N;D;D;D;M
D 06/11/2005;T;N;D;D;D;M
L 07/11/2005;N;D;M;D;O;T
M 08/11/2005;N;D;M;D;O;T
X 09/11/2005;D;D;T;M;O;N
J 10/11/2005;D;D;T;M;O;N
V 11/11/2005;D;M;N;T;O;D
S 12/11/2005;D;M;N;T;D;D
D 13/11/2005;M;T;D;N;D;D
L 14/11/2005;M;T;D;N;O;D
M 15/11/2005;T;N;D;D;O;M
X 16/11/2005;T;N;D;D;O;M
J 17/11/2005;N;D;M;D;O;T
V 18/11/2005;N;D;M;D;O;T
S 19/11/2005;D;D;T;M;D;N
D 20/11/2005;D;D;T;M;D;N
L 21/11/2005;D;O;N;T;M;D
M 22/11/2005;D;O;N;T;M;D
X 23/11/2005;M;O;D;N;T;D
J 24/11/2005;M;O;D;N;T;D
V 25/11/2005;T;O;D;D;N;M
S 26/11/2005;T;D;D;D;N;M
D 27/11/2005;N;D;M;D;D;T
L 28/11/2005;N;O;M;D;D;T
M 29/11/2005;D;O;T;M;D;N
X 30/11/2005;D;O;T;M;D;N
J 01/12/2005;D;O;N;T;M;D
V 02/12/2005;D;O;N;T;M;D
S 03/12/2005;M;D;D;N;T;D
D 04/12/2005;M;D;D;N;T;D
L 05/12/2005;T;M;D;D;N;O
M 06/12/2005;T;M;D;D;N;O
X 07/12/2005;N;T;M;D;D;O
J 08/12/2005;N;T;M;D;D;O
V 09/12/2005;D;N;T;M;D;O
S 10/12/2005;D;N;T;M;D;D
D 11/12/2005;D;D;N;T;M;D
L 12/12/2005;D;D;N;T;M;O
M 13/12/2005;M;D;D;N;T;O
X 14/12/2005;M;D;D;N;T;O
J 15/12/2005;T;M;D;D;N;O
V 16/12/2005;T;M;D;D;N;O
S 17/12/2005;N;T;M;D;D;D
D 18/12/2005;N;T;M;D;D;D
L 19/12/2005;D;N;T;O;D;M
M 20/12/2005;D;N;T;O;D;M
X 21/12/2005;D;D;N;O;M;T
J 22/12/2005;D;D;N;O;M;T
V 23/12/2005;M;D;D;O;T;N
S 24/12/2005;M;D;D;D;T;N
D 25/12/2005;T;M;D;D;N;D
L 26/12/2005;T;M;D;O;N;D
M 27/12/2005;N;T;M;O;D;D
X 28/12/2005;N;T;M;O;D;D
J 29/12/2005;D;N;T;O;D;M
V 30/12/2005;D;N;T;O;D;M
S 31/12/2005;D;D;N;D;M;T
D 01/01/2006;D;D;N;D;M;T
L 02/01/2006;O;D;D;M;T;N
M 03/01/2006;O;D;D;M;T;N
X 04/01/2006;O;M;D;T;N;D
J 05/01/2006;O;M;D;T;N;D
V 06/01/2006;O;T;M;N;D;D
S 07/01/2006;D;T;M;N;D;D
D 08/01/2006;D;N;T;D;D;M
L 09/01/2006;O;N;T;D;D;M
M 10/01/2006;O;D;N;D;M;T
X 11/01/2006;O;D;N;D;M;T
J 12/01/2006;O;D;D;M;T;N
V 13/01/2006;O;D;D;M;T;N
S 14/01/2006;D;M;D;T;N;D
D 15/01/2006;D;M;D;T;N;D
L 16/01/2006;M;T;O;N;D;D
M 17/01/2006;M;T;O;N;D;D
X 18/01/2006;T;N;O;D;D;M
J 19/01/2006;T;N;O;D;D;M
V 20/01/2006;N;D;O;D;M;T
S 21/01/2006;N;D;D;D;M;T
D 22/01/2006;D;D;D;M;T;N
L 23/01/2006;D;D;O;M;T;N
M 24/01/2006;D;M;O;T;N;D
X 25/01/2006;D;M;O;T;N;D
J 26/01/2006;M;T;O;N;D;D
V 27/01/2006;M;T;O;N;D;D
S 28/01/2006;T;N;D;D;D;M
D 29/01/2006;T;N;D;D;D;M
L 30/01/2006;N;D;M;D;O;T
M 31/01/2006;N;D;M;D;O;T
X 01/02/2006;D;D;T;M;O;N
J 02/02/2006;D;D;T;M;O;N
V 03/02/2006;D;M;N;T;O;D
S 04/02/2006;D;M;N;T;D;D
D 05/02/2006;M;T;D;N;D;D
L 06/02/2006;M;T;D;N;O;D
M 07/02/2006;T;N;D;D;O;M
X 08/02/2006;T;N;D;D;O;M
J 09/02/2006;N;D;M;D;O;T
V 10/02/2006;N;D;M;D;O;T
S 11/02/2006;D;D;T;M;D;N
D 12/02/2006;D;D;T;M;D;N
L 13/02/2006;D;O;N;T;M;D
M 14/02/2006;D;O;N;T;M;D
X 15/02/2006;M;O;D;N;T;D
J 16/02/2006;M;O;D;N;T;D
V 17/02/2006;T;O;D;D;N;M
S 18/02/2006;T;D;D;D;N;M
D 19/02/2006;N;D;M;D;D;T
L 20/02/2006;N;O;M;D;D;T
M 21/02/2006;D;O;T;M;D;N
X 22/02/2006;D;O;T;M;D;N
J 23/02/2006;D;O;N;T;M;D
V 24/02/2006;D;O;N;T;M;D
S 25/02/2006;M;D;D;N;T;D
D 26/02/2006;M;D;D;N;T;D
L 27/02/2006;T;M;D;D;N;O
M 28/02/2006;T;M;D;D;N;O
X 01/03/2006;N;T;M;D;D;O
J 02/03/2006;N;T;M;D;D;O
V 03/03/2006;D;N;T;M;D;O
S 04/03/2006;D;N;T;M;D;D
D 05/03/2006;D;D;N;T;M;D
L 06/03/2006;D;D;N;T;M;O
M 07/03/2006;M;D;D;N;T;O
X 08/03/2006;M;D;D;N;T;O
J 09/03/2006;T;M;D;D;N;O
V 10/03/2006;T;M;D;D;N;O
S 11/03/2006;N;T;M;D;D;D
D 12/03/2006;N;T;M;D;D;D
L 13/03/2006;D;N;T;O;D;M
M 14/03/2006;D;N;T;O;D;M
X 15/03/2006;D;D;N;O;M;T
J 16/03/2006;D;D;N;O;M;T
V 17/03/2006;M;D;D;O;T;N
S 18/03/2006;M;D;D;D;T;N
D 19/03/2006;T;M;D;D;N;D
L 20/03/2006;T;M;D;O;N;D
M 21/03/2006;N;T;M;O;D;D
X 22/03/2006;N;T;M;O;D;D
J 23/03/2006;D;N;T;O;D;M
V 24/03/2006;D;N;T;O;D;M
S 25/03/2006;D;D;N;D;M;T
D 26/03/2006;D;D;N;D;M;T
L 27/03/2006;O;D;D;M;T;N
M 28/03/2006;O;D;D;M;T;N
X 29/03/2006;O;M;D;T;N;D
J 30/03/2006;O;M;D;T;N;D
V 31/03/2006;O;T;M;N;D;D
S 01/04/2006;D;T;M;N;D;D
D 02/04/2006;D;N;T;D;D;M
L 03/04/2006;O;N;T;D;D;M
M 04/04/2006;O;D;N;D;M;T
X 05/04/2006;O;D;N;D;M;T
J 06/04/2006;O;D;D;M;T;N
V 07/04/2006;O;D;D;M;T;N
S 08/04/2006;D;M;D;T;N;D
D 09/04/2006;D;M;D;T;N;D
L 10/04/2006;M;T;O;N;D;D
M 11/04/2006;M;T;O;N;D;D
X 12/04/2006;T;N;O;D;D;M
J 13/04/2006;T;N;O;D;D;M
V 14/04/2006;N;D;O;D;M;T
S 15/04/2006;N;D;D;D;M;T
D 16/04/2006;D;D;D;M;T;N
L 17/04/2006;D;D;O;M;T;N
M 18/04/2006;D;M;O;T;N;D
X 19/04/2006;D;M;O;T;N;D
J 20/04/2006;M;T;O;N;D;D
V 21/04/2006;M;T;O;N;D;D
S 22/04/2006;T;N;D;D;D;M
D 23/04/2006;T;N;D;D;D;M
L 24/04/2006;N;D;M;D;O;T
M 25/04/2006;N;D;M;D;O;T
X 26/04/2006;D;D;T;M;O;N
J 27/04/2006;D;D;T;M;O;N
V 28/04/2006;D;M;N;T;O;D
S 29/04/2006;D;M;N;T;D;D
D 30/04/2006;M;T;D;N;D;D
L 01/05/2006;M;T;D;N;O;D
M 02/05/2006;T;N;D;D;O;M
X 03/05/2006;T;N;D;D;O;M
J 04/05/2006;N;D;M;D;O;T
V 05/05/2006;N;D;M;D;O;T
S 06/05/2006;D;D;T;M;D;N
D 07/05/2006;D;D;T;M;D;N
L 08/05/2006;D;O;N;T;M;D
M 09/05/2006;O;O;N;T;M;D
X 10/05/2006;M;O;D;N;T;D
J 11/05/2006;M;O;D;N;T;O
V 12/05/2006;T;O;D;D;N;M
S 13/05/2006;T;D;D;D;N;M
D 14/05/2006;N;D;M;D;D;T
L 15/05/2006;N;O;M;O;D;T
M 16/05/2006;D;O;T;M;D;N
X 17/05/2006;D;O;T;M;O;N
J 18/05/2006;D;O;N;T;M;D
V 19/05/2006;D;O;N;T;M;D
S 20/05/2006;M;D;D;N;T;D
D 21/05/2006;M;D;D;N;T;D
L 22/05/2006;T;O;D;D;N;M
M 23/05/2006;T;O;O;D;N;M
X 24/05/2006;N;O;M;D;D;T
J 25/05/2006;N;O;M;D;D;T
V 26/05/2006;D;O;T;M;D;N
S 27/05/2006;D;D;T;M;D;N
D 28/05/2006;D;D;N;T;M;D
L 29/05/2006;D;O;N;T;M;D
M 30/05/2006;M;O;D;N;T;D
X 31/05/2006;M;O;D;N;T;D
J 01/06/2006;T;O;D;D;N;M
V 02/06/2006;T;O;D;D;N;M
S 03/06/2006;N;D;M;D;D;T
D 04/06/2006;N;D;M;D;D;T
L 05/06/2006;D;M;T;O;D;N
M 06/06/2006;D;M;T;O;O;N
X 07/06/2006;D;T;N;O;M;D
J 08/06/2006;O;T;N;O;M;D
V 09/06/2006;M;N;D;O;T;D
S 10/06/2006;M;N;D;D;T;D
D 11/06/2006;T;D;D;D;N;M
L 12/06/2006;T;D;O;O;N;M
M 13/06/2006;N;D;M;O;D;T
X 14/06/2006;N;O;M;O;D;T
J 15/06/2006;D;M;T;O;D;N
V 16/06/2006;D;M;T;O;D;N
S 17/06/2006;D;T;N;D;M;D
D 18/06/2006;D;T;N;D;M;D
L 19/06/2006;M;N;D;O;T;D
M 20/06/2006;M;N;D;O;T;O
X 21/06/2006;T;D;D;O;N;M
J 22/06/2006;T;D;O;O;N;M
V 23/06/2006;N;D;M;O;D;T
S 24/06/2006;N;D;M;D;D;T
D 25/06/2006;D;M;T;D;D;N
L 26/06/2006;D;M;T;O;O;N
M 27/06/2006;D;T;N;O;M;D
X 28/06/2006;O;T;N;O;M;D
J 29/06/2006;M;N;D;O;T;D
V 30/06/2006;M;N;D;O;T;D
S 01/07/2006;T;D;D;D;N;M
D 02/07/2006;T;D;D;D;N;M
L 03/07/2006;N;D;O;M;D;T
M 04/07/2006;N;O;O;M;D;T
X 05/07/2006;D;M;O;T;D;N
J 06/07/2006;D;M;O;T;O;N
V 07/07/2006;D;T;O;N;M;D
S 08/07/2006;D;T;D;N;M;D
D 09/07/2006;M;N;D;D;T;D
L 10/07/2006;M;N;O;D;T;O
M 11/07/2006;T;D;O;D;N;M
X 12/07/2006;T;D;O;O;N;M
J 13/07/2006;N;D;O;M;D;T
V 14/07/2006;N;D;O;M;D;T
S 15/07/2006;D;M;D;T;D;N
D 16/07/2006;D;M;D;T;D;N
L 17/07/2006;D;T;O;N;M;D
M 18/07/2006;O;T;O;N;M;D
X 19/07/2006;M;N;O;D;T;D
J 20/07/2006;M;N;O;D;T;O
V 21/07/2006;T;D;O;D;N;M
S 22/07/2006;T;D;D;D;N;M
D 23/07/2006;N;D;D;M;D;T
L 24/07/2006;N;D;O;M;D;T
M 25/07/2006;D;M;O;T;D;N
X 26/07/2006;D;M;O;T;O;N
J 27/07/2006;D;T;O;N;M;D
V 28/07/2006;D;T;O;N;M;D
S 29/07/2006;M;N;D;D;T;D
D 30/07/2006;M;N;D;D;T;D
L 31/07/2006;T;D;M;D;N;O
M 01/08/2006;T;D;M;O;N;O
X 02/08/2006;N;D;T;M;D;O
J 03/08/2006;N;O;T;M;D;O
V 04/08/2006;D;M;N;T;D;O
S 05/08/2006;D;M;N;T;D;D
D 06/08/2006;D;T;D;N;M;D
L 07/08/2006;D;T;D;N;M;O
M 08/08/2006;M;N;D;D;T;O
X 09/08/2006;M;N;O;D;T;O
J 10/08/2006;T;D;M;D;N;O
V 11/08/2006;T;D;M;D;N;O
S 12/08/2006;N;D;T;M;D;D
D 13/08/2006;N;D;T;M;D;D
L 14/08/2006;D;M;N;T;D;O
M 15/08/2006;D;M;N;T;D;O
X 16/08/2006;D;T;D;N;M;O
J 17/08/2006;D;T;D;N;M;O
V 18/08/2006;M;N;D;D;T;O
S 19/08/2006;M;N;D;D;T;D
D 20/08/2006;T;D;M;D;N;D
L 21/08/2006;T;D;M;O;N;O
M 22/08/2006;N;D;T;M;D;O
X 23/08/2006;N;O;T;M;D;O
J 24/08/2006;D;M;N;T;D;O
V 25/08/2006;D;M;N;T;O;O
S 26/08/2006;D;T;D;N;M;D
D 27/08/2006;D;T;D;N;M;D
L 28/08/2006;O;N;D;D;T;M
M 29/08/2006;O;N;O;D;T;M
X 30/08/2006;O;D;M;D;N;T
J 31/08/2006;O;D;M;D;N;T
V 01/09/2006;O;D;T;M;D;N
S 02/09/2006;D;D;T;M;D;N
D 03/09/2006;D;M;N;T;D;D
L 04/09/2006;O;M;N;T;D;D
M 05/09/2006;O;T;D;N;M;D
X 06/09/2006;O;T;D;N;M;O
J 07/09/2006;O;N;D;D;T;M
V 08/09/2006;O;N;O;D;T;M
S 09/09/2006;D;D;M;D;N;T
D 10/09/2006;D;D;M;D;N;T
L 11/09/2006;O;D;T;M;D;N
M 12/09/2006;O;O;T;M;D;N
X 13/09/2006;O;M;N;T;D;D
J 14/09/2006;O;M;N;T;O;D
V 15/09/2006;O;T;D;N;M;D
S 16/09/2006;D;T;D;N;M;D
D 17/09/2006;D;N;D;D;T;M
L 18/09/2006;O;N;D;D;T;M
M 19/09/2006;O;D;M;D;N;T
X 20/09/2006;O;D;M;O;N;T
J 21/09/2006;O;D;T;M;D;N
V 22/09/2006;O;D;T;M;D;N
S 23/09/2006;D;M;N;T;D;D
D 24/09/2006;D;M;N;T;D;D
L 25/09/2006;M;T;D;N;O;D
M 26/09/2006;M;T;D;N;O;O
X 27/09/2006;T;N;D;D;O;M
J 28/09/2006;T;N;D;D;O;M
V 29/09/2006;N;D;M;D;O;T
S 30/09/2006;N;D;M;D;D;T
D 01/10/2006;D;D;T;M;D;N
L 02/10/2006;D;O;T;M;O;N
M 03/10/2006;D;M;N;T;O;D
X 04/10/2006;D;M;N;T;O;D
J 05/10/2006;M;T;D;N;O;D
V 06/10/2006;M;T;D;N;O;D
S 07/10/2006;T;N;D;D;D;M
D 08/10/2006;T;N;D;D;D;M
L 09/10/2006;N;D;M;D;O;T
M 10/10/2006;N;D;M;O;O;T
X 11/10/2006;D;D;T;M;O;N
J 12/10/2006;D;D;T;M;O;N
V 13/10/2006;D;M;N;T;O;D
S 14/10/2006;D;M;N;T;D;D
D 15/10/2006;M;T;D;N;D;D
L 16/10/2006;M;T;D;N;O;O
M 17/10/2006;T;N;D;D;O;M
X 18/10/2006;T;N;O;D;O;M
J 19/10/2006;N;D;M;D;O;T
V 20/10/2006;N;D;M;D;O;T
S 21/10/2006;D;D;T;M;D;N
D 22/10/2006;D;D;T;M;D;N
L 23/10/2006;D;O;N;T;M;D
M 24/10/2006;D;O;N;T;M;D
X 25/10/2006;M;O;D;N;T;D
J 26/10/2006;M;O;D;N;T;D
V 27/10/2006;T;O;D;D;N;M
S 28/10/2006;T;D;D;D;N;M
D 29/10/2006;N;D;M;D;D;T
L 30/10/2006;N;O;M;D;D;T
M 31/10/2006;D;O;T;M;D;N
X 01/11/2006;D;O;T;M;D;N
J 02/11/2006;D;O;N;T;M;D
V 03/11/2006;D;O;N;T;M;D
S 04/11/2006;M;D;D;N;T;D
D 05/11/2006;M;D;D;N;T;D
L 06/11/2006;T;M;D;D;N;O
M 07/11/2006;T;M;D;D;N;O
X 08/11/2006;N;T;M;D;D;O
J 09/11/2006;N;T;M;D;D;O
V 10/11/2006;D;N;T;M;D;O
S 11/11/2006;D;N;T;M;D;D
D 12/11/2006;D;D;N;T;M;D
L 13/11/2006;D;D;N;T;M;O
M 14/11/2006;M;D;D;N;T;O
X 15/11/2006;M;D;D;N;T;O
J 16/11/2006;T;M;D;D;N;O
V 17/11/2006;T;M;D;D;N;O
S 18/11/2006;N;T;M;D;D;D
D 19/11/2006;N;T;M;D;D;D
L 20/11/2006;D;N;T;O;D;M
M 21/11/2006;D;N;T;O;D;M
X 22/11/2006;D;D;N;O;M;T
J 23/11/2006;D;D;N;O;M;T
V 24/11/2006;M;D;D;O;T;N
S 25/11/2006;M;D;D;D;T;N
D 26/11/2006;T;M;D;D;N;D
L 27/11/2006;T;M;D;O;N;D
M 28/11/2006;N;T;M;O;D;D
X 29/11/2006;N;T;M;O;D;D
J 30/11/2006;D;N;T;O;D;M
V 01/12/2006;D;N;T;O;D;M
S 02/12/2006;D;D;N;D;M;T
D 03/12/2006;D;D;N;D;M;T
L 04/12/2006;O;D;D;M;T;N
M 05/12/2006;O;D;D;M;T;N
X 06/12/2006;O;M;D;T;N;D
J 07/12/2006;O;M;D;T;N;D
V 08/12/2006;O;T;M;N;D;D
S 09/12/2006;D;T;M;N;D;D
D 10/12/2006;D;N;T;D;D;M
L 11/12/2006;O;N;T;D;D;M
M 12/12/2006;O;D;N;D;M;T
X 13/12/2006;O;D;N;D;M;T
J 14/12/2006;O;D;D;M;T;N
V 15/12/2006;O;D;D;M;T;N
S 16/12/2006;D;M;D;T;N;D
D 17/12/2006;D;M;D;T;N;D
L 18/12/2006;M;T;O;N;D;D
M 19/12/2006;M;T;O;N;D;D
X 20/12/2006;T;N;O;D;D;M
J 21/12/2006;T;N;O;D;D;M
V 22/12/2006;N;D;O;D;M;T
S 23/12/2006;N;D;D;D;M;T
D 24/12/2006;D;D;D;M;T;N
L 25/12/2006;D;D;O;M;T;N
M 26/12/2006;D;M;O;T;N;D
X 27/12/2006;D;M;O;T;N;D
J 28/12/2006;M;T;O;N;D;D
V 29/12/2006;M;T;O;N;D;D
S 30/12/2006;T;N;D;D;D;M
D 31/12/2006;T;N;D;D;D;M
L 01/01/2007;N;D;M;D;O;T
M 02/01/2007;N;D;M;D;O;T
X 03/01/2007;D;D;T;M;O;N
J 04/01/2007;D;D;T;M;O;N
V 05/01/2007;D;M;N;T;O;D
S 06/01/2007;D;M;N;T;D;D
D 07/01/2007;M;T;D;N;D;D
L 08/01/2007;M;T;D;N;O;D
M 09/01/2007;T;N;D;D;O;M
X 10/01/2007;T;N;D;D;O;M
J 11/01/2007;N;D;M;D;O;T
V 12/01/2007;N;D;M;D;O;T
S 13/01/2007;D;D;T;M;D;N
D 14/01/2007;D;D;T;M;D;N
L 15/01/2007;D;O;N;T;M;D
M 16/01/2007;D;O;N;T;M;D
X 17/01/2007;M;O;D;N;T;D
J 18/01/2007;M;O;D;N;T;D
V 19/01/2007;T;O;D;D;N;M
S 20/01/2007;T;D;D;D;N;M
D 21/01/2007;N;D;M;D;D;T
L 22/01/2007;N;O;M;D;D;T
M 23/01/2007;D;O;T;M;D;N
X 24/01/2007;D;O;T;M;D;N
J 25/01/2007;D;O;N;T;M;D
V 26/01/2007;D;O;N;T;M;D
S 27/01/2007;M;D;D;N;T;D
D 28/01/2007;M;D;D;N;T;D
L 29/01/2007;T;M;D;D;N;O
M 30/01/2007;T;M;D;D;N;O
X 31/01/2007;N;T;M;D;D;O
J 01/02/2007;N;T;M;D;D;O
V 02/02/2007;D;N;T;M;D;O
S 03/02/2007;D;N;T;M;D;D
D 04/02/2007;D;D;N;T;M;D
L 05/02/2007;D;D;N;T;M;O
M 06/02/2007;M;D;D;N;T;O
X 07/02/2007;M;D;D;N;T;O
J 08/02/2007;T;M;D;D;N;O
V 09/02/2007;T;M;D;D;N;O
S 10/02/2007;N;T;M;D;D;D
D 11/02/2007;N;T;M;D;D;D
L 12/02/2007;D;N;T;O;D;M
M 13/02/2007;D;N;T;O;D;M
X 14/02/2007;D;D;N;O;M;T
J 15/02/2007;D;D;N;O;M;T
V 16/02/2007;M;D;D;O;T;N
S 17/02/2007;M;D;D;D;T;N
D 18/02/2007;T;M;D;D;N;D
L 19/02/2007;T;M;D;O;N;D
M 20/02/2007;N;T;M;O;D;D
X 21/02/2007;N;T;M;O;D;D
J 22/02/2007;D;N;T;O;D;M
V 23/02/2007;D;N;T;O;D;M
S 24/02/2007;D;D;N;D;M;T
D 25/02/2007;D;D;N;D;M;T
L 26/02/2007;O;D;D;M;T;N
M 27/02/2007;O;D;D;M;T;N
X 28/02/2007;O;M;D;T;N;D
J 01/03/2007;O;M;D;T;N;D
V 02/03/2007;O;T;M;N;D;D
S 03/03/2007;D;T;M;N;D;D
D 04/03/2007;D;N;T;D;D;M
L 05/03/2007;O;N;T;D;D;M
M 06/03/2007;O;D;N;D;M;T
X 07/03/2007;O;D;N;D;M;T
J 08/03/2007;O;D;D;M;T;N
V 09/03/2007;O;D;D;M;T;N
S 10/03/2007;D;M;D;T;N;D
D 11/03/2007;D;M;D;T;N;D
L 12/03/2007;M;T;O;N;D;D
M 13/03/2007;M;T;O;N;D;D
X 14/03/2007;T;N;O;D;D;M
J 15/03/2007;T;N;O;D;D;M
V 16/03/2007;N;D;O;D;M;T
S 17/03/2007;N;D;D;D;M;T
D 18/03/2007;D;D;D;M;T;N
L 19/03/2007;D;D;O;M;T;N
M 20/03/2007;D;M;O;T;N;D
X 21/03/2007;D;M;O;T;N;D
J 22/03/2007;M;T;O;N;D;D
V 23/03/2007;M;T;O;N;D;D
S 24/03/2007;T;N;D;D;D;M
D 25/03/2007;T;N;D;D;D;M
L 26/03/2007;N;D;M;D;O;T
M 27/03/2007;N;D;M;D;O;T
X 28/03/2007;D;D;T;M;O;N
J 29/03/2007;D;D;T;M;O;N
V 30/03/2007;D;M;N;T;O;D
S 31/03/2007;D;M;N;T;D;D
D 01/04/2007;M;T;D;N;D;D
L 02/04/2007;M;T;D;N;O;D
M 03/04/2007;T;N;D;D;O;M
X 04/04/2007;T;N;D;D;O;M
J 05/04/2007;N;D;M;D;O;T
V 06/04/2007;N;D;M;D;O;T
S 07/04/2007;D;D;T;M;D;N
D 08/04/2007;D;D;T;M;D;N
L 09/04/2007;D;O;N;T;M;D
M 10/04/2007;D;O;N;T;M;D
X 11/04/2007;M;O;D;N;T;D
J 12/04/2007;M;O;D;N;T;D
V 13/04/2007;T;O;D;D;N;M
S 14/04/2007;T;D;D;D;N;M
D 15/04/2007;N;D;M;D;D;T
L 16/04/2007;N;O;M;D;D;T
M 17/04/2007;D;O;T;M;D;N
X 18/04/2007;D;O;T;M;D;N
J 19/04/2007;D;O;N;T;M;D
V 20/04/2007;D;O;N;T;M;D
S 21/04/2007;M;D;D;N;T;D
D 22/04/2007;M;D;D;N;T;D
L 23/04/2007;T;M;D;D;N;O
M 24/04/2007;T;M;D;D;N;O
X 25/04/2007;N;T;M;D;D;O
J 26/04/2007;N;T;M;D;D;O
V 27/04/2007;D;N;T;M;D;O
S 28/04/2007;D;N;T;M;D;D
D 29/04/2007;D;D;N;T;M;D
L 30/04/2007;D;D;N;T;M;O
M 01/05/2007;M;D;D;N;T;O
X 02/05/2007;M;D;D;N;T;O
J 03/05/2007;T;M;D;D;N;O
V 04/05/2007;T;M;D;D;N;O
S 05/05/2007;N;T;M;D;D;D
D 06/05/2007;N;T;M;D;D;D
L 07/05/2007;D;N;T;O;D;M
M 08/05/2007;D;N;T;O;O;M
X 09/05/2007;D;D;N;O;M;T
J 10/05/2007;O;D;N;O;M;T
V 11/05/2007;M;D;D;O;T;N
S 12/05/2007;M;D;D;D;T;N
D 13/05/2007;T;M;D;D;N;D
L 14/05/2007;T;M;O;O;N;D
M 15/05/2007;N;T;M;O;D;D
X 16/05/2007;N;T;M;O;D;O
J 17/05/2007;D;N;T;O;D;M
V 18/05/2007;D;N;T;O;D;M
S 19/05/2007;D;D;N;D;M;T
D 20/05/2007;D;D;N;D;M;T
L 21/05/2007;M;D;D;O;T;N
M 22/05/2007;M;O;D;O;T;N
X 23/05/2007;T;M;D;O;N;D
J 24/05/2007;T;M;D;O;N;D
V 25/05/2007;N;T;M;O;D;D
S 26/05/2007;N;T;M;D;D;D
D 27/05/2007;D;N;T;D;D;M
L 28/05/2007;D;N;T;O;O;M
M 29/05/2007;D;D;N;O;M;T
X 30/05/2007;O;D;N;O;M;T
J 31/05/2007;M;D;D;O;T;N
V 01/06/2007;M;D;D;O;T;N
S 02/06/2007;T;M;D;D;N;D
D 03/06/2007;T;M;D;D;N;D
L 04/06/2007;N;T;O;M;D;D
M 05/06/2007;N;T;O;M;D;O
X 06/06/2007;D;N;O;T;D;M
J 07/06/2007;D;N;O;T;D;M
V 08/06/2007;D;D;O;N;M;T
S 09/06/2007;D;D;D;N;M;T
D 10/06/2007;M;D;D;D;T;N
L 11/06/2007;M;O;O;D;T;N
M 12/06/2007;T;M;O;D;N;D
X 13/06/2007;T;M;O;O;N;D
J 14/06/2007;N;T;O;M;D;D
V 15/06/2007;N;T;O;M;D;D
S 16/06/2007;D;N;D;T;D;M
D 17/06/2007;D;N;D;T;D;M
L 18/06/2007;D;D;O;N;M;T
M 19/06/2007;O;D;O;N;M;T
X 20/06/2007;M;D;O;D;T;N
J 21/06/2007;M;O;O;D;T;N
V 22/06/2007;T;M;O;D;N;D
S 23/06/2007;T;M;D;D;N;D
D 24/06/2007;N;T;D;M;D;D
L 25/06/2007;N;T;O;M;D;O
M 26/06/2007;D;N;O;T;D;M
X 27/06/2007;D;N;O;T;D;M
J 28/06/2007;D;D;O;N;M;T
V 29/06/2007;D;D;O;N;M;T
S 30/06/2007;M;D;D;D;T;N
D 01/07/2007;M;D;D;D;T;N
L 02/07/2007;T;O;M;D;N;D
M 03/07/2007;T;O;M;O;N;D
X 04/07/2007;N;O;T;M;D;D
J 05/07/2007;N;O;T;M;D;O
V 06/07/2007;D;O;N;T;D;M
S 07/07/2007;D;D;N;T;D;M
D 08/07/2007;D;D;D;N;M;T
L 09/07/2007;O;O;D;N;M;T
M 10/07/2007;M;O;D;D;T;N
X 11/07/2007;M;O;O;D;T;N
J 12/07/2007;T;O;M;D;N;D
V 13/07/2007;T;O;M;D;N;D
S 14/07/2007;N;D;T;M;D;D
D 15/07/2007;N;D;T;M;D;D
L 16/07/2007;D;O;N;T;D;M
M 17/07/2007;D;O;N;T;O;M
X 18/07/2007;D;O;D;N;M;T
J 19/07/2007;D;O;D;N;M;T
V 20/07/2007;M;O;D;D;T;N
S 21/07/2007;M;D;D;D;T;N
D 22/07/2007;T;D;M;D;N;D
L 23/07/2007;T;O;M;O;N;D
M 24/07/2007;N;O;T;M;D;D
X 25/07/2007;N;O;T;M;D;O
J 26/07/2007;D;O;N;T;D;M
V 27/07/2007;D;O;N;T;D;M
S 28/07/2007;D;D;D;N;M;T
D 29/07/2007;D;D;D;N;M;T
L 30/07/2007;O;M;D;D;T;N
M 31/07/2007;O;M;O;D;T;N
X 01/08/2007;O;T;M;D;N;D
J 02/08/2007;O;T;M;D;N;D
V 03/08/2007;O;N;T;M;D;D
S 04/08/2007;D;N;T;M;D;D
D 05/08/2007;D;D;N;T;D;M
L 06/08/2007;O;D;N;T;D;M
M 07/08/2007;O;D;D;N;M;T
X 08/08/2007;O;O;D;N;M;T
J 09/08/2007;O;M;D;D;T;N
V 10/08/2007;O;M;D;D;T;N
S 11/08/2007;D;T;M;D;N;D
D 12/08/2007;D;T;M;D;N;D
L 13/08/2007;O;N;T;M;D;D
M 14/08/2007;O;N;T;M;D;O
X 15/08/2007;O;D;N;T;D;M
J 16/08/2007;O;D;N;T;D;M
V 17/08/2007;O;D;D;N;M;T
S 18/08/2007;D;D;D;N;M;T
D 19/08/2007;D;M;D;D;T;N
L 20/08/2007;O;M;O;D;T;N
M 21/08/2007;O;T;M;D;N;D
X 22/08/2007;O;T;M;O;N;D
J 23/08/2007;O;N;T;M;D;D
V 24/08/2007;O;N;T;M;D;D
S 25/08/2007;D;D;N;T;D;M
D 26/08/2007;D;D;N;T;D;M
L 27/08/2007;M;D;D;N;O;T
M 28/08/2007;M;O;D;N;O;T
X 29/08/2007;T;M;D;D;O;N
J 30/08/2007;T;M;D;D;O;N
V 31/08/2007;N;T;M;D;O;D
S 01/09/2007;N;T;M;D;D;D
D 02/09/2007;D;N;T;M;D;D
L 03/09/2007;D;N;T;M;O;O
M 04/09/2007;D;D;N;T;O;M
X 05/09/2007;O;D;N;T;O;M
J 06/09/2007;M;D;D;N;O;T
V 07/09/2007;M;D;D;N;O;T
S 08/09/2007;T;M;D;D;D;N
D 09/09/2007;T;M;D;D;D;N
L 10/09/2007;N;T;M;D;O;D
M 11/09/2007;N;T;M;O;O;D
X 12/09/2007;D;N;T;M;O;D
J 13/09/2007;D;N;T;M;O;D
V 14/09/2007;D;D;N;T;O;M
S 15/09/2007;D;D;N;T;D;M
D 16/09/2007;M;D;D;N;D;T
L 17/09/2007;M;O;D;N;O;T
M 18/09/2007;T;M;D;D;O;N
X 19/09/2007;T;M;O;D;O;N
J 20/09/2007;N;T;M;D;O;D
V 21/09/2007;N;T;M;D;O;D
S 22/09/2007;D;N;T;M;D;D
D 23/09/2007;D;N;T;M;D;D
L 24/09/2007;D;D;N;T;M;O
M 25/09/2007;O;D;N;T;M;O
X 26/09/2007;M;D;D;N;T;O
J 27/09/2007;M;D;D;N;T;O
V 28/09/2007;T;M;D;D;N;O
S 29/09/2007;T;M;D;D;N;D
D 30/09/2007;N;T;M;D;D;D
L 01/10/2007;N;T;M;D;D;O
M 02/10/2007;D;N;T;M;D;O
X 03/10/2007;D;N;T;M;D;O
J 04/10/2007;D;D;N;T;M;O
V 05/10/2007;D;D;N;T;M;O
S 06/10/2007;M;D;D;N;T;D
D 07/10/2007;M;D;D;N;T;D
L 08/10/2007;T;M;D;D;N;O
M 09/10/2007;T;M;O;D;N;O
X 10/10/2007;N;T;M;D;D;O
J 11/10/2007;N;T;M;O;D;O
V 12/10/2007;D;N;T;M;D;O
S 13/10/2007;D;N;T;M;D;D
D 14/10/2007;D;D;N;T;M;D
L 15/10/2007;O;D;N;T;M;O
M 16/10/2007;M;D;D;N;T;O
X 17/10/2007;M;O;D;N;T;O
J 18/10/2007;T;M;D;D;N;O
V 19/10/2007;T;M;D;D;N;O
S 20/10/2007;N;T;M;D;D;D
D 21/10/2007;N;T;M;D;D;D
L 22/10/2007;D;N;T;O;D;M
M 23/10/2007;D;N;T;O;D;M
X 24/10/2007;D;D;N;O;M;T
J 25/10/2007;D;D;N;O;M;T
V 26/10/2007;M;D;D;O;T;N
S 27/10/2007;M;D;D;D;T;N
D 28/10/2007;T;M;D;D;N;D
L 29/10/2007;T;M;D;O;N;D
M 30/10/2007;N;T;M;O;D;D
X 31/10/2007;N;T;M;O;D;D
J 01/11/2007;D;N;T;O;D;M
V 02/11/2007;D;N;T;O;D;M
S 03/11/2007;D;D;N;D;M;T
D 04/11/2007;D;D;N;D;M;T
L 05/11/2007;O;D;D;M;T;N
M 06/11/2007;O;D;D;M;T;N
X 07/11/2007;O;M;D;T;N;D
J 08/11/2007;O;M;D;T;N;D
V 09/11/2007;O;T;M;N;D;D
S 10/11/2007;D;T;M;N;D;D
D 11/11/2007;D;N;T;D;D;M
L 12/11/2007;O;N;T;D;D;M
M 13/11/2007;O;D;N;D;M;T
X 14/11/2007;O;D;N;D;M;T
J 15/11/2007;O;D;D;M;T;N
V 16/11/2007;O;D;D;M;T;N
S 17/11/2007;D;M;D;T;N;D
D 18/11/2007;D;M;D;T;N;D
L 19/11/2007;M;T;O;N;D;D
M 20/11/2007;M;T;O;N;D;D
X 21/11/2007;T;N;O;D;D;M
J 22/11/2007;T;N;O;D;D;M
V 23/11/2007;N;D;O;D;M;T
S 24/11/2007;N;D;D;D;M;T
D 25/11/2007;D;D;D;M;T;N
L 26/11/2007;D;D;O;M;T;N
M 27/11/2007;D;M;O;T;N;D
X 28/11/2007;D;M;O;T;N;D
J 29/11/2007;M;T;O;N;D;D
V 30/11/2007;M;T;O;N;D;D
S 01/12/2007;T;N;D;D;D;M
D 02/12/2007;T;N;D;D;D;M
L 03/12/2007;N;D;M;D;O;T
M 04/12/2007;N;D;M;D;O;T
X 05/12/2007;D;D;T;M;O;N
J 06/12/2007;D;D;T;M;O;N
V 07/12/2007;D;M;N;T;O;D
S 08/12/2007;D;M;N;T;D;D
D 09/12/2007;M;T;D;N;D;D
L 10/12/2007;M;T;D;N;O;D
M 11/12/2007;T;N;D;D;O;M
X 12/12/2007;T;N;D;D;O;M
J 13/12/2007;N;D;M;D;O;T
V 14/12/2007;N;D;M;D;O;T
S 15/12/2007;D;D;T;M;D;N
D 16/12/2007;D;D;T;M;D;N
L 17/12/2007;D;O;N;T;M;D
M 18/12/2007;D;O;N;T;M;D
X 19/12/2007;M;O;D;N;T;D
J 20/12/2007;M;O;D;N;T;D
V 21/12/2007;T;O;D;D;N;M
S 22/12/2007;T;D;D;D;N;M
D 23/12/2007;N;D;M;D;D;T
L 24/12/2007;N;O;M;D;D;T
M 25/12/2007;D;O;T;M;D;N
X 26/12/2007;D;O;T;M;D;N
J 27/12/2007;D;O;N;T;M;D
V 28/12/2007;D;O;N;T;M;D
S 29/12/2007;M;D;D;N;T;D
D 30/12/2007;M;D;D;N;T;D
L 31/12/2007;T;M;D;D;N;O
M 01/01/2008;T;M;D;D;N;O
X 02/01/2008;N;T;M;D;D;O
J 03/01/2008;N;T;M;D;D;O
V 04/01/2008;D;N;T;M;D;O
S 05/01/2008;D;N;T;M;D;D
D 06/01/2008;D;D;N;T;M;D
L 07/01/2008;D;D;N;T;M;O
M 08/01/2008;M;D;D;N;T;O
X 09/01/2008;M;D;D;N;T;O
J 10/01/2008;T;M;D;D;N;O
V 11/01/2008;T;M;D;D;N;O
S 12/01/2008;N;T;M;D;D;D
D 13/01/2008;N;T;M;D;D;D
L 14/01/2008;D;N;T;O;D;M
M 15/01/2008;D;N;T;O;D;M
X 16/01/2008;D;D;N;O;M;T
J 17/01/2008;D;D;N;O;M;T
V 18/01/2008;M;D;D;O;T;N
S 19/01/2008;M;D;D;D;T;N
D 20/01/2008;T;M;D;D;N;D
L 21/01/2008;T;M;D;O;N;D
M 22/01/2008;N;T;M;O;D;D
X 23/01/2008;N;T;M;O;D;D
J 24/01/2008;D;N;T;O;D;M
V 25/01/2008;D;N;T;O;D;M
S 26/01/2008;D;D;N;D;M;T
D 27/01/2008;D;D;N;D;M;T
L 28/01/2008;O;D;D;M;T;N
M 29/01/2008;O;D;D;M;T;N
X 30/01/2008;O;M;D;T;N;D
J 31/01/2008;O;M;D;T;N;D
V 01/02/2008;O;T;M;N;D;D
S 02/02/2008;D;T;M;N;D;D
D 03/02/2008;D;N;T;D;D;M
L 04/02/2008;O;N;T;D;D;M
M 05/02/2008;O;D;N;D;M;T
X 06/02/2008;O;D;N;D;M;T
J 07/02/2008;O;D;D;M;T;N
V 08/02/2008;O;D;D;M;T;N
S 09/02/2008;D;M;D;T;N;D
D 10/02/2008;D;M;D;T;N;D
L 11/02/2008;M;T;O;N;D;D
M 12/02/2008;M;T;O;N;D;D
X 13/02/2008;T;N;O;D;D;M
J 14/02/2008;T;N;O;D;D;M
V 15/02/2008;N;D;O;D;M;T
S 16/02/2008;N;D;D;D;M;T
D 17/02/2008;D;D;D;M;T;N
L 18/02/2008;D;D;O;M;T;N
M 19/02/2008;D;M;O;T;N;D
X 20/02/2008;D;M;O;T;N;D
J 21/02/2008;M;T;O;N;D;D
V 22/02/2008;M;T;O;N;D;D
S 23/02/2008;T;N;D;D;D;M
D 24/02/2008;T;N;D;D;D;M
L 25/02/2008;N;D;M;D;O;T
M 26/02/2008;N;D;M;D;O;T
X 27/02/2008;D;D;T;M;O;N
J 28/02/2008;D;D;T;M;O;N
V 29/02/2008;D;M;N;T;O;D
S 01/03/2008;D;M;N;T;D;D
D 02/03/2008;M;T;D;N;D;D
L 03/03/2008;M;T;D;N;O;D
M 04/03/2008;T;N;D;D;O;M
X 05/03/2008;T;N;D;D;O;M
J 06/03/2008;N;D;M;D;O;T
V 07/03/2008;N;D;M;D;O;T
S 08/03/2008;D;D;T;M;D;N
D 09/03/2008;D;D;T;M;D;N
L 10/03/2008;D;O;N;T;M;D
M 11/03/2008;D;O;N;T;M;D
X 12/03/2008;M;O;D;N;T;D
J 13/03/2008;M;O;D;N;T;D
V 14/03/2008;T;O;D;D;N;M
S 15/03/2008;T;D;D;D;N;M
D 16/03/2008;N;D;M;D;D;T
L 17/03/2008;N;O;M;D;D;T
M 18/03/2008;D;O;T;M;D;N
X 19/03/2008;D;O;T;M;D;N
J 20/03/2008;D;O;N;T;M;D
V 21/03/2008;D;O;N;T;M;D
S 22/03/2008;M;D;D;N;T;D
D 23/03/2008;M;D;D;N;T;D
L 24/03/2008;T;M;D;D;N;O
M 25/03/2008;T;M;D;D;N;O
X 26/03/2008;N;T;M;D;D;O
J 27/03/2008;N;T;M;D;D;O
V 28/03/2008;D;N;T;M;D;O
S 29/03/2008;D;N;T;M;D;D
D 30/03/2008;D;D;N;T;M;D
L 31/03/2008;D;D;N;T;M;O
M 01/04/2008;M;D;D;N;T;O
X 02/04/2008;M;D;D;N;T;O
J 03/04/2008;T;M;D;D;N;O
V 04/04/2008;T;M;D;D;N;O
S 05/04/2008;N;T;M;D;D;D
D 06/04/2008;N;T;M;D;D;D
L 07/04/2008;D;N;T;O;D;M
M 08/04/2008;D;N;T;O;D;M
X 09/04/2008;D;D;N;O;M;T
J 10/04/2008;D;D;N;O;M;T
V 11/04/2008;M;D;D;O;T;N
S 12/04/2008;M;D;D;D;T;N
D 13/04/2008;T;M;D;D;N;D
L 14/04/2008;T;M;D;O;N;D
M 15/04/2008;N;T;M;O;D;D
X 16/04/2008;N;T;M;O;D;D
J 17/04/2008;D;N;T;O;D;M
V 18/04/2008;D;N;T;O;D;M
S 19/04/2008;D;D;N;D;M;T
D 20/04/2008;D;D;N;D;M;T
L 21/04/2008;O;D;D;M;T;N
M 22/04/2008;O;D;D;M;T;N
X 23/04/2008;O;M;D;T;N;D
J 24/04/2008;O;M;D;T;N;D
V 25/04/2008;O;T;M;N;D;D
S 26/04/2008;D;T;M;N;D;D
D 27/04/2008;D;N;T;D;D;M
L 28/04/2008;O;N;T;D;D;M
M 29/04/2008;O;D;N;D;M;T
X 30/04/2008;O;D;N;D;M;T
J 01/05/2008;O;D;D;M;T;N
V 02/05/2008;O;D;D;M;T;N
S 03/05/2008;D;M;D;T;N;D
D 04/05/2008;D;M;D;T;N;D
L 05/05/2008;M;T;O;N;D;D
M 06/05/2008;M;T;O;N;D;D
X 07/05/2008;T;N;O;D;D;M
J 08/05/2008;T;N;O;D;D;M
V 09/05/2008;N;D;O;D;M;T
S 10/05/2008;N;D;D;D;M;T
D 11/05/2008;D;D;D;M;T;N
L 12/05/2008;D;D;O;M;T;N
M 13/05/2008;D;M;O;T;N;D
X 14/05/2008;D;M;O;T;N;D
J 15/05/2008;M;T;O;N;D;D
V 16/05/2008;M;T;O;N;D;D
S 17/05/2008;T;N;D;D;D;M
D 18/05/2008;T;N;D;D;D;M
L 19/05/2008;N;D;M;D;O;T
M 20/05/2008;N;D;M;D;O;T
X 21/05/2008;D;D;T;M;O;N
J 22/05/2008;D;D;T;M;O;N
V 23/05/2008;D;M;N;T;O;D
S 24/05/2008;D;M;N;T;D;D
D 25/05/2008;M;T;D;N;D;D
L 26/05/2008;M;T;D;N;O;D
M 27/05/2008;T;N;D;D;O;M
X 28/05/2008;T;N;D;D;O;M
J 29/05/2008;N;D;M;D;O;T
V 30/05/2008;N;D;M;D;O;T
S 31/05/2008;D;D;T;M;D;N
D 01/06/2008;D;D;T;M;D;N
L 02/06/2008;D;M;N;T;O;D
M 03/06/2008;D;M;N;T;O;D
X 04/06/2008;M;T;D;N;O;D
J 05/06/2008;M;T;D;N;O;D
V 06/06/2008;T;N;D;D;O;M
S 07/06/2008;T;N;D;D;D;M
D 08/06/2008;N;D;M;D;D;T
L 09/06/2008;N;D;M;D;O;T
M 10/06/2008;D;D;T;M;O;N
X 11/06/2008;D;D;T;M;O;N
J 12/06/2008;D;M;N;T;O;D
V 13/06/2008;D;M;N;T;O;D
S 14/06/2008;M;T;D;N;D;D
D 15/06/2008;M;T;D;N;D;D
L 16/06/2008;T;N;D;D;M;O
M 17/06/2008;T;N;D;D;M;O
X 18/06/2008;N;D;M;D;T;O
J 19/06/2008;N;D;M;D;T;O
V 20/06/2008;D;D;T;M;N;O
S 21/06/2008;D;D;T;M;N;D
D 22/06/2008;D;M;N;T;D;D
L 23/06/2008;D;M;N;T;D;O
M 24/06/2008;M;T;D;N;D;O
X 25/06/2008;M;T;D;N;D;O
J 26/06/2008;T;N;D;D;M;O
V 27/06/2008;T;N;D;D;M;O
S 28/06/2008;N;D;M;D;T;D
D 29/06/2008;N;D;M;D;T;D
L 30/06/2008;D;D;T;M;N;O
M 01/07/2008;D;D;T;M;N;O
X 02/07/2008;D;M;N;T;D;O
J 03/07/2008;D;M;N;T;D;O
V 04/07/2008;M;T;D;N;D;O
S 05/07/2008;M;T;D;N;D;D
D 06/07/2008;T;N;D;D;M;D
L 07/07/2008;T;N;D;D;M;O
M 08/07/2008;N;D;M;D;T;O
X 09/07/2008;N;D;M;D;T;O
J 10/07/2008;D;D;T;M;N;O
V 11/07/2008;D;D;T;M;N;O
S 12/07/2008;D;M;N;T;D;D
D 13/07/2008;D;M;N;T;D;D
L 14/07/2008;O;T;D;N;D;M
M 15/07/2008;O;T;D;N;D;M
X 16/07/2008;O;N;D;D;M;T
J 17/07/2008;O;N;D;D;M;T
V 18/07/2008;O;D;M;D;T;N
S 19/07/2008;D;D;M;D;T;N
D 20/07/2008;D;D;T;M;N;D
L 21/07/2008;O;D;T;M;N;D
M 22/07/2008;O;M;N;T;D;D
X 23/07/2008;O;M;N;T;D;D
J 24/07/2008;O;T;D;N;D;M
V 25/07/2008;O;T;D;N;D;M
S 26/07/2008;D;N;D;D;M;T
D 27/07/2008;D;N;D;D;M;T
L 28/07/2008;O;D;M;D;T;N
M 29/07/2008;O;D;M;D;T;N
X 30/07/2008;O;D;T;M;N;D
J 31/07/2008;O;D;T;M;N;D
V 01/08/2008;O;M;N;T;D;D
S 02/08/2008;D;M;N;T;D;D
D 03/08/2008;D;T;D;N;D;M
L 04/08/2008;O;T;D;N;D;M
M 05/08/2008;O;N;D;D;M;T
X 06/08/2008;O;N;D;D;M;T
J 07/08/2008;O;D;M;D;T;N
V 08/08/2008;O;D;M;D;T;N
S 09/08/2008;D;D;T;M;N;D
D 10/08/2008;D;D;T;M;N;D
L 11/08/2008;M;O;N;T;D;D
M 12/08/2008;M;O;N;T;D;D
X 13/08/2008;T;O;D;N;D;M
J 14/08/2008;T;O;D;N;D;M
V 15/08/2008;N;O;D;D;M;T
S 16/08/2008;N;D;D;D;M;T
D 17/08/2008;D;D;M;D;T;N
L 18/08/2008;D;O;M;D;T;N
M 19/08/2008;D;O;T;M;N;D
X 20/08/2008;D;O;T;M;N;D
J 21/08/2008;M;O;N;T;D;D
V 22/08/2008;M;O;N;T;D;D
S 23/08/2008;T;D;D;N;D;M
D 24/08/2008;T;D;D;N;D;M
L 25/08/2008;N;O;D;D;M;T
M 26/08/2008;N;O;D;D;M;T
X 27/08/2008;D;O;M;D;T;N
J 28/08/2008;D;O;M;D;T;N
V 29/08/2008;D;O;T;M;N;D
S 30/08/2008;D;D;T;M;N;D
D 31/08/2008;M;D;N;T;D;D
L 01/09/2008;M;O;N;T;D;D
M 02/09/2008;T;O;D;N;D;M
X 03/09/2008;T;O;D;N;D;M
J 04/09/2008;N;O;D;D;M;T
V 05/09/2008;N;O;D;D;M;T
S 06/09/2008;D;D;M;D;T;N
D 07/09/2008;D;D;M;D;T;N
L 08/09/2008;D;M;T;O;N;D
M 09/09/2008;D;M;T;O;N;D
X 10/09/2008;M;T;N;O;D;D
J 11/09/2008;M;T;N;O;D;D
V 12/09/2008;T;N;D;O;D;M
S 13/09/2008;T;N;D;D;D;M
D 14/09/2008;N;D;D;D;M;T
L 15/09/2008;N;D;D;O;M;T
M 16/09/2008;D;D;M;O;T;N
X 17/09/2008;D;D;M;O;T;N
J 18/09/2008;D;M;T;O;N;D
V 19/09/2008;D;M;T;O;N;D
S 20/09/2008;M;T;N;D;D;D
D 21/09/2008;M;T;N;D;D;D
L 22/09/2008;T;N;D;O;D;M
M 23/09/2008;T;N;D;O;D;M
X 24/09/2008;N;D;D;O;M;T
J 25/09/2008;N;D;D;O;M;T
V 26/09/2008;D;D;M;O;T;N
S 27/09/2008;D;D;M;D;T;N
D 28/09/2008;D;M;T;D;N;D
L 29/09/2008;D;M;T;O;N;D
M 30/09/2008;M;T;N;O;D;D
X 01/10/2008;M;T;N;O;D;D
J 02/10/2008;T;N;D;O;D;M
V 03/10/2008;T;N;D;O;D;M
S 04/10/2008;N;D;D;D;M;T
D 05/10/2008;N;D;D;D;M;T
L 06/10/2008;D;D;O;M;T;N
M 07/10/2008;D;D;O;M;T;N
X 08/10/2008;D;M;O;T;N;D
J 09/10/2008;D;M;O;T;N;D
V 10/10/2008;M;T;O;N;D;D
S 11/10/2008;M;T;D;N;D;D
D 12/10/2008;T;N;D;D;D;M
L 13/10/2008;T;N;O;D;D;M
M 14/10/2008;N;D;O;D;M;T
X 15/10/2008;N;D;O;D;M;T
J 16/10/2008;D;D;O;M;T;N
V 17/10/2008;D;D;O;M;T;N
S 18/10/2008;D;M;D;T;N;D
D 19/10/2008;D;M;D;T;N;D
L 20/10/2008;M;T;O;N;D;D
M 21/10/2008;M;T;O;N;D;D
X 22/10/2008;T;N;O;D;D;M
J 23/10/2008;T;N;O;D;D;M
V 24/10/2008;N;D;O;D;M;T
S 25/10/2008;N;D;D;D;M;T
D 26/10/2008;D;D;D;M;T;N
L 27/10/2008;D;D;O;M;T;N
M 28/10/2008;D;M;O;T;N;D
X 29/10/2008;D;M;O;T;N;D
J 30/10/2008;M;T;O;N;D;D
V 31/10/2008;M;T;O;N;D;D
S 01/11/2008;T;N;D;D;D;M
D 02/11/2008;T;N;D;D;D;M
L 03/11/2008;N;D;M;D;O;T
M 04/11/2008;N;D;M;D;O;T
X 05/11/2008;D;D;T;M;O;N
J 06/11/2008;D;D;T;M;O;N
V 07/11/2008;D;M;N;T;O;D
S 08/11/2008;D;M;N;T;D;D
D 09/11/2008;M;T;D;N;D;D
L 10/11/2008;M;T;D;N;O;D
M 11/11/2008;T;N;D;D;O;M
X 12/11/2008;T;N;D;D;O;M
J 13/11/2008;N;D;M;D;O;T
V 14/11/2008;N;D;M;D;O;T
S 15/11/2008;D;D;T;M;D;N
D 16/11/2008;D;D;T;M;D;N
L 17/11/2008;D;O;N;T;M;D
M 18/11/2008;D;O;N;T;M;D
X 19/11/2008;M;O;D;N;T;D
J 20/11/2008;M;O;D;N;T;D
V 21/11/2008;T;O;D;D;N;M
S 22/11/2008;T;D;D;D;N;M
D 23/11/2008;N;D;M;D;D;T
L 24/11/2008;N;O;M;D;D;T
M 25/11/2008;D;O;T;M;D;N
X 26/11/2008;D;O;T;M;D;N
J 27/11/2008;D;O;N;T;M;D
V 28/11/2008;D;O;N;T;M;D
S 29/11/2008;M;D;D;N;T;D
D 30/11/2008;M;D;D;N;T;D
L 01/12/2008;T;M;D;D;N;O
M 02/12/2008;T;M;D;D;N;O
X 03/12/2008;N;T;M;D;D;O
J 04/12/2008;N;T;M;D;D;O
V 05/12/2008;D;N;T;M;D;O
S 06/12/2008;D;N;T;M;D;D
D 07/12/2008;D;D;N;T;M;D
L 08/12/2008;D;D;N;T;M;O
M 09/12/2008;M;D;D;N;T;O
X 10/12/2008;M;D;D;N;T;O
J 11/12/2008;T;M;D;D;N;O
V 12/12/2008;T;M;D;D;N;O
S 13/12/2008;N;T;M;D;D;D
D 14/12/2008;N;T;M;D;D;D
L 15/12/2008;D;N;T;O;D;M
M 16/12/2008;D;N;T;O;D;M
X 17/12/2008;D;D;N;O;M;T
J 18/12/2008;D;D;N;O;M;T
V 19/12/2008;M;D;D;O;T;N
S 20/12/2008;M;D;D;D;T;N
D 21/12/2008;T;M;D;D;N;D
L 22/12/2008;T;M;D;O;N;D
M 23/12/2008;N;T;M;O;D;D
X 24/12/2008;N;T;M;O;D;D
J 25/12/2008;D;N;T;O;D;M
V 26/12/2008;D;N;T;O;D;M
S 27/12/2008;D;D;N;D;M;T
D 28/12/2008;D;D;N;D;M;T
L 29/12/2008;O;D;D;M;T;N
M 30/12/2008;O;D;D;M;T;N
X 31/12/2008;O;M;D;T;N;D
J 01/01/2009;O;M;D;T;N;D
V 02/01/2009;O;T;M;N;D;D
S 03/01/2009;D;T;M;N;D;D
D 04/01/2009;D;N;T;D;D;M
L 05/01/2009;O;N;T;D;D;M
M 06/01/2009;O;D;N;D;M;T
X 07/01/2009;O;D;N;D;M;T
J 08/01/2009;O;D;D;M;T;N
V 09/01/2009;O;D;D;M;T;N
S 10/01/2009;D;M;D;T;N;D
D 11/01/2009;D;M;D;T;N;D
L 12/01/2009;M;T;O;N;D;D
M 13/01/2009;M;T;O;N;D;D
X 14/01/2009;T;N;O;D;D;M
J 15/01/2009;T;N;O;D;D;M
V 16/01/2009;N;D;O;D;M;T
S 17/01/2009;N;D;D;D;M;T
D 18/01/2009;D;D;D;M;T;N
L 19/01/2009;D;D;O;M;T;N
M 20/01/2009;D;M;O;T;N;D
X 21/01/2009;D;M;O;T;N;D
J 22/01/2009;M;T;O;N;D;D
V 23/01/2009;M;T;O;N;D;D
S 24/01/2009;T;N;D;D;D;M
D 25/01/2009;T;N;D;D;D;M
L 26/01/2009;N;D;M;D;O;T
M 27/01/2009;N;D;M;D;O;T
X 28/01/2009;D;D;T;M;O;N
J 29/01/2009;D;D;T;M;O;N
V 30/01/2009;D;M;N;T;O;D
S 31/01/2009;D;M;N;T;D;D
D 01/02/2009;M;T;D;N;D;D
L 02/02/2009;M;T;D;N;O;D
M 03/02/2009;T;N;D;D;O;M
X 04/02/2009;T;N;D;D;O;M
J 05/02/2009;N;D;M;D;O;T
V 06/02/2009;N;D;M;D;O;T
S 07/02/2009;D;D;T;M;D;N
D 08/02/2009;D;D;T;M;D;N
L 09/02/2009;D;O;N;T;M;D
M 10/02/2009;D;O;N;T;M;D
X 11/02/2009;M;O;D;N;T;D
J 12/02/2009;M;O;D;N;T;D
V 13/02/2009;T;O;D;D;N;M
S 14/02/2009;T;D;D;D;N;M
D 15/02/2009;N;D;M;D;D;T
L 16/02/2009;N;O;M;D;D;T
M 17/02/2009;D;O;T;M;D;N
X 18/02/2009;D;O;T;M;D;N
J 19/02/2009;D;O;N;T;M;D
V 20/02/2009;D;O;N;T;M;D
S 21/02/2009;M;D;D;N;T;D
D 22/02/2009;M;D;D;N;T;D
L 23/02/2009;T;M;D;D;N;O
M 24/02/2009;T;M;D;D;N;O
X 25/02/2009;N;T;M;D;D;O
J 26/02/2009;N;T;M;D;D;O
V 27/02/2009;D;N;T;M;D;O
S 28/02/2009;D;N;T;M;D;D
D 01/03/2009;D;D;N;T;M;D
L 02/03/2009;D;D;N;T;M;O
M 03/03/2009;M;D;D;N;T;O
X 04/03/2009;M;D;D;N;T;O
J 05/03/2009;T;M;D;D;N;O
V 06/03/2009;T;M;D;D;N;O
S 07/03/2009;N;T;M;D;D;D
D 08/03/2009;N;T;M;D;D;D
L 09/03/2009;D;N;T;O;D;M
M 10/03/2009;D;N;T;O;D;M
X 11/03/2009;D;D;N;O;M;T
J 12/03/2009;D;D;N;O;M;T
V 13/03/2009;M;D;D;O;T;N
S 14/03/2009;M;D;D;D;T;N
D 15/03/2009;T;M;D;D;N;D
L 16/03/2009;T;M;D;O;N;D
M 17/03/2009;N;T;M;O;D;D
X 18/03/2009;N;T;M;O;D;D
J 19/03/2009;D;N;T;O;D;M
V 20/03/2009;D;N;T;O;D;M
S 21/03/2009;D;D;N;D;M;T
D 22/03/2009;D;D;N;D;M;T
L 23/03/2009;O;D;D;M;T;N
M 24/03/2009;O;D;D;M;T;N
X 25/03/2009;O;M;D;T;N;D
J 26/03/2009;O;M;D;T;N;D
V 27/03/2009;O;T;M;N;D;D
S 28/03/2009;D;T;M;N;D;D
D 29/03/2009;D;N;T;D;D;M
L 30/03/2009;O;N;T;D;D;M
M 31/03/2009;O;D;N;D;M;T
X 01/04/2009;O;D;N;D;M;T
J 02/04/2009;O;D;D;M;T;N
V 03/04/2009;O;D;D;M;T;N
S 04/04/2009;D;M;D;T;N;D
D 05/04/2009;D;M;D;T;N;D
L 06/04/2009;M;T;O;N;D;D
M 07/04/2009;M;T;O;N;D;D
X 08/04/2009;T;N;O;D;D;M
J 09/04/2009;T;N;O;D;D;M
V 10/04/2009;N;D;O;D;M;T
S 11/04/2009;N;D;D;D;M;T
D 12/04/2009;D;D;D;M;T;N
L 13/04/2009;D;D;O;M;T;N
M 14/04/2009;D;M;O;T;N;D
X 15/04/2009;D;M;O;T;N;D
J 16/04/2009;M;T;O;N;D;D
V 17/04/2009;M;T;O;N;D;D
S 18/04/2009;T;N;D;D;D;M
D 19/04/2009;T;N;D;D;D;M
L 20/04/2009;N;D;M;D;O;T
M 21/04/2009;N;D;M;D;O;T
X 22/04/2009;D;D;T;M;O;N
J 23/04/2009;D;D;T;M;O;N
V 24/04/2009;D;M;N;T;O;D
S 25/04/2009;D;M;N;T;D;D
D 26/04/2009;M;T;D;N;D;D
L 27/04/2009;M;T;D;N;O;D
M 28/04/2009;T;N;D;D;O;M
X 29/04/2009;T;N;D;D;O;M
J 30/04/2009;N;D;M;D;O;T
V 01/05/2009;N;D;M;D;O;T
S 02/05/2009;D;D;T;M;D;N
D 03/05/2009;D;D;T;M;D;N
L 04/05/2009;D;O;N;T;M;D
M 05/05/2009;D;O;N;T;M;D
X 06/05/2009;M;O;D;N;T;D
J 07/05/2009;M;O;D;N;T;D
V 08/05/2009;T;O;D;D;N;M
S 09/05/2009;T;D;D;D;N;M
D 10/05/2009;N;D;M;D;D;T
L 11/05/2009;N;O;M;D;D;T
M 12/05/2009;D;O;T;M;D;N
X 13/05/2009;D;O;T;M;D;N
J 14/05/2009;D;O;N;T;M;D
V 15/05/2009;D;O;N;T;M;D
S 16/05/2009;M;D;D;N;T;D
D 17/05/2009;M;D;D;N;T;D
L 18/05/2009;T;M;D;D;N;O
M 19/05/2009;T;M;D;D;N;O
X 20/05/2009;N;T;M;D;D;O
J 21/05/2009;N;T;M;O;D;O
V 22/05/2009;D;N;T;M;D;O
S 23/05/2009;D;N;T;M;D;D
D 24/05/2009;D;D;N;T;M;D
L 25/05/2009;O;D;N;T;M;O
M 26/05/2009;M;D;D;N;T;O
X 27/05/2009;M;O;D;N;T;O
J 28/05/2009;T;M;D;D;N;O
V 29/05/2009;T;M;O;D;N;O
S 30/05/2009;N;T;M;D;D;D
D 31/05/2009;N;T;M;D;D;D
L 01/06/2009;D;N;T;M;D;O
M 02/06/2009;D;N;T;M;O;O
X 03/06/2009;D;D;N;T;M;O
J 04/06/2009;O;D;N;T;M;O
V 05/06/2009;M;D;D;N;T;O
S 06/06/2009;M;D;D;N;T;D
D 07/06/2009;T;M;D;D;N;D
L 08/06/2009;T;M;O;D;N;O
M 09/06/2009;N;T;M;D;D;O
X 10/06/2009;N;T;M;O;D;O
J 11/06/2009;D;N;T;M;D;O
V 12/06/2009;D;N;T;M;O;O
S 13/06/2009;D;D;N;T;M;D
D 14/06/2009;D;D;N;T;M;D
L 15/06/2009;O;D;D;N;T;M
M 16/06/2009;O;O;D;N;T;M
X 17/06/2009;O;M;D;D;N;T
J 18/06/2009;O;M;O;D;N;T
V 19/06/2009;O;T;M;D;D;N
S 20/06/2009;D;T;M;D;D;N
D 21/06/2009;D;N;T;M;D;D
L 22/06/2009;O;N;T;M;O;D
M 23/06/2009;O;D;N;T;M;D
X 24/06/2009;O;D;N;T;M;O
J 25/06/2009;O;D;D;N;T;M
V 26/06/2009;O;O;D;N;T;M
S 27/06/2009;D;M;D;D;N;T
D 28/06/2009;D;M;D;D;N;T
L 29/06/2009;O;T;M;D;D;N
M 30/06/2009;O;T;M;O;D;N
X 01/07/2009;O;N;T;M;D;D
J 02/07/2009;O;N;T;M;D;D
V 03/07/2009;O;D;N;T;M;D
S 04/07/2009;D;D;N;T;M;D
D 05/07/2009;D;D;D;N;T;M
L 06/07/2009;O;O;D;N;T;M
M 07/07/2009;O;M;D;D;N;T
X 08/07/2009;O;M;D;D;N;T
J 09/07/2009;O;T;M;D;D;N
V 10/07/2009;O;T;M;D;D;N
S 11/07/2009;D;N;T;M;D;D
D 12/07/2009;D;N;T;M;D;D
L 13/07/2009;M;D;N;T;O;D
M 14/07/2009;M;D;N;T;O;D
X 15/07/2009;T;D;D;N;O;M
J 16/07/2009;T;D;D;N;O;M
V 17/07/2009;N;M;D;D;O;T
S 18/07/2009;N;M;D;D;D;T
D 19/07/2009;D;T;M;D;D;N
L 20/07/2009;D;T;M;D;O;N
M 21/07/2009;D;N;T;M;O;D
X 22/07/2009;D;N;T;M;O;D
J 23/07/2009;M;D;N;T;O;D
V 24/07/2009;M;D;N;T;O;D
S 25/07/2009;T;D;D;N;D;M
D 26/07/2009;T;D;D;N;D;M
L 27/07/2009;N;M;D;D;O;T
M 28/07/2009;N;M;D;D;O;T
X 29/07/2009;D;T;M;D;O;N
J 30/07/2009;D;T;M;D;O;N
V 31/07/2009;D;N;T;M;O;D
S 01/08/2009;D;N;T;M;D;D
D 02/08/2009;M;D;N;T;D;D
L 03/08/2009;M;D;N;T;O;D
M 04/08/2009;T;D;D;N;O;M
X 05/08/2009;T;D;D;N;O;M
J 06/08/2009;N;M;D;D;O;T
V 07/08/2009;N;M;D;D;O;T
S 08/08/2009;D;T;M;D;D;N
D 09/08/2009;D;T;M;D;D;N
L 10/08/2009;D;N;T;O;M;D
M 11/08/2009;D;N;T;O;M;D
X 12/08/2009;M;D;N;O;T;D
J 13/08/2009;M;D;N;O;T;D
V 14/08/2009;T;D;D;O;N;M
S 15/08/2009;T;D;D;D;N;M
D 16/08/2009;N;M;D;D;D;T
L 17/08/2009;N;M;D;O;D;T
M 18/08/2009;D;T;M;O;D;N
X 19/08/2009;D;T;M;O;D;N
J 20/08/2009;D;N;T;O;M;D
V 21/08/2009;D;N;T;O;M;D
S 22/08/2009;M;D;N;D;T;D
D 23/08/2009;M;D;N;D;T;D
L 24/08/2009;T;D;D;O;N;M
M 25/08/2009;T;D;D;O;N;M
X 26/08/2009;N;M;D;O;D;T
J 27/08/2009;N;M;D;O;D;T
V 28/08/2009;D;T;M;O;D;N
S 29/08/2009;D;T;M;D;D;N
D 30/08/2009;D;N;T;D;M;D
L 31/08/2009;D;N;T;O;M;D
M 01/09/2009;M;D;N;O;T;D
X 02/09/2009;M;D;N;O;T;O
J 03/09/2009;T;D;D;O;N;M
V 04/09/2009;T;O;D;O;N;M
S 05/09/2009;N;M;D;D;D;T
D 06/09/2009;N;M;D;D;D;T
L 07/09/2009;D;T;O;M;D;N
M 08/09/2009;D;T;O;M;O;N
X 09/09/2009;D;N;O;T;M;D
J 10/09/2009;O;N;O;T;M;D
V 11/09/2009;M;D;O;N;T;D
S 12/09/2009;M;D;D;N;T;D
D 13/09/2009;T;D;D;D;N;M
L 14/09/2009;T;O;O;D;N;M
M 15/09/2009;N;M;O;D;D;T
X 16/09/2009;N;M;O;O;D;T
J 17/09/2009;D;T;O;M;D;N
V 18/09/2009;D;T;O;M;D;N
S 19/09/2009;D;N;D;T;M;D
D 20/09/2009;D;N;D;T;M;D
L 21/09/2009;M;D;O;N;T;D
M 22/09/2009;M;D;O;N;T;O
X 23/09/2009;T;D;O;D;N;M
J 24/09/2009;T;O;O;D;N;M
V 25/09/2009;N;M;O;D;D;T
S 26/09/2009;N;M;D;D;D;T
D 27/09/2009;D;T;D;M;D;N
L 28/09/2009;D;T;O;M;O;N
M 29/09/2009;D;N;O;T;M;D
X 30/09/2009;O;N;O;T;M;D
J 01/10/2009;M;D;O;N;T;D
V 02/10/2009;M;D;O;N;T;O
S 03/10/2009;T;D;D;D;N;M
D 04/10/2009;T;D;D;D;N;M
L 05/10/2009;N;O;M;D;D;T
M 06/10/2009;N;O;M;O;D;T
X 07/10/2009;D;O;T;M;D;N
J 08/10/2009;D;O;T;M;O;N
V 09/10/2009;D;O;N;T;M;D
S 10/10/2009;D;D;N;T;M;D
D 11/10/2009;M;D;D;N;T;D
L 12/10/2009;M;O;D;N;T;O
M 13/10/2009;T;O;D;D;N;M
X 14/10/2009;T;O;O;D;N;M
J 15/10/2009;N;O;M;D;D;T
V 16/10/2009;N;O;M;O;D;T
S 17/10/2009;D;D;T;M;D;N
D 18/10/2009;D;D;T;M;D;N
L 19/10/2009;D;O;N;T;M;D
M 20/10/2009;O;O;N;T;M;D
X 21/10/2009;M;O;D;N;T;D
J 22/10/2009;M;O;D;N;T;O
V 23/10/2009;T;O;D;D;N;M
S 24/10/2009;T;D;D;D;N;M
D 25/10/2009;N;D;M;D;D;T
L 26/10/2009;N;O;M;O;D;T
M 27/10/2009;D;O;T;M;D;N
X 28/10/2009;D;O;T;M;O;N
J 29/10/2009;D;O;N;T;M;D
V 30/10/2009;D;O;N;T;M;D
S 31/10/2009;M;D;D;N;T;D
D 01/11/2009;M;D;D;N;T;D
L 02/11/2009;T;M;D;D;N;O
M 03/11/2009;T;M;D;D;N;O
X 04/11/2009;N;T;M;D;D;O
J 05/11/2009;N;T;M;D;D;O
V 06/11/2009;D;N;T;M;D;O
S 07/11/2009;D;N;T;M;D;D
D 08/11/2009;D;D;N;T;M;D
L 09/11/2009;D;D;N;T;M;O
M 10/11/2009;M;D;D;N;T;O
X 11/11/2009;M;D;D;N;T;O
J 12/11/2009;T;M;D;D;N;O
V 13/11/2009;T;M;D;D;N;O
S 14/11/2009;N;T;M;D;D;D
D 15/11/2009;N;T;M;D;D;D
L 16/11/2009;D;N;T;O;D;M
M 17/11/2009;D;N;T;O;D;M
X 18/11/2009;D;D;N;O;M;T
J 19/11/2009;D;D;N;O;M;T
V 20/11/2009;M;D;D;O;T;N
S 21/11/2009;M;D;D;D;T;N
D 22/11/2009;T;M;D;D;N;D
L 23/11/2009;T;M;D;O;N;D
M 24/11/2009;N;T;M;O;D;D
X 25/11/2009;N;T;M;O;D;D
J 26/11/2009;D;N;T;O;D;M
V 27/11/2009;D;N;T;O;D;M
S 28/11/2009;D;D;N;D;M;T
D 29/11/2009;D;D;N;D;M;T
L 30/11/2009;O;D;D;M;T;N
M 01/12/2009;O;D;D;M;T;N
X 02/12/2009;O;M;D;T;N;D
J 03/12/2009;O;M;D;T;N;D
V 04/12/2009;O;T;M;N;D;D
S 05/12/2009;D;T;M;N;D;D
D 06/12/2009;D;N;T;D;D;M
L 07/12/2009;O;N;T;D;D;M
M 08/12/2009;O;D;N;D;M;T
X 09/12/2009;O;D;N;D;M;T
J 10/12/2009;O;D;D;M;T;N
V 11/12/2009;O;D;D;M;T;N
S 12/12/2009;D;M;D;T;N;D
D 13/12/2009;D;M;D;T;N;D
L 14/12/2009;M;T;O;N;D;D
M 15/12/2009;M;T;O;N;D;D
X 16/12/2009;T;N;O;D;D;M
J 17/12/2009;T;N;O;D;D;M
V 18/12/2009;N;D;O;D;M;T
S 19/12/2009;N;D;D;D;M;T
D 20/12/2009;D;D;D;M;T;N
L 21/12/2009;D;D;O;M;T;N
M 22/12/2009;D;M;O;T;N;D
X 23/12/2009;D;M;O;T;N;D
J 24/12/2009;M;T;O;N;D;D
V 25/12/2009;M;T;O;N;D;D
S 26/12/2009;T;N;D;D;D;M
D 27/12/2009;T;N;D;D;D;M
L 28/12/2009;N;D;M;D;O;T
M 29/12/2009;N;D;M;D;O;T
X 30/12/2009;D;D;T;M;O;N
J 31/12/2009;D;D;T;M;O;N
V 01/01/2010;D;M;N;T;O;D
S 02/01/2010;D;M;N;T;D;D
D 03/01/2010;M;T;D;N;D;D
L 04/01/2010;M;T;D;N;O;D
M 05/01/2010;T;N;D;D;O;M
X 06/01/2010;T;N;D;D;O;M
J 07/01/2010;N;D;M;D;O;T
V 08/01/2010;N;D;M;D;O;T
S 09/01/2010;D;D;T;M;D;N
D 10/01/2010;D;D;T;M;D;N
L 11/01/2010;D;O;N;T;M;D
M 12/01/2010;D;O;N;T;M;D
X 13/01/2010;M;O;D;N;T;D
J 14/01/2010;M;O;D;N;T;D
V 15/01/2010;T;O;D;D;N;M
S 16/01/2010;T;D;D;D;N;M
D 17/01/2010;N;D;M;D;D;T
L 18/01/2010;N;O;M;D;D;T
M 19/01/2010;D;O;T;M;D;N
X 20/01/2010;D;O;T;M;D;N
J 21/01/2010;D;O;N;T;M;D
V 22/01/2010;D;O;N;T;M;D
S 23/01/2010;M;D;D;N;T;D
D 24/01/2010;M;D;D;N;T;D
L 25/01/2010;T;M;D;D;N;O
M 26/01/2010;T;M;D;D;N;O
X 27/01/2010;N;T;M;D;D;O
J 28/01/2010;N;T;M;D;D;O
V 29/01/2010;D;N;T;M;D;O
S 30/01/2010;D;N;T;M;D;D
D 31/01/2010;D;D;N;T;M;D
L 01/02/2010;D;D;N;T;M;O
M 02/02/2010;M;D;D;N;T;O
X 03/02/2010;M;D;D;N;T;O
J 04/02/2010;T;M;D;D;N;O
V 05/02/2010;T;M;D;D;N;O
S 06/02/2010;N;T;M;D;D;D
D 07/02/2010;N;T;M;D;D;D
L 08/02/2010;D;N;T;O;D;M
M 09/02/2010;D;N;T;O;D;M
X 10/02/2010;D;D;N;O;M;T
J 11/02/2010;D;D;N;O;M;T
V 12/02/2010;M;D;D;O;T;N
S 13/02/2010;M;D;D;D;T;N
D 14/02/2010;T;M;D;D;N;D
L 15/02/2010;T;M;D;O;N;D
M 16/02/2010;N;T;M;O;D;D
X 17/02/2010;N;T;M;O;D;D
J 18/02/2010;D;N;T;O;D;M
V 19/02/2010;D;N;T;O;D;M
S 20/02/2010;D;D;N;D;M;T
D 21/02/2010;D;D;N;D;M;T
L 22/02/2010;O;D;D;M;T;N
M 23/02/2010;O;D;D;M;T;N
X 24/02/2010;O;M;D;T;N;D
J 25/02/2010;O;M;D;T;N;D
V 26/02/2010;O;T;M;N;D;D
S 27/02/2010;D;T;M;N;D;D
D 28/02/2010;D;N;T;D;D;M
L 01/03/2010;O;N;T;D;D;M
M 02/03/2010;O;D;N;D;M;T
X 03/03/2010;O;D;N;D;M;T
J 04/03/2010;O;D;D;M;T;N
V 05/03/2010;O;D;D;M;T;N
S 06/03/2010;D;M;D;T;N;D
D 07/03/2010;D;M;D;T;N;D
L 08/03/2010;M;T;O;N;D;D
M 09/03/2010;M;T;O;N;D;D
X 10/03/2010;T;N;O;D;D;M
J 11/03/2010;T;N;O;D;D;M
V 12/03/2010;N;D;O;D;M;T
S 13/03/2010;N;D;D;D;M;T
D 14/03/2010;D;D;D;M;T;N
L 15/03/2010;D;D;O;M;T;N
M 16/03/2010;D;M;O;T;N;D
X 17/03/2010;D;M;O;T;N;D
J 18/03/2010;M;T;O;N;D;D
V 19/03/2010;M;T;O;N;D;D
S 20/03/2010;T;N;D;D;D;M
D 21/03/2010;T;N;D;D;D;M
L 22/03/2010;N;D;M;D;O;T
M 23/03/2010;N;D;M;D;O;T
X 24/03/2010;D;D;T;M;O;N
J 25/03/2010;D;D;T;M;O;N
V 26/03/2010;D;M;N;T;O;D
S 27/03/2010;D;M;N;T;D;D
D 28/03/2010;M;T;D;N;D;D
L 29/03/2010;M;T;D;N;O;D
M 30/03/2010;T;N;D;D;O;M
X 31/03/2010;T;N;D;D;O;M
J 01/04/2010;N;D;M;D;O;T
V 02/04/2010;N;D;M;D;O;T
S 03/04/2010;D;D;T;M;D;N
D 04/04/2010;D;D;T;M;D;N
L 05/04/2010;D;O;N;T;M;D
M 06/04/2010;D;O;N;T;M;D
X 07/04/2010;M;O;D;N;T;D
J 08/04/2010;M;O;D;N;T;D
V 09/04/2010;T;O;D;D;N;M
S 10/04/2010;T;D;D;D;N;M
D 11/04/2010;N;D;M;D;D;T
L 12/04/2010;N;O;M;D;D;T
M 13/04/2010;D;O;T;M;D;N
X 14/04/2010;D;O;T;M;D;N
J 15/04/2010;D;O;N;T;M;D
V 16/04/2010;D;O;N;T;M;D
S 17/04/2010;M;D;D;N;T;D
D 18/04/2010;M;D;D;N;T;D
L 19/04/2010;T;M;D;D;N;O
M 20/04/2010;T;M;D;D;N;O
X 21/04/2010;N;T;M;D;D;O
J 22/04/2010;N;T;M;D;D;O
V 23/04/2010;D;N;T;M;D;O
S 24/04/2010;D;N;T;M;D;D
D 25/04/2010;D;D;N;T;M;D
L 26/04/2010;D;D;N;T;M;O
M 27/04/2010;M;D;D;N;T;O
X 28/04/2010;M;D;D;N;T;O
J 29/04/2010;T;M;D;D;N;O
V 30/04/2010;T;M;D;D;N;O
S 01/05/2010;N;T;M;D;D;D
D 02/05/2010;N;T;M;D;D;D
L 03/05/2010;D;N;T;O;D;M
M 04/05/2010;D;N;T;O;D;M
X 05/05/2010;D;D;N;O;M;T
J 06/05/2010;D;D;N;O;M;T
V 07/05/2010;M;D;D;O;T;N
S 08/05/2010;M;D;D;D;T;N
D 09/05/2010;T;M;D;D;N;D
L 10/05/2010;T;M;D;O;N;D
M 11/05/2010;N;T;M;O;D;D
X 12/05/2010;N;T;M;O;D;D
J 13/05/2010;D;N;T;O;D;M
V 14/05/2010;D;N;T;O;D;M
S 15/05/2010;D;D;N;D;M;T
D 16/05/2010;D;D;N;D;M;T
L 17/05/2010;O;D;D;M;T;N
M 18/05/2010;O;O;D;M;T;N
X 19/05/2010;O;M;D;T;N;D
J 20/05/2010;O;M;O;T;N;D
V 21/05/2010;O;T;M;N;D;D
S 22/05/2010;D;T;M;N;D;D
D 23/05/2010;D;N;T;D;D;M
L 24/05/2010;O;N;T;D;O;M
M 25/05/2010;O;D;N;D;M;T
X 26/05/2010;O;D;N;O;M;T
J 27/05/2010;O;D;D;M;T;N
V 28/05/2010;O;O;D;M;T;N
S 29/05/2010;D;M;D;T;N;D
D 30/05/2010;D;M;D;T;N;D
L 31/05/2010;O;T;M;N;D;D
M 01/06/2010;O;T;M;N;D;O
X 02/06/2010;O;N;T;D;D;M
J 03/06/2010;O;N;T;D;O;M
V 04/06/2010;O;D;N;D;M;T
S 05/06/2010;D;D;N;D;M;T
D 06/06/2010;D;D;D;M;T;N
L 07/06/2010;O;O;D;M;T;N
M 08/06/2010;O;M;D;T;N;D
X 09/06/2010;O;M;O;T;N;D
J 10/06/2010;O;T;M;N;D;D
V 11/06/2010;O;T;M;N;D;O
S 12/06/2010;D;N;T;D;D;M
D 13/06/2010;D;N;T;D;D;M
L 14/06/2010;M;D;N;D;O;T
M 15/06/2010;M;D;N;O;O;T
X 16/06/2010;T;D;D;M;O;N
J 17/06/2010;T;D;D;M;O;N
V 18/06/2010;N;M;D;T;O;D
S 19/06/2010;N;M;D;T;D;D
D 20/06/2010;D;T;M;N;D;D
L 21/06/2010;D;T;M;N;O;O
M 22/06/2010;D;N;T;D;O;M
X 23/06/2010;O;N;T;D;O;M
J 24/06/2010;M;D;N;D;O;T
V 25/06/2010;M;D;N;O;O;T
S 26/06/2010;T;D;D;M;D;N
D 27/06/2010;T;D;D;M;D;N
L 28/06/2010;N;M;D;T;O;D
M 29/06/2010;N;M;O;T;O;D
X 30/06/2010;D;T;M;N;O;D
J 01/07/2010;D;T;M;N;O;D
V 02/07/2010;D;N;T;D;O;M
S 03/07/2010;D;N;T;D;D;M
D 04/07/2010;M;D;N;D;D;T
L 05/07/2010;M;D;N;O;O;T
M 06/07/2010;T;D;D;M;O;N
X 07/07/2010;T;D;D;M;O;N
J 08/07/2010;N;M;D;T;O;D
V 09/07/2010;N;M;D;T;O;D
S 10/07/2010;D;T;M;N;D;D
D 11/07/2010;D;T;M;N;D;D
L 12/07/2010;D;N;T;D;M;O
M 13/07/2010;D;N;T;D;M;O
X 14/07/2010;M;D;N;D;T;O
J 15/07/2010;M;D;N;D;T;O
V 16/07/2010;T;D;D;M;N;O
S 17/07/2010;T;D;D;M;N;D
D 18/07/2010;N;M;D;T;D;D
L 19/07/2010;N;M;D;T;D;O
M 20/07/2010;D;T;M;N;D;O
X 21/07/2010;D;T;M;N;D;O
J 22/07/2010;D;N;T;D;M;O
V 23/07/2010;D;N;T;D;M;O
S 24/07/2010;M;D;N;D;T;D
D 25/07/2010;M;D;N;D;T;D
L 26/07/2010;T;D;D;M;N;O
M 27/07/2010;T;D;D;M;N;O
X 28/07/2010;N;M;D;T;D;O
J 29/07/2010;N;M;D;T;D;O
V 30/07/2010;D;T;M;N;D;O
S 31/07/2010;D;T;M;N;D;D
D 01/08/2010;D;N;T;D;M;D
L 02/08/2010;D;N;T;D;M;O
M 03/08/2010;M;D;N;D;T;O
X 04/08/2010;M;D;N;D;T;O
J 05/08/2010;T;D;D;M;N;O
V 06/08/2010;T;D;D;M;N;O
S 07/08/2010;N;M;D;T;D;D
D 08/08/2010;N;M;D;T;D;D
L 09/08/2010;D;T;O;N;D;M
M 10/08/2010;D;T;O;N;D;M
X 11/08/2010;D;N;O;D;M;T
J 12/08/2010;D;N;O;D;M;T
V 13/08/2010;M;D;O;D;T;N
S 14/08/2010;M;D;D;D;T;N
D 15/08/2010;T;D;D;M;N;D
L 16/08/2010;T;D;O;M;N;D
M 17/08/2010;N;M;O;T;D;D
X 18/08/2010;N;M;O;T;D;D
J 19/08/2010;D;T;O;N;D;M
V 20/08/2010;D;T;O;N;D;M
S 21/08/2010;D;N;D;D;M;T
D 22/08/2010;D;N;D;D;M;T
L 23/08/2010;M;D;O;D;T;N
M 24/08/2010;M;D;O;D;T;N
X 25/08/2010;T;D;O;M;N;D
J 26/08/2010;T;D;O;M;N;D
V 27/08/2010;N;M;O;T;D;D
S 28/08/2010;N;M;D;T;D;D
D 29/08/2010;D;T;D;N;D;M
L 30/08/2010;D;T;O;N;D;M
M 31/08/2010;D;N;O;D;M;T
X 01/09/2010;O;N;O;D;M;T
J 02/09/2010;M;D;O;D;T;N
V 03/09/2010;M;D;O;O;T;N
S 04/09/2010;T;D;D;M;N;D
D 05/09/2010;T;D;D;M;N;D
L 06/09/2010;N;O;M;T;D;D
M 07/09/2010;N;O;M;T;D;D
X 08/09/2010;D;O;T;N;D;M
J 09/09/2010;D;O;T;N;O;M
V 10/09/2010;D;O;N;D;M;T
S 11/09/2010;D;D;N;D;M;T
D 12/09/2010;M;D;D;D;T;N
L 13/09/2010;M;O;D;O;T;N
M 14/09/2010;T;O;D;M;N;D
X 15/09/2010;T;O;O;M;N;D
J 16/09/2010;N;O;M;T;D;D
V 17/09/2010;N;O;M;T;D;O
S 18/09/2010;D;D;T;N;D;M
D 19/09/2010;D;D;T;N;D;M
L 20/09/2010;D;O;N;D;M;T
M 21/09/2010;O;O;N;D;M;T
X 22/09/2010;M;O;D;D;T;N
J 23/09/2010;M;O;D;O;T;N
V 24/09/2010;T;O;D;M;N;D
S 25/09/2010;T;D;D;M;N;D
D 26/09/2010;N;D;M;T;D;D
L 27/09/2010;N;O;M;T;D;O
M 28/09/2010;D;O;T;N;D;M
X 29/09/2010;D;O;T;N;O;M
J 30/09/2010;D;O;N;D;M;T
V 01/10/2010;O;O;N;D;M;T
S 02/10/2010;M;D;D;D;T;N
D 03/10/2010;M;D;D;D;T;N
L 04/10/2010;T;M;D;O;N;D
M 05/10/2010;T;M;O;O;N;D
X 06/10/2010;N;T;M;O;D;D
J 07/10/2010;N;T;M;O;D;O
V 08/10/2010;D;N;T;O;D;M
S 09/10/2010;D;N;T;D;D;M
D 10/10/2010;D;D;N;D;M;T
L 11/10/2010;O;D;N;O;M;T
M 12/10/2010;M;D;D;O;T;N
X 13/10/2010;M;D;D;O;T;N
J 14/10/2010;T;M;D;O;N;D
V 15/10/2010;T;M;O;O;N;D
S 16/10/2010;N;T;M;D;D;D
D 17/10/2010;N;T;M;D;D;D
L 18/10/2010;D;N;T;O;D;M
M 19/10/2010;D;N;T;O;O;M
X 20/10/2010;D;D;N;O;M;T
J 21/10/2010;O;D;N;O;M;T
V 22/10/2010;M;D;D;O;T;N
S 23/10/2010;M;D;D;D;T;N
D 24/10/2010;T;M;D;D;N;D
L 25/10/2010;T;M;O;O;N;D
M 26/10/2010;N;T;M;O;D;D
X 27/10/2010;N;T;M;O;D;O
J 28/10/2010;D;N;T;O;D;M
V 29/10/2010;D;N;T;O;O;M
S 30/10/2010;D;D;N;D;M;T
D 31/10/2010;D;D;N;D;M;T
L 01/11/2010;O;D;D;M;T;N
M 02/11/2010;O;D;D;M;T;N
X 03/11/2010;O;M;D;T;N;D
J 04/11/2010;O;M;D;T;N;D
V 05/11/2010;O;T;M;N;D;D
S 06/11/2010;D;T;M;N;D;D
D 07/11/2010;D;N;T;D;D;M
L 08/11/2010;O;N;T;D;D;M
M 09/11/2010;O;D;N;D;M;T
X 10/11/2010;O;D;N;D;M;T
J 11/11/2010;O;D;D;M;T;N
V 12/11/2010;O;D;D;M;T;N
S 13/11/2010;D;M;D;T;N;D
D 14/11/2010;D;M;D;T;N;D
L 15/11/2010;M;T;O;N;D;D
M 16/11/2010;M;T;O;N;D;D
X 17/11/2010;T;N;O;D;D;M
J 18/11/2010;T;N;O;D;D;M
V 19/11/2010;N;D;O;D;M;T
S 20/11/2010;N;D;D;D;M;T
D 21/11/2010;D;D;D;M;T;N
L 22/11/2010;D;D;O;M;T;N
M 23/11/2010;D;M;O;T;N;D
X 24/11/2010;D;M;O;T;N;D
J 25/11/2010;M;T;O;N;D;D
V 26/11/2010;M;T;O;N;D;D
S 27/11/2010;T;N;D;D;D;M
D 28/11/2010;T;N;D;D;D;M
L 29/11/2010;N;D;M;D;O;T
M 30/11/2010;N;D;M;D;O;T
X 01/12/2010;D;D;T;M;O;N
J 02/12/2010;D;D;T;M;O;N
V 03/12/2010;D;M;N;T;O;D
S 04/12/2010;D;M;N;T;D;D
D 05/12/2010;M;T;D;N;D;D
L 06/12/2010;M;T;D;N;O;D
M 07/12/2010;T;N;D;D;O;M
X 08/12/2010;T;N;D;D;O;M
J 09/12/2010;N;D;M;D;O;T
V 10/12/2010;N;D;M;D;O;T
S 11/12/2010;D;D;T;M;D;N
D 12/12/2010;D;D;T;M;D;N
L 13/12/2010;D;O;N;T;M;D
M 14/12/2010;D;O;N;T;M;D
X 15/12/2010;M;O;D;N;T;D
J 16/12/2010;M;O;D;N;T;D
V 17/12/2010;T;O;D;D;N;M
S 18/12/2010;T;D;D;D;N;M
D 19/12/2010;N;D;M;D;D;T
L 20/12/2010;N;O;M;D;D;T
M 21/12/2010;D;O;T;M;D;N
X 22/12/2010;D;O;T;M;D;N
J 23/12/2010;D;O;N;T;M;D
V 24/12/2010;D;O;N;T;M;D
S 25/12/2010;M;D;D;N;T;D
D 26/12/2010;M;D;D;N;T;D
L 27/12/2010;T;M;D;D;N;O
M 28/12/2010;T;M;D;D;N;O
X 29/12/2010;N;T;M;D;D;O
J 30/12/2010;N;T;M;D;D;O
V 31/12/2010;D;N;T;M;D;O
S 01/01/2011;D;N;T;M;D;D
D 02/01/2011;D;D;N;T;M;D
L 03/01/2011;D;D;N;T;M;O
M 04/01/2011;M;D;D;N;T;O
X 05/01/2011;M;D;D;N;T;O
J 06/01/2011;T;M;D;D;N;O
V 07/01/2011;T;M;D;D;N;O
S 08/01/2011;N;T;M;D;D;D
D 09/01/2011;N;T;M;D;D;D
L 10/01/2011;D;N;T;O;D;M
M 11/01/2011;D;N;T;O;D;M
X 12/01/2011;D;D;N;O;M;T
J 13/01/2011;D;D;N;O;M;T
V 14/01/2011;M;D;D;O;T;N
S 15/01/2011;M;D;D;D;T;N
D 16/01/2011;T;M;D;D;N;D
L 17/01/2011;T;M;D;O;N;D
M 18/01/2011;N;T;M;O;D;D
X 19/01/2011;N;T;M;O;D;D
J 20/01/2011;D;N;T;O;D;M
V 21/01/2011;D;N;T;O;D;M
S 22/01/2011;D;D;N;D;M;T
D 23/01/2011;D;D;N;D;M;T
L 24/01/2011;O;D;D;M;T;N
M 25/01/2011;O;D;D;M;T;N
X 26/01/2011;O;M;D;T;N;D
J 27/01/2011;O;M;D;T;N;D
V 28/01/2011;O;T;M;N;D;D
S 29/01/2011;D;T;M;N;D;D
D 30/01/2011;D;N;T;D;D;M
L 31/01/2011;O;N;T;D;D;M
M 01/02/2011;O;D;N;D;M;T
X 02/02/2011;O;D;N;D;M;T
J 03/02/2011;O;D;D;M;T;N
V 04/02/2011;O;D;D;M;T;N
S 05/02/2011;D;M;D;T;N;D
D 06/02/2011;D;M;D;T;N;D
L 07/02/2011;M;T;O;N;D;D
M 08/02/2011;M;T;O;N;D;D
X 09/02/2011;T;N;O;D;D;M
J 10/02/2011;T;N;O;D;D;M
V 11/02/2011;N;D;O;D;M;T
S 12/02/2011;N;D;D;D;M;T
D 13/02/2011;D;D;D;M;T;N
L 14/02/2011;D;D;O;M;T;N
M 15/02/2011;D;M;O;T;N;D
X 16/02/2011;D;M;O;T;N;D
J 17/02/2011;M;T;O;N;D;D
V 18/02/2011;M;T;O;N;D;D
S 19/02/2011;T;N;D;D;D;M
D 20/02/2011;T;N;D;D;D;M
L 21/02/2011;N;D;M;D;O;T
M 22/02/2011;N;D;M;D;O;T
X 23/02/2011;D;D;T;M;O;N
J 24/02/2011;D;D;T;M;O;N
V 25/02/2011;D;M;N;T;O;D
S 26/02/2011;D;M;N;T;D;D
D 27/02/2011;M;T;D;N;D;D
L 28/02/2011;M;T;D;N;O;D
M 01/03/2011;T;N;D;D;O;M
X 02/03/2011;T;N;D;D;O;M
J 03/03/2011;N;D;M;D;O;T
V 04/03/2011;N;D;M;D;O;T
S 05/03/2011;D;D;T;M;D;N
D 06/03/2011;D;D;T;M;D;N
L 07/03/2011;D;O;N;T;M;D
M 08/03/2011;D;O;N;T;M;D
X 09/03/2011;M;O;D;N;T;D
J 10/03/2011;M;O;D;N;T;D
V 11/03/2011;T;O;D;D;N;M
S 12/03/2011;T;D;D;D;N;M
D 13/03/2011;N;D;M;D;D;T
L 14/03/2011;N;O;M;D;D;T
M 15/03/2011;D;O;T;M;D;N
X 16/03/2011;D;O;T;M;D;N
J 17/03/2011;D;O;N;T;M;D
V 18/03/2011;D;O;N;T;M;D
S 19/03/2011;M;D;D;N;T;D
D 20/03/2011;M;D;D;N;T;D
L 21/03/2011;T;M;D;D;N;O
M 22/03/2011;T;M;D;D;N;O
X 23/03/2011;N;T;M;D;D;O
J 24/03/2011;N;T;M;D;D;O
V 25/03/2011;D;N;T;M;D;O
S 26/03/2011;D;N;T;M;D;D
D 27/03/2011;D;D;N;T;M;D
L 28/03/2011;D;D;N;T;M;O
M 29/03/2011;M;D;D;N;T;O
X 30/03/2011;M;D;D;N;T;O
J 31/03/2011;T;M;D;D;N;O
V 01/04/2011;T;M;D;D;N;O
S 02/04/2011;N;T;M;D;D;D
D 03/04/2011;N;T;M;D;D;D
L 04/04/2011;D;N;T;O;D;M
M 05/04/2011;D;N;T;O;D;M
X 06/04/2011;D;D;N;O;M;T
J 07/04/2011;D;D;N;O;M;T
V 08/04/2011;M;D;D;O;T;N
S 09/04/2011;M;D;D;D;T;N
D 10/04/2011;T;M;D;D;N;D
L 11/04/2011;T;M;D;O;N;D
M 12/04/2011;N;T;M;O;D;D
X 13/04/2011;N;T;M;O;D;D
J 14/04/2011;D;N;T;O;D;M
V 15/04/2011;D;N;T;O;D;M
S 16/04/2011;D;D;N;D;M;T
D 17/04/2011;D;D;N;D;M;T
L 18/04/2011;O;D;D;M;T;N
M 19/04/2011;O;D;D;M;T;N
X 20/04/2011;O;M;D;T;N;D
J 21/04/2011;O;M;D;T;N;D
V 22/04/2011;O;T;M;N;D;D
S 23/04/2011;D;T;M;N;D;D
D 24/04/2011;D;N;T;D;D;M
L 25/04/2011;O;N;T;D;D;M
M 26/04/2011;O;D;N;D;M;T
X 27/04/2011;O;D;N;D;M;T
J 28/04/2011;O;D;D;M;T;N
V 29/04/2011;O;D;D;M;T;N
S 30/04/2011;D;M;D;T;N;D
D 01/05/2011;D;M;D;T;N;D
L 02/05/2011;M;T;O;N;D;D
M 03/05/2011;M;T;O;N;D;O
X 04/05/2011;T;N;O;D;D;M
J 05/05/2011;T;N;O;D;O;M
V 06/05/2011;N;D;O;D;M;T
S 07/05/2011;N;D;D;D;M;T
D 08/05/2011;D;D;D;M;T;N
L 09/05/2011;D;O;O;M;T;N
M 10/05/2011;D;M;O;T;N;D
X 11/05/2011;O;M;O;T;N;D
J 12/05/2011;M;T;O;N;D;D
V 13/05/2011;M;T;O;N;D;O
S 14/05/2011;T;N;D;D;D;M
D 15/05/2011;T;N;D;D;D;M
L 16/05/2011;N;D;O;D;M;T
M 17/05/2011;N;D;O;O;M;T
X 18/05/2011;D;D;O;M;T;N
J 19/05/2011;D;O;O;M;T;N
V 20/05/2011;D;M;O;T;N;D
S 21/05/2011;D;M;D;T;N;D
D 22/05/2011;M;T;D;N;D;D
L 23/05/2011;M;T;O;N;D;O
M 24/05/2011;T;N;O;D;D;M
X 25/05/2011;T;N;O;D;O;M
J 26/05/2011;N;D;O;D;M;T
V 27/05/2011;N;D;O;O;M;T
S 28/05/2011;D;D;D;M;T;N
D 29/05/2011;D;D;D;M;T;N
L 30/05/2011;D;O;M;T;N;D
M 31/05/2011;O;O;M;T;N;D
X 01/06/2011;M;O;T;N;D;D
J 02/06/2011;M;O;T;N;D;O
V 03/06/2011;T;O;N;D;D;M
S 04/06/2011;T;D;N;D;D;M
D 05/06/2011;N;D;D;D;M;T
L 06/06/2011;N;O;D;O;M;T
M 07/06/2011;D;O;D;M;T;N
X 08/06/2011;D;O;O;M;T;N
J 09/06/2011;D;O;M;T;N;D
V 10/06/2011;O;O;M;T;N;D
S 11/06/2011;M;D;T;N;D;D
D 12/06/2011;M;D;T;N;D;D
L 13/06/2011;T;O;N;D;D;M
M 14/06/2011;T;O;N;D;O;M
X 15/06/2011;N;O;D;D;M;T
J 16/06/2011;N;O;D;D;M;T
V 17/06/2011;D;O;D;M;T;N
S 18/06/2011;D;D;D;M;T;N
D 19/06/2011;D;D;M;T;N;D
L 20/06/2011;O;O;M;T;N;D
M 21/06/2011;M;O;T;N;D;D
X 22/06/2011;M;O;T;N;D;O
J 23/06/2011;T;O;N;D;D;M
V 24/06/2011;T;O;N;D;O;M
S 25/06/2011;N;D;D;D;M;T
D 26/06/2011;N;D;D;D;M;T
L 27/06/2011;D;M;D;O;T;N
M 28/06/2011;D;M;O;O;T;N
X 29/06/2011;D;T;M;O;N;D
J 30/06/2011;O;T;M;O;N;D
V 01/07/2011;M;N;T;O;D;D
S 02/07/2011;M;N;T;D;D;D
D 03/07/2011;T;D;N;D;D;M
L 04/07/2011;T;D;N;O;D;M
M 05/07/2011;N;D;D;O;M;T
X 06/07/2011;N;O;D;O;M;T
J 07/07/2011;D;M;D;O;T;N
V 08/07/2011;D;M;O;O;T;N
S 09/07/2011;D;T;M;D;N;D
D 10/07/2011;D;T;M;D;N;D
L 11/07/2011;M;N;T;O;D;D
M 12/07/2011;M;N;T;O;D;O
X 13/07/2011;T;D;N;O;D;M
J 14/07/2011;T;D;N;O;D;M
V 15/07/2011;N;D;D;O;M;T
S 16/07/2011;N;D;D;D;M;T
D 17/07/2011;D;M;D;D;T;N
L 18/07/2011;D;M;D;O;T;N
M 19/07/2011;D;T;M;O;N;D
X 20/07/2011;O;T;M;O;N;D
J 21/07/2011;M;N;T;O;D;D
V 22/07/2011;M;N;T;O;D;D
S 23/07/2011;T;D;N;D;D;M
D 24/07/2011;T;D;N;D;D;M
L 25/07/2011;N;D;D;M;O;T
M 26/07/2011;N;O;D;M;O;T
X 27/07/2011;D;M;D;T;O;N
J 28/07/2011;D;M;D;T;O;N
V 29/07/2011;D;T;M;N;O;D
S 30/07/2011;D;T;M;N;D;D
D 31/07/2011;M;N;T;D;D;D
L 01/08/2011;M;N;T;D;O;D
M 02/08/2011;T;D;N;D;O;M
X 03/08/2011;T;D;N;D;O;M
J 04/08/2011;N;D;D;M;O;T
V 05/08/2011;N;D;D;M;O;T
S 06/08/2011;D;M;D;T;D;N
D 07/08/2011;D;M;D;T;D;N
L 08/08/2011;D;T;M;N;O;D
M 09/08/2011;D;T;M;N;O;D
X 10/08/2011;M;N;T;D;O;D
J 11/08/2011;M;N;T;D;O;D
V 12/08/2011;T;D;N;D;O;M
S 13/08/2011;T;D;N;D;D;M
D 14/08/2011;N;D;D;M;D;T
L 15/08/2011;N;D;D;M;O;T
M 16/08/2011;D;M;D;T;O;N
X 17/08/2011;D;M;D;T;O;N
J 18/08/2011;D;T;M;N;O;D
V 19/08/2011;D;T;M;N;O;D
S 20/08/2011;M;N;T;D;D;D
D 21/08/2011;M;N;T;D;D;D
L 22/08/2011;T;D;N;D;M;O
M 23/08/2011;T;D;N;D;M;O
X 24/08/2011;N;D;D;M;T;O
J 25/08/2011;N;D;D;M;T;O
V 26/08/2011;D;M;D;T;N;O
S 27/08/2011;D;M;D;T;N;D
D 28/08/2011;D;T;M;N;D;D
L 29/08/2011;D;T;M;N;D;O
M 30/08/2011;M;N;T;D;D;O
X 31/08/2011;M;N;T;D;D;O
J 01/09/2011;T;D;N;D;M;O
V 02/09/2011;T;D;N;D;M;O
S 03/09/2011;N;D;D;M;T;D
D 04/09/2011;N;D;D;M;T;D
L 05/09/2011;D;M;D;T;N;O
M 06/09/2011;D;M;O;T;N;O
X 07/09/2011;D;T;M;N;D;O
J 08/09/2011;O;T;M;N;D;O
V 09/09/2011;M;N;T;D;D;O
S 10/09/2011;M;N;T;D;D;D
D 11/09/2011;T;D;N;D;M;D
L 12/09/2011;T;D;N;D;M;O
M 13/09/2011;N;D;D;M;T;O
X 14/09/2011;N;O;D;M;T;O
J 15/09/2011;D;M;D;T;N;O
V 16/09/2011;D;M;O;T;N;O
S 17/09/2011;D;T;M;N;D;D
D 18/09/2011;D;T;M;N;D;D
L 19/09/2011;O;N;T;D;D;M
M 20/09/2011;O;N;T;D;O;M
X 21/09/2011;O;D;N;D;M;T
J 22/09/2011;O;D;N;D;M;T
V 23/09/2011;O;D;D;M;T;N
S 24/09/2011;D;D;D;M;T;N
D 25/09/2011;D;M;D;T;N;D
L 26/09/2011;O;M;O;T;N;D
M 27/09/2011;O;T;M;N;D;D
X 28/09/2011;O;T;M;N;D;O
J 29/09/2011;O;N;T;D;D;M
V 30/09/2011;O;N;T;D;O;M
S 01/10/2011;D;D;N;D;M;T
D 02/10/2011;D;D;N;D;M;T
L 03/10/2011;O;D;D;M;T;N
M 04/10/2011;O;O;D;M;T;N
X 05/10/2011;O;M;D;T;N;D
J 06/10/2011;O;M;O;T;N;D
V 07/10/2011;O;T;M;N;D;D
S 08/10/2011;D;T;M;N;D;D
D 09/10/2011;D;N;T;D;D;M
L 10/10/2011;O;N;T;D;D;M
M 11/10/2011;O;D;N;D;M;T
X 12/10/2011;O;D;N;D;M;T
J 13/10/2011;O;D;D;M;T;N
V 14/10/2011;O;O;D;M;T;N
S 15/10/2011;D;M;D;T;N;D
D 16/10/2011;D;M;D;T;N;D
L 17/10/2011;M;T;O;N;D;D
M 18/10/2011;M;T;O;N;D;D
X 19/10/2011;T;N;O;D;D;M
J 20/10/2011;T;N;O;D;D;M
V 21/10/2011;N;D;O;D;M;T
S 22/10/2011;N;D;D;D;M;T
D 23/10/2011;D;D;D;M;T;N
L 24/10/2011;D;D;O;M;T;N
M 25/10/2011;D;M;O;T;N;D
X 26/10/2011;D;M;O;T;N;D
J 27/10/2011;M;T;O;N;D;D
V 28/10/2011;M;T;O;N;D;D
S 29/10/2011;T;N;D;D;D;M
D 30/10/2011;T;N;D;D;D;M
L 31/10/2011;N;D;M;D;O;T
M 01/11/2011;N;D;M;D;O;T
X 02/11/2011;D;D;T;M;O;N
J 03/11/2011;D;D;T;M;O;N
V 04/11/2011;D;M;N;T;O;D
S 05/11/2011;D;M;N;T;D;D
D 06/11/2011;M;T;D;N;D;D
L 07/11/2011;M;T;D;N;O;D
M 08/11/2011;T;N;D;D;O;M
X 09/11/2011;T;N;D;D;O;M
J 10/11/2011;N;D;M;D;O;T
V 11/11/2011;N;D;M;D;O;T
S 12/11/2011;D;D;T;M;D;N
D 13/11/2011;D;D;T;M;D;N
L 14/11/2011;D;O;N;T;M;D
M 15/11/2011;D;O;N;T;M;D
X 16/11/2011;M;O;D;N;T;D
J 17/11/2011;M;O;D;N;T;D
V 18/11/2011;T;O;D;D;N;M
S 19/11/2011;T;D;D;D;N;M
D 20/11/2011;N;D;M;D;D;T
L 21/11/2011;N;O;M;D;D;T
M 22/11/2011;D;O;T;M;D;N
X 23/11/2011;D;O;T;M;D;N
J 24/11/2011;D;O;N;T;M;D
V 25/11/2011;D;O;N;T;M;D
S 26/11/2011;M;D;D;N;T;D
D 27/11/2011;M;D;D;N;T;D
L 28/11/2011;T;M;D;D;N;O
M 29/11/2011;T;M;D;D;N;O
X 30/11/2011;N;T;M;D;D;O
J 01/12/2011;N;T;M;D;D;O
V 02/12/2011;D;N;T;M;D;O
S 03/12/2011;D;N;T;M;D;D
D 04/12/2011;D;D;N;T;M;D
L 05/12/2011;D;D;N;T;M;O
M 06/12/2011;M;D;D;N;T;O
X 07/12/2011;M;D;D;N;T;O
J 08/12/2011;T;M;D;D;N;O
V 09/12/2011;T;M;D;D;N;O
S 10/12/2011;N;T;M;D;D;D
D 11/12/2011;N;T;M;D;D;D
L 12/12/2011;D;N;T;O;D;M
M 13/12/2011;D;N;T;O;D;M
X 14/12/2011;D;D;N;O;M;T
J 15/12/2011;D;D;N;O;M;T
V 16/12/2011;M;D;D;O;T;N
S 17/12/2011;M;D;D;D;T;N
D 18/12/2011;T;M;D;D;N;D
L 19/12/2011;T;M;D;O;N;D
M 20/12/2011;N;T;M;O;D;D
X 21/12/2011;N;T;M;O;D;D
J 22/12/2011;D;N;T;O;D;M
V 23/12/2011;D;N;T;O;D;M
S 24/12/2011;D;D;N;D;M;T
D 25/12/2011;D;D;N;D;M;T
L 26/12/2011;O;D;D;M;T;N
M 27/12/2011;O;D;D;M;T;N
X 28/12/2011;O;M;D;T;N;D
J 29/12/2011;O;M;D;T;N;D
V 30/12/2011;O;T;M;N;D;D
S 31/12/2011;D;T;M;N;D;D
D 01/01/2012;D;N;T;D;D;M
L 02/01/2012;O;N;T;D;D;M
M 03/01/2012;O;D;N;D;M;T
X 04/01/2012;O;D;N;D;M;T
J 05/01/2012;O;D;D;M;T;N
V 06/01/2012;O;D;D;M;T;N
S 07/01/2012;D;M;D;T;N;D
D 08/01/2012;D;M;D;T;N;D
L 09/01/2012;M;T;O;N;D;D
M 10/01/2012;M;T;O;N;D;D
X 11/01/2012;T;N;O;D;D;M
J 12/01/2012;T;N;O;D;D;M
V 13/01/2012;N;D;O;D;M;T
S 14/01/2012;N;D;D;D;M;T
D 15/01/2012;D;D;D;M;T;N
L 16/01/2012;D;D;O;M;T;N
M 17/01/2012;D;M;O;T;N;D
X 18/01/2012;D;M;O;T;N;D
J 19/01/2012;M;T;O;N;D;D
V 20/01/2012;M;T;O;N;D;D
S 21/01/2012;T;N;D;D;D;M
D 22/01/2012;T;N;D;D;D;M
L 23/01/2012;N;D;M;D;O;T
M 24/01/2012;N;D;M;D;O;T
X 25/01/2012;D;D;T;M;O;N
J 26/01/2012;D;D;T;M;O;N
V 27/01/2012;D;M;N;T;O;D
S 28/01/2012;D;M;N;T;D;D
D 29/01/2012;M;T;D;N;D;D
L 30/01/2012;M;T;D;N;O;D
M 31/01/2012;T;N;D;D;O;M
X 01/02/2012;T;N;D;D;O;M
J 02/02/2012;N;D;M;D;O;T
V 03/02/2012;N;D;M;D;O;T
S 04/02/2012;D;D;T;M;D;N
D 05/02/2012;D;D;T;M;D;N
L 06/02/2012;D;O;N;T;M;D
M 07/02/2012;D;O;N;T;M;D
X 08/02/2012;M;O;D;N;T;D
J 09/02/2012;M;O;D;N;T;D
V 10/02/2012;T;O;D;D;N;M
S 11/02/2012;T;D;D;D;N;M
D 12/02/2012;N;D;M;D;D;T
L 13/02/2012;N;O;M;D;D;T
M 14/02/2012;D;O;T;M;D;N
X 15/02/2012;D;O;T;M;D;N
J 16/02/2012;D;O;N;T;M;D
V 17/02/2012;D;O;N;T;M;D
S 18/02/2012;M;D;D;N;T;D
D 19/02/2012;M;D;D;N;T;D
L 20/02/2012;T;M;D;D;N;O
M 21/02/2012;T;M;D;D;N;O
X 22/02/2012;N;T;M;D;D;O
J 23/02/2012;N;T;M;D;D;O
V 24/02/2012;D;N;T;M;D;O
S 25/02/2012;D;N;T;M;D;D
D 26/02/2012;D;D;N;T;M;D
L 27/02/2012;D;D;N;T;M;O
M 28/02/2012;M;D;D;N;T;O
X 29/02/2012;M;D;D;N;T;O
J 01/03/2012;T;M;D;D;N;O
V 02/03/2012;T;M;D;D;N;O
S 03/03/2012;N;T;M;D;D;D
D 04/03/2012;N;T;M;D;D;D
L 05/03/2012;D;N;T;O;D;M
M 06/03/2012;D;N;T;O;D;M
X 07/03/2012;D;D;N;O;M;T
J 08/03/2012;D;D;N;O;M;T
V 09/03/2012;M;D;D;O;T;N
S 10/03/2012;M;D;D;D;T;N
D 11/03/2012;T;M;D;D;N;D
L 12/03/2012;T;M;D;O;N;D
M 13/03/2012;N;T;M;O;D;D
X 14/03/2012;N;T;M;O;D;D
J 15/03/2012;D;N;T;O;D;M
V 16/03/2012;D;N;T;O;D;M
S 17/03/2012;D;D;N;D;M;T
D 18/03/2012;D;D;N;D;M;T
L 19/03/2012;O;D;D;M;T;N
M 20/03/2012;O;D;D;M;T;N
X 21/03/2012;O;M;D;T;N;D
J 22/03/2012;O;M;D;T;N;D
V 23/03/2012;O;T;M;N;D;D
S 24/03/2012;D;T;M;N;D;D
D 25/03/2012;D;N;T;D;D;M
L 26/03/2012;O;N;T;D;D;M
M 27/03/2012;O;D;N;D;M;T
X 28/03/2012;O;D;N;D;M;T
J 29/03/2012;O;D;D;M;T;N
V 30/03/2012;O;D;D;M;T;N
S 31/03/2012;D;M;D;T;N;D
D 01/04/2012;D;M;D;T;N;D
L 02/04/2012;M;T;O;N;D;D
M 03/04/2012;M;T;O;N;D;D
X 04/04/2012;T;N;O;D;D;M
J 05/04/2012;T;N;O;D;D;M
V 06/04/2012;N;D;O;D;M;T
S 07/04/2012;N;D;D;D;M;T
D 08/04/2012;D;D;D;M;T;N
L 09/04/2012;D;D;O;M;T;N
M 10/04/2012;D;M;O;T;N;D
X 11/04/2012;D;M;O;T;N;D
J 12/04/2012;M;T;O;N;D;D
V 13/04/2012;M;T;O;N;D;D
S 14/04/2012;T;N;D;D;D;M
D 15/04/2012;T;N;D;D;D;M
L 16/04/2012;N;D;M;D;O;T
M 17/04/2012;N;D;M;D;O;T
X 18/04/2012;D;D;T;M;O;N
J 19/04/2012;D;D;T;M;O;N
V 20/04/2012;D;M;N;T;O;D
S 21/04/2012;D;M;N;T;D;D
D 22/04/2012;M;T;D;N;D;D
L 23/04/2012;M;T;D;N;O;D
M 24/04/2012;T;N;D;D;O;M
X 25/04/2012;T;N;D;D;O;M
J 26/04/2012;N;D;M;D;O;T
V 27/04/2012;N;D;M;D;O;T
S 28/04/2012;D;D;T;M;D;N
D 29/04/2012;D;D;T;M;D;N
L 30/04/2012;D;O;N;T;M;D
M 01/05/2012;D;O;N;T;M;D
X 02/05/2012;M;O;D;N;T;D
J 03/05/2012;M;O;D;N;T;O
V 04/05/2012;T;O;D;D;N;M
S 05/05/2012;T;D;D;D;N;M
D 06/05/2012;N;D;M;D;D;T
L 07/05/2012;N;O;M;O;D;T
M 08/05/2012;D;O;T;M;D;N
X 09/05/2012;D;O;T;M;O;N
J 10/05/2012;D;O;N;T;M;D
V 11/05/2012;O;O;N;T;M;D
S 12/05/2012;M;D;D;N;T;D
D 13/05/2012;M;D;D;N;T;D
L 14/05/2012;T;O;D;D;N;M
M 15/05/2012;T;O;O;D;N;M
X 16/05/2012;N;O;M;D;D;T
J 17/05/2012;N;O;M;O;D;T
V 18/05/2012;D;O;T;M;D;N
S 19/05/2012;D;D;T;M;D;N
D 20/05/2012;D;D;N;T;M;D
L 21/05/2012;O;O;N;T;M;D
M 22/05/2012;M;O;D;N;T;D
X 23/05/2012;M;O;D;N;T;O
J 24/05/2012;T;O;D;D;N;M
V 25/05/2012;T;O;D;D;N;M
S 26/05/2012;N;D;M;D;D;T
D 27/05/2012;N;D;M;D;D;T
L 28/05/2012;D;M;T;O;D;N
M 29/05/2012;D;M;T;O;O;N
X 30/05/2012;D;T;N;O;M;D
J 31/05/2012;O;T;N;O;M;D
V 01/06/2012;M;N;D;O;T;D
S 02/06/2012;M;N;D;D;T;D
D 03/06/2012;T;D;D;D;N;M
L 04/06/2012;T;D;O;O;N;M
M 05/06/2012;N;D;M;O;D;T
X 06/06/2012;N;O;M;O;D;T
J 07/06/2012;D;M;T;O;D;N
V 08/06/2012;D;M;T;O;O;N
S 09/06/2012;D;T;N;D;M;D
D 10/06/2012;D;T;N;D;M;D
L 11/06/2012;M;N;D;O;T;D
M 12/06/2012;M;N;D;O;T;O
X 13/06/2012;T;D;D;O;N;M
J 14/06/2012;T;D;O;O;N;M
V 15/06/2012;N;D;M;O;D;T
S 16/06/2012;N;D;M;D;D;T
D 17/06/2012;D;M;T;D;D;N
L 18/06/2012;D;M;T;O;O;N
M 19/06/2012;D;T;N;O;M;D
X 20/06/2012;O;T;N;O;M;D
J 21/06/2012;M;N;D;O;T;D
V 22/06/2012;M;N;D;O;T;D
S 23/06/2012;T;D;D;D;N;M
D 24/06/2012;T;D;D;D;N;M
L 25/06/2012;N;D;O;M;D;T
M 26/06/2012;N;O;O;M;D;T
X 27/06/2012;D;M;O;T;D;N
J 28/06/2012;D;M;O;T;O;N
V 29/06/2012;D;T;O;N;M;D
S 30/06/2012;D;T;D;N;M;D
D 01/07/2012;M;N;D;D;T;D
L 02/07/2012;M;N;O;D;T;D
M 03/07/2012;T;D;O;D;N;M
X 04/07/2012;T;D;O;O;N;M
J 05/07/2012;N;D;O;M;D;T
V 06/07/2012;N;D;O;M;D;T
S 07/07/2012;D;M;D;T;D;N
D 08/07/2012;D;M;D;T;D;N
L 09/07/2012;D;T;O;N;M;D
M 10/07/2012;D;T;O;N;M;D
X 11/07/2012;M;N;O;D;T;D
J 12/07/2012;M;N;O;D;T;D
V 13/07/2012;T;D;O;D;N;M
S 14/07/2012;T;D;D;D;N;M
D 15/07/2012;N;D;D;M;D;T
L 16/07/2012;N;D;O;M;D;T
M 17/07/2012;D;M;O;T;D;N
X 18/07/2012;D;M;O;T;D;N
J 19/07/2012;D;T;O;N;M;D
V 20/07/2012;D;T;O;N;M;D
S 21/07/2012;M;N;D;D;T;D
D 22/07/2012;M;N;D;D;T;D
L 23/07/2012;T;D;M;D;N;O
M 24/07/2012;T;D;M;D;N;O
X 25/07/2012;N;D;T;M;D;O
J 26/07/2012;N;D;T;M;D;O
V 27/07/2012;D;M;N;T;D;O
S 28/07/2012;D;M;N;T;D;D
D 29/07/2012;D;T;D;N;M;D
L 30/07/2012;D;T;D;N;M;O
M 31/07/2012;M;N;D;D;T;O
X 01/08/2012;M;N;D;D;T;O
J 02/08/2012;T;D;M;D;N;O
V 03/08/2012;T;D;M;D;N;O
S 04/08/2012;N;D;T;M;D;D
D 05/08/2012;N;D;T;M;D;D
L 06/08/2012;D;M;N;T;D;O
M 07/08/2012;D;M;N;T;D;O
X 08/08/2012;D;T;D;N;M;O
J 09/08/2012;D;T;D;N;M;O
V 10/08/2012;M;N;D;D;T;O
S 11/08/2012;M;N;D;D;T;D
D 12/08/2012;T;D;M;D;N;D
L 13/08/2012;T;D;M;D;N;O
M 14/08/2012;N;D;T;M;D;O
X 15/08/2012;N;D;T;M;D;O
J 16/08/2012;D;M;N;T;D;O
V 17/08/2012;D;M;N;T;D;O
S 18/08/2012;D;T;D;N;M;D
D 19/08/2012;D;T;D;N;M;D
L 20/08/2012;O;N;D;D;T;M
M 21/08/2012;O;N;D;D;T;M
X 22/08/2012;O;D;M;D;N;T
J 23/08/2012;O;D;M;D;N;T
V 24/08/2012;O;D;T;M;D;N
S 25/08/2012;D;D;T;M;D;N
D 26/08/2012;D;M;N;T;D;D
L 27/08/2012;O;M;N;T;D;D
M 28/08/2012;O;T;D;N;M;D
X 29/08/2012;O;T;D;N;M;D
J 30/08/2012;O;N;D;D;T;M
V 31/08/2012;O;N;D;D;T;M
S 01/09/2012;D;D;M;D;N;T
D 02/09/2012;D;D;M;D;N;T
L 03/09/2012;O;D;T;M;D;N
M 04/09/2012;O;O;T;M;D;N
X 05/09/2012;O;M;N;T;D;D
J 06/09/2012;O;M;N;T;O;D
V 07/09/2012;O;T;D;N;M;D
S 08/09/2012;D;T;D;N;M;D
D 09/09/2012;D;N;D;D;T;M
L 10/09/2012;O;N;D;D;T;M
M 11/09/2012;O;D;M;D;N;T
X 12/09/2012;O;D;M;O;N;T
J 13/09/2012;O;D;T;M;D;N
V 14/09/2012;O;O;T;M;D;N
S 15/09/2012;D;M;N;T;D;D
D 16/09/2012;D;M;N;T;D;D
L 17/09/2012;M;T;D;N;O;D
M 18/09/2012;M;T;D;N;O;O
X 19/09/2012;T;N;D;D;O;M
J 20/09/2012;T;N;D;D;O;M
V 21/09/2012;N;D;M;D;O;T
S 22/09/2012;N;D;M;D;D;T
D 23/09/2012;D;D;T;M;D;N
L 24/09/2012;D;O;T;M;O;N
M 25/09/2012;D;M;N;T;O;D
X 26/09/2012;O;M;N;T;O;D
J 27/09/2012;M;T;D;N;O;D
V 28/09/2012;M;T;D;N;O;O
S 29/09/2012;T;N;D;D;D;M
D 30/09/2012;T;N;D;D;D;M
L 01/10/2012;N;D;M;D;O;T
M 02/10/2012;N;D;M;O;O;T
X 03/10/2012;D;D;T;M;O;N
J 04/10/2012;D;O;T;M;O;N
V 05/10/2012;D;M;N;T;O;D
S 06/10/2012;D;M;N;T;D;D
D 07/10/2012;M;T;D;N;D;D
L 08/10/2012;M;T;D;N;O;O
M 09/10/2012;T;N;D;D;O;M
X 10/10/2012;T;N;O;D;O;M
J 11/10/2012;N;D;M;D;O;T
V 12/10/2012;N;D;M;O;O;T
S 13/10/2012;D;D;T;M;D;N
D 14/10/2012;D;D;T;M;D;N
L 15/10/2012;D;O;N;T;M;D
M 16/10/2012;D;O;N;T;M;D
X 17/10/2012;M;O;D;N;T;D
J 18/10/2012;M;O;D;N;T;D
V 19/10/2012;T;O;D;D;N;M
S 20/10/2012;T;D;D;D;N;M
D 21/10/2012;N;D;M;D;D;T
L 22/10/2012;N;O;M;D;D;T
M 23/10/2012;D;O;T;M;D;N
X 24/10/2012;D;O;T;M;D;N
J 25/10/2012;D;O;N;T;M;D
V 26/10/2012;D;O;N;T;M;D
S 27/10/2012;M;D;D;N;T;D
D 28/10/2012;M;D;D;N;T;D
L 29/10/2012;T;M;D;D;N;O
M 30/10/2012;T;M;D;D;N;O
X 31/10/2012;N;T;M;D;D;O
J 01/11/2012;N;T;M;D;D;O
V 02/11/2012;D;N;T;M;D;O
S 03/11/2012;D;N;T;M;D;D
D 04/11/2012;D;D;N;T;M;D
L 05/11/2012;D;D;N;T;M;O
M 06/11/2012;M;D;D;N;T;O
X 07/11/2012;M;D;D;N;T;O
J 08/11/2012;T;M;D;D;N;O
V 09/11/2012;T;M;D;D;N;O
S 10/11/2012;N;T;M;D;D;D
D 11/11/2012;N;T;M;D;D;D
L 12/11/2012;D;N;T;O;D;M
M 13/11/2012;D;N;T;O;D;M
X 14/11/2012;D;D;N;O;M;T
J 15/11/2012;D;D;N;O;M;T
V 16/11/2012;M;D;D;O;T;N
S 17/11/2012;M;D;D;D;T;N
D 18/11/2012;T;M;D;D;N;D
L 19/11/2012;T;M;D;O;N;D
M 20/11/2012;N;T;M;O;D;D
X 21/11/2012;N;T;M;O;D;D
J 22/11/2012;D;N;T;O;D;M
V 23/11/2012;D;N;T;O;D;M
S 24/11/2012;D;D;N;D;M;T
D 25/11/2012;D;D;N;D;M;T
L 26/11/2012;O;D;D;M;T;N
M 27/11/2012;O;D;D;M;T;N
X 28/11/2012;O;M;D;T;N;D
J 29/11/2012;O;M;D;T;N;D
V 30/11/2012;O;T;M;N;D;D
S 01/12/2012;D;T;M;N;D;D
D 02/12/2012;D;N;T;D;D;M
L 03/12/2012;O;N;T;D;D;M
M 04/12/2012;O;D;N;D;M;T
X 05/12/2012;O;D;N;D;M;T
J 06/12/2012;O;D;D;M;T;N
V 07/12/2012;O;D;D;M;T;N
S 08/12/2012;D;M;D;T;N;D
D 09/12/2012;D;M;D;T;N;D
L 10/12/2012;M;T;O;N;D;D
M 11/12/2012;M;T;O;N;D;D
X 12/12/2012;T;N;O;D;D;M
J 13/12/2012;T;N;O;D;D;M
V 14/12/2012;N;D;O;D;M;T
S 15/12/2012;N;D;D;D;M;T
D 16/12/2012;D;D;D;M;T;N
L 17/12/2012;D;D;O;M;T;N
M 18/12/2012;D;M;O;T;N;D
X 19/12/2012;D;M;O;T;N;D
J 20/12/2012;M;T;O;N;D;D
V 21/12/2012;M;T;O;N;D;D
S 22/12/2012;T;N;D;D;D;M
D 23/12/2012;T;N;D;D;D;M
L 24/12/2012;N;D;M;D;O;T
M 25/12/2012;N;D;M;D;O;T
X 26/12/2012;D;D;T;M;O;N
J 27/12/2012;D;D;T;M;O;N
V 28/12/2012;D;M;N;T;O;D
S 29/12/2012;D;M;N;T;D;D
D 30/12/2012;M;T;D;N;D;D
L 31/12/2012;M;T;D;N;O;D
M 01/01/2013;T;N;D;D;O;M
X 02/01/2013;T;N;D;D;O;M
J 03/01/2013;N;D;M;D;O;T
V 04/01/2013;N;D;M;D;O;T
S 05/01/2013;D;D;T;M;D;N
D 06/01/2013;D;D;T;M;D;N
L 07/01/2013;D;O;N;T;M;D
M 08/01/2013;D;O;N;T;M;D
X 09/01/2013;M;O;D;N;T;D
J 10/01/2013;M;O;D;N;T;D
V 11/01/2013;T;O;D;D;N;M
S 12/01/2013;T;D;D;D;N;M
D 13/01/2013;N;D;M;D;D;T
L 14/01/2013;N;O;M;D;D;T
M 15/01/2013;D;O;T;M;D;N
X 16/01/2013;D;O;T;M;D;N
J 17/01/2013;D;O;N;T;M;D
V 18/01/2013;D;O;N;T;M;D
S 19/01/2013;M;D;D;N;T;D
D 20/01/2013;M;D;D;N;T;D
L 21/01/2013;T;M;D;D;N;O
M 22/01/2013;T;M;D;D;N;O
X 23/01/2013;N;T;M;D;D;O
J 24/01/2013;N;T;M;D;D;O
V 25/01/2013;D;N;T;M;D;O
S 26/01/2013;D;N;T;M;D;D
D 27/01/2013;D;D;N;T;M;D
L 28/01/2013;D;D;N;T;M;O
M 29/01/2013;M;D;D;N;T;O
X 30/01/2013;M;D;D;N;T;O
J 31/01/2013;T;M;D;D;N;O
V 01/02/2013;T;M;D;D;N;O
S 02/02/2013;N;T;M;D;D;D
D 03/02/2013;N;T;M;D;D;D
L 04/02/2013;D;N;T;O;D;M
M 05/02/2013;D;N;T;O;D;M
X 06/02/2013;D;D;N;O;M;T
J 07/02/2013;D;D;N;O;M;T
V 08/02/2013;M;D;D;O;T;N
S 09/02/2013;M;D;D;D;T;N
D 10/02/2013;T;M;D;D;N;D
L 11/02/2013;T;M;D;O;N;D
M 12/02/2013;N;T;M;O;D;D
X 13/02/2013;N;T;M;O;D;D
J 14/02/2013;D;N;T;O;D;M
V 15/02/2013;D;N;T;O;D;M
S 16/02/2013;D;D;N;D;M;T
D 17/02/2013;D;D;N;D;M;T
L 18/02/2013;O;D;D;M;T;N
M 19/02/2013;O;D;D;M;T;N
X 20/02/2013;O;M;D;T;N;D
J 21/02/2013;O;M;D;T;N;D
V 22/02/2013;O;T;M;N;D;D
S 23/02/2013;D;T;M;N;D;D
D 24/02/2013;D;N;T;D;D;M
L 25/02/2013;O;N;T;D;D;M
M 26/02/2013;O;D;N;D;M;T
X 27/02/2013;O;D;N;D;M;T
J 28/02/2013;O;D;D;M;T;N
V 01/03/2013;O;D;D;M;T;N
S 02/03/2013;D;M;D;T;N;D
D 03/03/2013;D;M;D;T;N;D
L 04/03/2013;M;T;O;N;D;D
M 05/03/2013;M;T;O;N;D;D
X 06/03/2013;T;N;O;D;D;M
J 07/03/2013;T;N;O;D;D;M
V 08/03/2013;N;D;O;D;M;T
S 09/03/2013;N;D;D;D;M;T
D 10/03/2013;D;D;D;M;T;N
L 11/03/2013;D;D;O;M;T;N
M 12/03/2013;D;M;O;T;N;D
X 13/03/2013;D;M;O;T;N;D
J 14/03/2013;M;T;O;N;D;D
V 15/03/2013;M;T;O;N;D;D
S 16/03/2013;T;N;D;D;D;M
D 17/03/2013;T;N;D;D;D;M
L 18/03/2013;N;D;M;D;O;T
M 19/03/2013;N;D;M;D;O;T
X 20/03/2013;D;D;T;M;O;N
J 21/03/2013;D;D;T;M;O;N
V 22/03/2013;D;M;N;T;O;D
S 23/03/2013;D;M;N;T;D;D
D 24/03/2013;M;T;D;N;D;D
L 25/03/2013;M;T;D;N;O;D
M 26/03/2013;T;N;D;D;O;M
X 27/03/2013;T;N;D;D;O;M
J 28/03/2013;N;D;M;D;O;T
V 29/03/2013;N;D;M;D;O;T
S 30/03/2013;D;D;T;M;D;N
D 31/03/2013;D;D;T;M;D;N
L 01/04/2013;D;O;N;T;M;D
M 02/04/2013;D;O;N;T;M;D
X 03/04/2013;M;O;D;N;T;D
J 04/04/2013;M;O;D;N;T;D
V 05/04/2013;T;O;D;D;N;M
S 06/04/2013;T;D;D;D;N;M
D 07/04/2013;N;D;M;D;D;T
L 08/04/2013;N;O;M;D;D;T
M 09/04/2013;D;O;T;M;D;N
X 10/04/2013;D;O;T;M;D;N
J 11/04/2013;D;O;N;T;M;D
V 12/04/2013;D;O;N;T;M;D
S 13/04/2013;M;D;D;N;T;D
D 14/04/2013;M;D;D;N;T;D
L 15/04/2013;T;M;D;D;N;O
M 16/04/2013;T;M;D;D;N;O
X 17/04/2013;N;T;M;D;D;O
J 18/04/2013;N;T;M;D;D;O
V 19/04/2013;D;N;T;M;D;O
S 20/04/2013;D;N;T;M;D;D
D 21/04/2013;D;D;N;T;M;D
L 22/04/2013;D;D;N;T;M;O
M 23/04/2013;M;D;D;N;T;O
X 24/04/2013;M;D;D;N;T;O
J 25/04/2013;T;M;D;D;N;O
V 26/04/2013;T;M;D;D;N;O
S 27/04/2013;N;T;M;D;D;D
D 28/04/2013;N;T;M;D;D;D
L 29/04/2013;D;N;T;O;D;M
M 30/04/2013;D;N;T;O;O;M
X 01/05/2013;D;D;N;O;M;T
J 02/05/2013;O;D;N;O;M;T
V 03/05/2013;M;D;D;O;T;N
S 04/05/2013;M;D;D;D;T;N
D 05/05/2013;T;M;D;D;N;D
L 06/05/2013;T;M;O;O;N;D
M 07/05/2013;N;T;M;O;D;D
X 08/05/2013;N;T;M;O;D;O
J 09/05/2013;D;N;T;O;D;M
V 10/05/2013;D;N;T;O;O;M
S 11/05/2013;D;D;N;D;M;T
D 12/05/2013;D;D;N;D;M;T
L 13/05/2013;M;D;D;O;T;N
M 14/05/2013;M;O;D;O;T;N
X 15/05/2013;T;M;D;O;N;D
J 16/05/2013;T;M;O;O;N;D
V 17/05/2013;N;T;M;O;D;D
S 18/05/2013;N;T;M;D;D;D
D 19/05/2013;D;N;T;D;D;M
L 20/05/2013;D;N;T;O;O;M
M 21/05/2013;D;D;N;O;M;T
X 22/05/2013;O;D;N;O;M;T
J 23/05/2013;M;D;D;O;T;N
V 24/05/2013;M;O;D;O;T;N
S 25/05/2013;T;M;D;D;N;D
D 26/05/2013;T;M;D;D;N;D
L 27/05/2013;N;T;O;M;D;D
M 28/05/2013;N;T;O;M;D;O
X 29/05/2013;D;N;O;T;D;M
J 30/05/2013;D;N;O;T;D;M
V 31/05/2013;D;D;O;N;M;T
S 01/06/2013;D;D;D;N;M;T
D 02/06/2013;M;D;D;D;T;N
L 03/06/2013;M;O;O;D;T;N
M 04/06/2013;T;M;O;D;N;D
X 05/06/2013;T;M;O;O;N;D
J 06/06/2013;N;T;O;M;D;D
V 07/06/2013;N;T;O;M;D;D
S 08/06/2013;D;N;D;T;D;M
D 09/06/2013;D;N;D;T;D;M
L 10/06/2013;D;D;O;N;M;T
M 11/06/2013;O;D;O;N;M;T
X 12/06/2013;M;D;O;D;T;N
J 13/06/2013;M;D;O;D;T;N
V 14/06/2013;T;M;O;D;N;D
S 15/06/2013;T;M;D;D;N;D
D 16/06/2013;N;T;D;M;D;D
L 17/06/2013;N;T;O;M;D;O
M 18/06/2013;D;N;O;T;D;M
X 19/06/2013;D;N;O;T;O;M
J 20/06/2013;D;D;O;N;M;T
V 21/06/2013;O;D;O;N;M;T
S 22/06/2013;M;D;D;D;T;N
D 23/06/2013;M;D;D;D;T;N
L 24/06/2013;T;O;M;D;N;D
M 25/06/2013;T;O;M;O;N;D
X 26/06/2013;N;O;T;M;D;D
J 27/06/2013;N;O;T;M;D;O
V 28/06/2013;D;O;N;T;D;M
S 29/06/2013;D;D;N;T;D;M
D 30/06/2013;D;D;D;N;M;T
L 01/07/2013;D;O;D;N;M;T
M 02/07/2013;M;O;D;D;T;N
X 03/07/2013;M;O;O;D;T;N
J 04/07/2013;T;O;M;D;N;D
V 05/07/2013;T;O;M;O;N;D
S 06/07/2013;N;D;T;M;D;D
D 07/07/2013;N;D;T;M;D;D
L 08/07/2013;D;O;N;T;D;M
M 09/07/2013;D;O;N;T;D;M
X 10/07/2013;D;O;D;N;M;T
J 11/07/2013;D;O;D;N;M;T
V 12/07/2013;M;O;D;D;T;N
S 13/07/2013;M;D;D;D;T;N
D 14/07/2013;T;D;M;D;N;D
L 15/07/2013;T;O;M;D;N;D
M 16/07/2013;N;O;T;M;D;D
X 17/07/2013;N;O;T;M;D;D
J 18/07/2013;D;O;N;T;D;M
V 19/07/2013;D;O;N;T;D;M
S 20/07/2013;D;D;D;N;M;T
D 21/07/2013;D;D;D;N;M;T
L 22/07/2013;O;M;D;D;T;N
M 23/07/2013;O;M;D;D;T;N
X 24/07/2013;O;T;M;D;N;D
J 25/07/2013;O;T;M;D;N;D
V 26/07/2013;O;N;T;M;D;D
S 27/07/2013;D;N;T;M;D;D
D 28/07/2013;D;D;N;T;D;M
L 29/07/2013;O;D;N;T;D;M
M 30/07/2013;O;D;D;N;M;T
X 31/07/2013;O;D;D;N;M;T
J 01/08/2013;O;M;D;D;T;N
V 02/08/2013;O;M;D;D;T;N
S 03/08/2013;D;T;M;D;N;D
D 04/08/2013;D;T;M;D;N;D
L 05/08/2013;O;N;T;M;D;D
M 06/08/2013;O;N;T;M;D;D
X 07/08/2013;O;D;N;T;D;M
J 08/08/2013;O;D;N;T;D;M
V 09/08/2013;O;D;D;N;M;T
S 10/08/2013;D;D;D;N;M;T
D 11/08/2013;D;M;D;D;T;N
L 12/08/2013;O;M;D;D;T;N
M 13/08/2013;O;T;M;D;N;D
X 14/08/2013;O;T;M;D;N;D
J 15/08/2013;O;N;T;M;D;D
V 16/08/2013;O;N;T;M;D;D
S 17/08/2013;D;D;N;T;D;M
D 18/08/2013;D;D;N;T;D;M
L 19/08/2013;M;D;D;N;O;T
M 20/08/2013;M;D;D;N;O;T
X 21/08/2013;T;M;D;D;O;N
J 22/08/2013;T;M;D;D;O;N
V 23/08/2013;N;T;M;D;O;D
S 24/08/2013;N;T;M;D;D;D
D 25/08/2013;D;N;T;M;D;D
L 26/08/2013;D;N;T;M;O;D
M 27/08/2013;D;D;N;T;O;M
X 28/08/2013;D;D;N;T;O;M
J 29/08/2013;M;D;D;N;O;T
V 30/08/2013;M;D;D;N;O;T
S 31/08/2013;T;M;D;D;D;N
D 01/09/2013;T;M;D;D;D;N
L 02/09/2013;N;T;M;D;O;D
M 03/09/2013;N;T;M;O;O;D
X 04/09/2013;D;N;T;M;O;D
J 05/09/2013;D;N;T;M;O;O
V 06/09/2013;D;D;N;T;O;M
S 07/09/2013;D;D;N;T;D;M
D 08/09/2013;M;D;D;N;D;T
L 09/09/2013;M;O;D;N;O;T
M 10/09/2013;T;M;D;D;O;N
X 11/09/2013;T;M;O;D;O;N
J 12/09/2013;N;T;M;D;O;D
V 13/09/2013;N;T;M;O;O;D
S 14/09/2013;D;N;T;M;D;D
D 15/09/2013;D;N;T;M;D;D
L 16/09/2013;D;D;N;T;M;O
M 17/09/2013;O;D;N;T;M;O
X 18/09/2013;M;D;D;N;T;O
J 19/09/2013;M;O;D;N;T;O
V 20/09/2013;T;M;D;D;N;O
S 21/09/2013;T;M;D;D;N;D
D 22/09/2013;N;T;M;D;D;D
L 23/09/2013;N;T;M;O;D;O
M 24/09/2013;D;N;T;M;D;O
X 25/09/2013;D;N;T;M;O;O
J 26/09/2013;D;D;N;T;M;O
V 27/09/2013;O;D;N;T;M;O
S 28/09/2013;M;D;D;N;T;D
D 29/09/2013;M;D;D;N;T;D
L 30/09/2013;T;M;D;D;N;O
M 01/10/2013;T;M;O;D;N;O
X 02/10/2013;N;T;M;D;D;O
J 03/10/2013;N;T;M;O;D;O
V 04/10/2013;D;N;T;M;D;O
S 05/10/2013;D;N;T;M;D;D
D 06/10/2013;D;D;N;T;M;D
L 07/10/2013;O;D;N;T;M;O
M 08/10/2013;M;D;D;N;T;O
X 09/10/2013;M;O;D;N;T;O
J 10/10/2013;T;M;D;D;N;O
V 11/10/2013;T;M;O;D;N;O
S 12/10/2013;N;T;M;D;D;D
D 13/10/2013;N;T;M;D;D;D
L 14/10/2013;D;N;T;O;D;M
M 15/10/2013;D;N;T;O;D;M
X 16/10/2013;D;D;N;O;M;T
J 17/10/2013;D;D;N;O;M;T
V 18/10/2013;M;D;D;O;T;N
S 19/10/2013;M;D;D;D;T;N
D 20/10/2013;T;M;D;D;N;D
L 21/10/2013;T;M;D;O;N;D
M 22/10/2013;N;T;M;O;D;D
X 23/10/2013;N;T;M;O;D;D
J 24/10/2013;D;N;T;O;D;M
V 25/10/2013;D;N;T;O;D;M
S 26/10/2013;D;D;N;D;M;T
D 27/10/2013;D;D;N;D;M;T
L 28/10/2013;O;D;D;M;T;N
M 29/10/2013;O;D;D;M;T;N
X 30/10/2013;O;M;D;T;N;D
J 31/10/2013;O;M;D;T;N;D
V 01/11/2013;O;T;M;N;D;D
S 02/11/2013;D;T;M;N;D;D
D 03/11/2013;D;N;T;D;D;M
L 04/11/2013;O;N;T;D;D;M
M 05/11/2013;O;D;N;D;M;T
X 06/11/2013;O;D;N;D;M;T
J 07/11/2013;O;D;D;M;T;N
V 08/11/2013;O;D;D;M;T;N
S 09/11/2013;D;M;D;T;N;D
D 10/11/2013;D;M;D;T;N;D
L 11/11/2013;M;T;O;N;D;D
M 12/11/2013;M;T;O;N;D;D
X 13/11/2013;T;N;O;D;D;M
J 14/11/2013;T;N;O;D;D;M
V 15/11/2013;N;D;O;D;M;T
S 16/11/2013;N;D;D;D;M;T
D 17/11/2013;D;D;D;M;T;N
L 18/11/2013;D;D;O;M;T;N
M 19/11/2013;D;M;O;T;N;D
X 20/11/2013;D;M;O;T;N;D
J 21/11/2013;M;T;O;N;D;D
V 22/11/2013;M;T;O;N;D;D
S 23/11/2013;T;N;D;D;D;M
D 24/11/2013;T;N;D;D;D;M
L 25/11/2013;N;D;M;D;O;T
M 26/11/2013;N;D;M;D;O;T
X 27/11/2013;D;D;T;M;O;N
J 28/11/2013;D;D;T;M;O;N
V 29/11/2013;D;M;N;T;O;D
S 30/11/2013;D;M;N;T;D;D
D 01/12/2013;M;T;D;N;D;D
L 02/12/2013;M;T;D;N;O;D
M 03/12/2013;T;N;D;D;O;M
X 04/12/2013;T;N;D;D;O;M
J 05/12/2013;N;D;M;D;O;T
V 06/12/2013;N;D;M;D;O;T
S 07/12/2013;D;D;T;M;D;N
D 08/12/2013;D;D;T;M;D;N
L 09/12/2013;D;O;N;T;M;D
M 10/12/2013;D;O;N;T;M;D
X 11/12/2013;M;O;D;N;T;D
J 12/12/2013;M;O;D;N;T;D
V 13/12/2013;T;O;D;D;N;M
S 14/12/2013;T;D;D;D;N;M
D 15/12/2013;N;D;M;D;D;T
L 16/12/2013;N;O;M;D;D;T
M 17/12/2013;D;O;T;M;D;N
X 18/12/2013;D;O;T;M;D;N
J 19/12/2013;D;O;N;T;M;D
V 20/12/2013;D;O;N;T;M;D
S 21/12/2013;M;D;D;N;T;D
D 22/12/2013;M;D;D;N;T;D
L 23/12/2013;T;M;D;D;N;O
M 24/12/2013;T;M;D;D;N;O
X 25/12/2013;N;T;M;D;D;O
J 26/12/2013;N;T;M;D;D;O
V 27/12/2013;D;N;T;M;D;O
S 28/12/2013;D;N;T;M;D;D
D 29/12/2013;D;D;N;T;M;D
L 30/12/2013;D;D;N;T;M;O
M 31/12/2013;M;D;D;N;T;O
X 01/01/2014;M;D;D;N;T;O
J 02/01/2014;T;M;D;D;N;O
V 03/01/2014;T;M;D;D;N;O
S 04/01/2014;N;T;M;D;D;D
D 05/01/2014;N;T;M;D;D;D
L 06/01/2014;D;N;T;O;D;M
M 07/01/2014;D;N;T;O;D;M
X 08/01/2014;D;D;N;O;M;T
J 09/01/2014;D;D;N;O;M;T
V 10/01/2014;M;D;D;O;T;N
S 11/01/2014;M;D;D;D;T;N
D 12/01/2014;T;M;D;D;N;D
L 13/01/2014;T;M;D;O;N;D
M 14/01/2014;N;T;M;O;D;D
X 15/01/2014;N;T;M;O;D;D
J 16/01/2014;D;N;T;O;D;M
V 17/01/2014;D;N;T;O;D;M
S 18/01/2014;D;D;N;D;M;T
D 19/01/2014;D;D;N;D;M;T
L 20/01/2014;O;D;D;M;T;N
M 21/01/2014;O;D;D;M;T;N
X 22/01/2014;O;M;D;T;N;D
J 23/01/2014;O;M;D;T;N;D
V 24/01/2014;O;T;M;N;D;D
S 25/01/2014;D;T;M;N;D;D
D 26/01/2014;D;N;T;D;D;M
L 27/01/2014;O;N;T;D;D;M
M 28/01/2014;O;D;N;D;M;T
X 29/01/2014;O;D;N;D;M;T
J 30/01/2014;O;D;D;M;T;N
V 31/01/2014;O;D;D;M;T;N
S 01/02/2014;D;M;D;T;N;D
D 02/02/2014;D;M;D;T;N;D
L 03/02/2014;M;T;O;N;D;D
M 04/02/2014;M;T;O;N;D;D
X 05/02/2014;T;N;O;D;D;M
J 06/02/2014;T;N;O;D;D;M
V 07/02/2014;N;D;O;D;M;T
S 08/02/2014;N;D;D;D;M;T
D 09/02/2014;D;D;D;M;T;N
L 10/02/2014;D;D;O;M;T;N
M 11/02/2014;D;M;O;T;N;D
X 12/02/2014;D;M;O;T;N;D
J 13/02/2014;M;T;O;N;D;D
V 14/02/2014;M;T;O;N;D;D
S 15/02/2014;T;N;D;D;D;M
D 16/02/2014;T;N;D;D;D;M
L 17/02/2014;N;D;M;D;O;T
M 18/02/2014;N;D;M;D;O;T
X 19/02/2014;D;D;T;M;O;N
J 20/02/2014;D;D;T;M;O;N
V 21/02/2014;D;M;N;T;O;D
S 22/02/2014;D;M;N;T;D;D
D 23/02/2014;M;T;D;N;D;D
L 24/02/2014;M;T;D;N;O;D
M 25/02/2014;T;N;D;D;O;M
X 26/02/2014;T;N;D;D;O;M
J 27/02/2014;N;D;M;D;O;T
V 28/02/2014;N;D;M;D;O;T
S 01/03/2014;D;D;T;M;D;N
D 02/03/2014;D;D;T;M;D;N
L 03/03/2014;D;O;N;T;M;D
M 04/03/2014;D;O;N;T;M;D
X 05/03/2014;M;O;D;N;T;D
J 06/03/2014;M;O;D;N;T;D
V 07/03/2014;T;O;D;D;N;M
S 08/03/2014;T;D;D;D;N;M
D 09/03/2014;N;D;M;D;D;T
L 10/03/2014;N;O;M;D;D;T
M 11/03/2014;D;O;T;M;D;N
X 12/03/2014;D;O;T;M;D;N
J 13/03/2014;D;O;N;T;M;D
V 14/03/2014;D;O;N;T;M;D
S 15/03/2014;M;D;D;N;T;D
D 16/03/2014;M;D;D;N;T;D
L 17/03/2014;T;M;D;D;N;O
M 18/03/2014;T;M;D;D;N;O
X 19/03/2014;N;T;M;D;D;O
J 20/03/2014;N;T;M;D;D;O
V 21/03/2014;D;N;T;M;D;O
S 22/03/2014;D;N;T;M;D;D
D 23/03/2014;D;D;N;T;M;D
L 24/03/2014;D;D;N;T;M;O
M 25/03/2014;M;D;D;N;T;O
X 26/03/2014;M;D;D;N;T;O
J 27/03/2014;T;M;D;D;N;O
V 28/03/2014;T;M;D;D;N;O
S 29/03/2014;N;T;M;D;D;D
D 30/03/2014;N;T;M;D;D;D
L 31/03/2014;D;N;T;O;D;M
M 01/04/2014;D;N;T;O;D;M
X 02/04/2014;D;D;N;O;M;T
J 03/04/2014;D;D;N;O;M;T
V 04/04/2014;M;D;D;O;T;N
S 05/04/2014;M;D;D;D;T;N
D 06/04/2014;T;M;D;D;N;D
L 07/04/2014;T;M;D;O;N;D
M 08/04/2014;N;T;M;O;D;D
X 09/04/2014;N;T;M;O;D;D
J 10/04/2014;D;N;T;O;D;M
V 11/04/2014;D;N;T;O;D;M
S 12/04/2014;D;D;N;D;M;T
D 13/04/2014;D;D;N;D;M;T
L 14/04/2014;O;D;D;M;T;N
M 15/04/2014;O;D;D;M;T;N
X 16/04/2014;O;M;D;T;N;D
J 17/04/2014;O;M;D;T;N;D
V 18/04/2014;O;T;M;N;D;D
S 19/04/2014;D;T;M;N;D;D
D 20/04/2014;D;N;T;D;D;M
L 21/04/2014;O;N;T;D;D;M
M 22/04/2014;O;D;N;D;M;T
X 23/04/2014;O;D;N;D;M;T
J 24/04/2014;O;D;D;M;T;N
V 25/04/2014;O;D;D;M;T;N
S 26/04/2014;D;M;D;T;N;D
D 27/04/2014;D;M;D;T;N;D
L 28/04/2014;M;T;O;N;D;D
M 29/04/2014;M;T;O;N;D;D
X 30/04/2014;T;N;O;D;D;M
J 01/05/2014;T;N;O;D;D;M
V 02/05/2014;N;D;O;D;M;T
S 03/05/2014;N;D;D;D;M;T
D 04/05/2014;D;D;D;M;T;N
L 05/05/2014;D;D;O;M;T;N
M 06/05/2014;D;M;O;T;N;D
X 07/05/2014;D;M;O;T;N;D
J 08/05/2014;M;T;O;N;D;D
V 09/05/2014;M;T;O;N;D;D
S 10/05/2014;T;N;D;D;D;M
D 11/05/2014;T;N;D;D;D;M
L 12/05/2014;N;D;M;D;O;T
M 13/05/2014;N;D;M;D;O;T
X 14/05/2014;D;D;T;M;O;N
J 15/05/2014;D;D;T;M;O;N
V 16/05/2014;D;M;N;T;O;D
S 17/05/2014;D;M;N;T;D;D
D 18/05/2014;M;T;D;N;D;D
L 19/05/2014;M;T;D;N;O;D
M 20/05/2014;T;N;D;D;O;M
X 21/05/2014;T;N;D;D;O;M
J 22/05/2014;N;D;M;D;O;T
V 23/05/2014;N;D;M;D;O;T
S 24/05/2014;D;D;T;M;D;N
D 25/05/2014;D;D;T;M;D;N
L 26/05/2014;D;M;N;T;O;D
M 27/05/2014;D;M;N;T;O;D
X 28/05/2014;M;T;D;N;O;D
J 29/05/2014;M;T;D;N;O;D
V 30/05/2014;T;N;D;D;O;M
S 31/05/2014;T;N;D;D;D;M
D 01/06/2014;N;D;M;D;D;T
L 02/06/2014;N;D;M;D;O;T
M 03/06/2014;D;D;T;M;O;N
X 04/06/2014;D;D;T;M;O;N
J 05/06/2014;D;M;N;T;O;D
V 06/06/2014;D;M;N;T;O;D
S 07/06/2014;M;T;D;N;D;D
D 08/06/2014;M;T;D;N;D;D
L 09/06/2014;T;N;D;D;M;O
M 10/06/2014;T;N;D;D;M;O
X 11/06/2014;N;D;M;D;T;O
J 12/06/2014;N;D;M;D;T;O
V 13/06/2014;D;D;T;M;N;O
S 14/06/2014;D;D;T;M;N;D
D 15/06/2014;D;M;N;T;D;D
L 16/06/2014;D;M;N;T;D;O
M 17/06/2014;M;T;D;N;D;O
X 18/06/2014;M;T;D;N;D;O
J 19/06/2014;T;N;D;D;M;O
V 20/06/2014;T;N;D;D;M;O
S 21/06/2014;N;D;M;D;T;D
D 22/06/2014;N;D;M;D;T;D
L 23/06/2014;D;D;T;M;N;O
M 24/06/2014;D;D;T;M;N;O
X 25/06/2014;D;M;N;T;D;O
J 26/06/2014;D;M;N;T;D;O
V 27/06/2014;M;T;D;N;D;O
S 28/06/2014;M;T;D;N;D;D
D 29/06/2014;T;N;D;D;M;D
L 30/06/2014;T;N;D;D;M;O
M 01/07/2014;N;D;M;D;T;O
X 02/07/2014;N;D;M;D;T;O
J 03/07/2014;D;D;T;M;N;O
V 04/07/2014;D;D;T;M;N;O
S 05/07/2014;D;M;N;T;D;D
D 06/07/2014;D;M;N;T;D;D
L 07/07/2014;O;T;D;N;D;M
M 08/07/2014;O;T;D;N;D;M
X 09/07/2014;O;N;D;D;M;T
J 10/07/2014;O;N;D;D;M;T
V 11/07/2014;O;D;M;D;T;N
S 12/07/2014;D;D;M;D;T;N
D 13/07/2014;D;D;T;M;N;D
L 14/07/2014;O;D;T;M;N;D
M 15/07/2014;O;M;N;T;D;D
X 16/07/2014;O;M;N;T;D;D
J 17/07/2014;O;T;D;N;D;M
V 18/07/2014;O;T;D;N;D;M
S 19/07/2014;D;N;D;D;M;T
D 20/07/2014;D;N;D;D;M;T
L 21/07/2014;O;D;M;D;T;N
M 22/07/2014;O;D;M;D;T;N
X 23/07/2014;O;D;T;M;N;D
J 24/07/2014;O;D;T;M;N;D
V 25/07/2014;O;M;N;T;D;D
S 26/07/2014;D;M;N;T;D;D
D 27/07/2014;D;T;D;N;D;M
L 28/07/2014;O;T;D;N;D;M
M 29/07/2014;O;N;D;D;M;T
X 30/07/2014;O;N;D;D;M;T
J 31/07/2014;O;D;M;D;T;N
V 01/08/2014;O;D;M;D;T;N
S 02/08/2014;D;D;T;M;N;D
D 03/08/2014;D;D;T;M;N;D
L 04/08/2014;M;O;N;T;D;D
M 05/08/2014;M;O;N;T;D;D
X 06/08/2014;T;O;D;N;D;M
J 07/08/2014;T;O;D;N;D;M
V 08/08/2014;N;O;D;D;M;T
S 09/08/2014;N;D;D;D;M;T
D 10/08/2014;D;D;M;D;T;N
L 11/08/2014;D;O;M;D;T;N
M 12/08/2014;D;O;T;M;N;D
X 13/08/2014;D;O;T;M;N;D
J 14/08/2014;M;O;N;T;D;D
V 15/08/2014;M;O;N;T;D;D
S 16/08/2014;T;D;D;N;D;M
D 17/08/2014;T;D;D;N;D;M
L 18/08/2014;N;O;D;D;M;T
M 19/08/2014;N;O;D;D;M;T
X 20/08/2014;D;O;M;D;T;N
J 21/08/2014;D;O;M;D;T;N
V 22/08/2014;D;O;T;M;N;D
S 23/08/2014;D;D;T;M;N;D
D 24/08/2014;M;D;N;T;D;D
L 25/08/2014;M;O;N;T;D;D
M 26/08/2014;T;O;D;N;D;M
X 27/08/2014;T;O;D;N;D;M
J 28/08/2014;N;O;D;D;M;T
V 29/08/2014;N;O;D;D;M;T
S 30/08/2014;D;D;M;D;T;N
D 31/08/2014;D;D;M;D;T;N
L 01/09/2014;D;M;T;O;N;D
M 02/09/2014;D;M;T;O;N;D
X 03/09/2014;M;T;N;O;D;D
J 04/09/2014;M;T;N;O;D;D
V 05/09/2014;T;N;D;O;D;M
S 06/09/2014;T;N;D;D;D;M
D 07/09/2014;N;D;D;D;M;T
L 08/09/2014;N;D;D;O;M;T
M 09/09/2014;D;D;M;O;T;N
X 10/09/2014;D;D;M;O;T;N
J 11/09/2014;D;M;T;O;N;D
V 12/09/2014;D;M;T;O;N;D
S 13/09/2014;M;T;N;D;D;D
D 14/09/2014;M;T;N;D;D;D
L 15/09/2014;T;N;D;O;D;M
M 16/09/2014;T;N;D;O;D;M
X 17/09/2014;N;D;D;O;M;T
J 18/09/2014;N;D;D;O;M;T
V 19/09/2014;D;D;M;O;T;N
S 20/09/2014;D;D;M;D;T;N
D 21/09/2014;D;M;T;D;N;D
L 22/09/2014;D;M;T;O;N;D
M 23/09/2014;M;T;N;O;D;D
X 24/09/2014;M;T;N;O;D;D
J 25/09/2014;T;N;D;O;D;M
V 26/09/2014;T;N;D;O;D;M
S 27/09/2014;N;D;D;D;M;T
D 28/09/2014;N;D;D;D;M;T
L 29/09/2014;D;D;O;M;T;N
M 30/09/2014;D;D;O;M;T;N
X 01/10/2014;D;M;O;T;N;D
J 02/10/2014;D;M;O;T;N;D
V 03/10/2014;M;T;O;N;D;D
S 04/10/2014;M;T;D;N;D;D
D 05/10/2014;T;N;D;D;D;M
L 06/10/2014;T;N;O;D;D;M
M 07/10/2014;N;D;O;D;M;T
X 08/10/2014;N;D;O;D;M;T
J 09/10/2014;D;D;O;M;T;N
V 10/10/2014;D;D;O;M;T;N
S 11/10/2014;D;M;D;T;N;D
D 12/10/2014;D;M;D;T;N;D
L 13/10/2014;M;T;O;N;D;D
M 14/10/2014;M;T;O;N;D;D
X 15/10/2014;T;N;O;D;D;M
J 16/10/2014;T;N;O;D;D;M
V 17/10/2014;N;D;O;D;M;T
S 18/10/2014;N;D;D;D;M;T
D 19/10/2014;D;D;D;M;T;N
L 20/10/2014;D;D;O;M;T;N
M 21/10/2014;D;M;O;T;N;D
X 22/10/2014;D;M;O;T;N;D
J 23/10/2014;M;T;O;N;D;D
V 24/10/2014;M;T;O;N;D;D
S 25/10/2014;T;N;D;D;D;M
D 26/10/2014;T;N;D;D;D;M
L 27/10/2014;N;D;M;D;O;T
M 28/10/2014;N;D;M;D;O;T
X 29/10/2014;D;D;T;M;O;N
J 30/10/2014;D;D;T;M;O;N
V 31/10/2014;D;M;N;T;O;D
S 01/11/2014;D;M;N;T;D;D
D 02/11/2014;M;T;D;N;D;D
L 03/11/2014;M;T;D;N;O;D
M 04/11/2014;T;N;D;D;O;M
X 05/11/2014;T;N;D;D;O;M
J 06/11/2014;N;D;M;D;O;T
V 07/11/2014;N;D;M;D;O;T
S 08/11/2014;D;D;T;M;D;N
D 09/11/2014;D;D;T;M;D;N
L 10/11/2014;D;O;N;T;M;D
M 11/11/2014;D;O;N;T;M;D
X 12/11/2014;M;O;D;N;T;D
J 13/11/2014;M;O;D;N;T;D
V 14/11/2014;T;O;D;D;N;M
S 15/11/2014;T;D;D;D;N;M
D 16/11/2014;N;D;M;D;D;T
L 17/11/2014;N;O;M;D;D;T
M 18/11/2014;D;O;T;M;D;N
X 19/11/2014;D;O;T;M;D;N
J 20/11/2014;D;O;N;T;M;D
V 21/11/2014;D;O;N;T;M;D
S 22/11/2014;M;D;D;N;T;D
D 23/11/2014;M;D;D;N;T;D
L 24/11/2014;T;M;D;D;N;O
M 25/11/2014;T;M;D;D;N;O
X 26/11/2014;N;T;M;D;D;O
J 27/11/2014;N;T;M;D;D;O
V 28/11/2014;D;N;T;M;D;O
S 29/11/2014;D;N;T;M;D;D
D 30/11/2014;D;D;N;T;M;D
L 01/12/2014;D;D;N;T;M;O
M 02/12/2014;M;D;D;N;T;O
X 03/12/2014;M;D;D;N;T;O
J 04/12/2014;T;M;D;D;N;O
V 05/12/2014;T;M;D;D;N;O
S 06/12/2014;N;T;M;D;D;D
D 07/12/2014;N;T;M;D;D;D
L 08/12/2014;D;N;T;O;D;M
M 09/12/2014;D;N;T;O;D;M
X 10/12/2014;D;D;N;O;M;T
J 11/12/2014;D;D;N;O;M;T
V 12/12/2014;M;D;D;O;T;N
S 13/12/2014;M;D;D;D;T;N
D 14/12/2014;T;M;D;D;N;D
L 15/12/2014;T;M;D;O;N;D
M 16/12/2014;N;T;M;O;D;D
X 17/12/2014;N;T;M;O;D;D
J 18/12/2014;D;N;T;O;D;M
V 19/12/2014;D;N;T;O;D;M
S 20/12/2014;D;D;N;D;M;T
D 21/12/2014;D;D;N;D;M;T
L 22/12/2014;O;D;D;M;T;N
M 23/12/2014;O;D;D;M;T;N
X 24/12/2014;O;M;D;T;N;D
J 25/12/2014;O;M;D;T;N;D
V 26/12/2014;O;T;M;N;D;D
S 27/12/2014;D;T;M;N;D;D
D 28/12/2014;D;N;T;D;D;M
L 29/12/2014;O;N;T;D;D;M
M 30/12/2014;O;D;N;D;M;T
X 31/12/2014;O;D;N;D;M;T
J 01/01/2015;O;D;D;M;T;N
V 02/01/2015;O;D;D;M;T;N
S 03/01/2015;D;M;D;T;N;D
D 04/01/2015;D;M;D;T;N;D
L 05/01/2015;M;T;O;N;D;D
M 06/01/2015;M;T;O;N;D;D
X 07/01/2015;T;N;O;D;D;M
J 08/01/2015;T;N;O;D;D;M
V 09/01/2015;N;D;O;D;M;T
S 10/01/2015;N;D;D;D;M;T
D 11/01/2015;D;D;D;M;T;N
L 12/01/2015;D;D;O;M;T;N
M 13/01/2015;D;M;O;T;N;D
X 14/01/2015;D;M;O;T;N;D
J 15/01/2015;M;T;O;N;D;D
V 16/01/2015;M;T;O;N;D;D
S 17/01/2015;T;N;D;D;D;M
D 18/01/2015;T;N;D;D;D;M
L 19/01/2015;N;D;M;D;O;T
M 20/01/2015;N;D;M;D;O;T
X 21/01/2015;D;D;T;M;O;N
J 22/01/2015;D;D;T;M;O;N
V 23/01/2015;D;M;N;T;O;D
S 24/01/2015;D;M;N;T;D;D
D 25/01/2015;M;T;D;N;D;D
L 26/01/2015;M;T;D;N;O;D
M 27/01/2015;T;N;D;D;O;M
X 28/01/2015;T;N;D;D;O;M
J 29/01/2015;N;D;M;D;O;T
V 30/01/2015;N;D;M;D;O;T
S 31/01/2015;D;D;T;M;D;N
D 01/02/2015;D;D;T;M;D;N
L 02/02/2015;D;O;N;T;M;D
M 03/02/2015;D;O;N;T;M;D
X 04/02/2015;M;O;D;N;T;D
J 05/02/2015;M;O;D;N;T;D
V 06/02/2015;T;O;D;D;N;M
S 07/02/2015;T;D;D;D;N;M
D 08/02/2015;N;D;M;D;D;T
L 09/02/2015;N;O;M;D;D;T
M 10/02/2015;D;O;T;M;D;N
X 11/02/2015;D;O;T;M;D;N
J 12/02/2015;D;O;N;T;M;D
V 13/02/2015;D;O;N;T;M;D
S 14/02/2015;M;D;D;N;T;D
D 15/02/2015;M;D;D;N;T;D
L 16/02/2015;T;M;D;D;N;O
M 17/02/2015;T;M;D;D;N;O
X 18/02/2015;N;T;M;D;D;O
J 19/02/2015;N;T;M;D;D;O
V 20/02/2015;D;N;T;M;D;O
S 21/02/2015;D;N;T;M;D;D
D 22/02/2015;D;D;N;T;M;D
L 23/02/2015;D;D;N;T;M;O
M 24/02/2015;M;D;D;N;T;O
X 25/02/2015;M;D;D;N;T;O
J 26/02/2015;T;M;D;D;N;O
V 27/02/2015;T;M;D;D;N;O
S 28/02/2015;N;T;M;D;D;D
D 01/03/2015;N;T;M;D;D;D
L 02/03/2015;D;N;T;O;D;M
M 03/03/2015;D;N;T;O;D;M
X 04/03/2015;D;D;N;O;M;T
J 05/03/2015;D;D;N;O;M;T
V 06/03/2015;M;D;D;O;T;N
S 07/03/2015;M;D;D;D;T;N
D 08/03/2015;T;M;D;D;N;D
L 09/03/2015;T;M;D;O;N;D
M 10/03/2015;N;T;M;O;D;D
X 11/03/2015;N;T;M;O;D;D
J 12/03/2015;D;N;T;O;D;M
V 13/03/2015;D;N;T;O;D;M
S 14/03/2015;D;D;N;D;M;T
D 15/03/2015;D;D;N;D;M;T
L 16/03/2015;O;D;D;M;T;N
M 17/03/2015;O;D;D;M;T;N
X 18/03/2015;O;M;D;T;N;D
J 19/03/2015;O;M;D;T;N;D
V 20/03/2015;O;T;M;N;D;D
S 21/03/2015;D;T;M;N;D;D
D 22/03/2015;D;N;T;D;D;M
L 23/03/2015;O;N;T;D;D;M
M 24/03/2015;O;D;N;D;M;T
X 25/03/2015;O;D;N;D;M;T
J 26/03/2015;O;D;D;M;T;N
V 27/03/2015;O;D;D;M;T;N
S 28/03/2015;D;M;D;T;N;D
D 29/03/2015;D;M;D;T;N;D
L 30/03/2015;M;T;O;N;D;D
M 31/03/2015;M;T;O;N;D;D
X 01/04/2015;T;N;O;D;D;M
J 02/04/2015;T;N;O;D;D;M
V 03/04/2015;N;D;O;D;M;T
S 04/04/2015;N;D;D;D;M;T
D 05/04/2015;D;D;D;M;T;N
L 06/04/2015;D;D;O;M;T;N
M 07/04/2015;D;M;O;T;N;D
X 08/04/2015;D;M;O;T;N;D
J 09/04/2015;M;T;O;N;D;D
V 10/04/2015;M;T;O;N;D;D
S 11/04/2015;T;N;D;D;D;M
D 12/04/2015;T;N;D;D;D;M
L 13/04/2015;N;D;M;D;O;T
M 14/04/2015;N;D;M;D;O;T
X 15/04/2015;D;D;T;M;O;N
J 16/04/2015;D;D;T;M;O;N
V 17/04/2015;D;M;N;T;O;D
S 18/04/2015;D;M;N;T;D;D
D 19/04/2015;M;T;D;N;D;D
L 20/04/2015;M;T;D;N;O;D
M 21/04/2015;T;N;D;D;O;M
X 22/04/2015;T;N;D;D;O;M
J 23/04/2015;N;D;M;D;O;T
V 24/04/2015;N;D;M;D;O;T
S 25/04/2015;D;D;T;M;D;N
D 26/04/2015;D;D;T;M;D;N
L 27/04/2015;D;O;N;T;M;D
M 28/04/2015;D;O;N;T;M;D
X 29/04/2015;M;O;D;N;T;D
J 30/04/2015;M;O;D;N;T;D
V 01/05/2015;T;O;D;D;N;M
S 02/05/2015;T;D;D;D;N;M
D 03/05/2015;N;D;M;D;D;T
L 04/05/2015;N;O;M;D;D;T
M 05/05/2015;D;O;T;M;D;N
X 06/05/2015;D;O;T;M;D;N
J 07/05/2015;D;O;N;T;M;D
V 08/05/2015;D;O;N;T;M;D
S 09/05/2015;M;D;D;N;T;D
D 10/05/2015;M;D;D;N;T;D
L 11/05/2015;T;M;D;D;N;O
M 12/05/2015;T;M;D;D;N;O
X 13/05/2015;N;T;M;D;D;O
J 14/05/2015;N;T;M;D;D;O
V 15/05/2015;D;N;T;M;D;O
S 16/05/2015;D;N;T;M;D;D
D 17/05/2015;D;D;N;T;M;D
L 18/05/2015;D;D;N;T;M;O
M 19/05/2015;M;D;D;N;T;O
X 20/05/2015;M;D;D;N;T;O
J 21/05/2015;T;M;D;D;N;O
V 22/05/2015;T;M;D;D;N;O
S 23/05/2015;N;T;M;D;D;D
D 24/05/2015;N;T;M;D;D;D
L 25/05/2015;D;N;T;M;D;O
M 26/05/2015;D;N;T;M;D;O
X 27/05/2015;D;D;N;T;M;O
J 28/05/2015;D;D;N;T;M;O
V 29/05/2015;M;D;D;N;T;O
S 30/05/2015;M;D;D;N;T;D
D 31/05/2015;T;M;D;D;N;D
L 01/06/2015;T;M;D;D;N;O
M 02/06/2015;N;T;M;D;D;O
X 03/06/2015;N;T;M;D;D;O
J 04/06/2015;D;N;T;M;D;O
V 05/06/2015;D;N;T;M;D;O
S 06/06/2015;D;D;N;T;M;D
D 07/06/2015;D;D;N;T;M;D
L 08/06/2015;O;D;D;N;T;M
M 09/06/2015;O;D;D;N;T;M
X 10/06/2015;O;M;D;D;N;T
J 11/06/2015;O;M;D;D;N;T
V 12/06/2015;O;T;M;D;D;N
S 13/06/2015;D;T;M;D;D;N
D 14/06/2015;D;N;T;M;D;D
L 15/06/2015;O;N;T;M;D;D
M 16/06/2015;O;D;N;T;M;D
X 17/06/2015;O;D;N;T;M;D
J 18/06/2015;O;D;D;N;T;M
V 19/06/2015;O;D;D;N;T;M
S 20/06/2015;D;M;D;D;N;T
D 21/06/2015;D;M;D;D;N;T
L 22/06/2015;O;T;M;D;D;N
M 23/06/2015;O;T;M;D;D;N
X 24/06/2015;O;N;T;M;D;D
J 25/06/2015;O;N;T;M;D;D
V 26/06/2015;O;D;N;T;M;D
S 27/06/2015;D;D;N;T;M;D
D 28/06/2015;D;D;D;N;T;M
L 29/06/2015;O;D;D;N;T;M
M 30/06/2015;O;M;D;D;N;T
X 01/07/2015;O;M;D;D;N;T
J 02/07/2015;O;T;M;D;D;N
V 03/07/2015;O;T;M;D;D;N
S 04/07/2015;D;N;T;M;D;D
D 05/07/2015;D;N;T;M;D;D
L 06/07/2015;M;D;N;T;O;D
M 07/07/2015;M;D;N;T;O;D
X 08/07/2015;T;D;D;N;O;M
J 09/07/2015;T;D;D;N;O;M
V 10/07/2015;N;M;D;D;O;T
S 11/07/2015;N;M;D;D;D;T
D 12/07/2015;D;T;M;D;D;N
L 13/07/2015;D;T;M;D;O;N
M 14/07/2015;D;N;T;M;O;D
X 15/07/2015;D;N;T;M;O;D
J 16/07/2015;M;D;N;T;O;D
V 17/07/2015;M;D;N;T;O;D
S 18/07/2015;T;D;D;N;D;M
D 19/07/2015;T;D;D;N;D;M
L 20/07/2015;N;M;D;D;O;T
M 21/07/2015;N;M;D;D;O;T
X 22/07/2015;D;T;M;D;O;N
J 23/07/2015;D;T;M;D;O;N
V 24/07/2015;D;N;T;M;O;D
S 25/07/2015;D;N;T;M;D;D
D 26/07/2015;M;D;N;T;D;D
L 27/07/2015;M;D;N;T;O;D
M 28/07/2015;T;D;D;N;O;M
X 29/07/2015;T;D;D;N;O;M
J 30/07/2015;N;M;D;D;O;T
V 31/07/2015;N;M;D;D;O;T
S 01/08/2015;D;T;M;D;D;N
D 02/08/2015;D;T;M;D;D;N
L 03/08/2015;D;N;T;O;M;D
M 04/08/2015;D;N;T;O;M;D
X 05/08/2015;M;D;N;O;T;D
J 06/08/2015;M;D;N;O;T;D
V 07/08/2015;T;D;D;O;N;M
S 08/08/2015;T;D;D;D;N;M
D 09/08/2015;N;M;D;D;D;T
L 10/08/2015;N;M;D;O;D;T
M 11/08/2015;D;T;M;O;D;N
X 12/08/2015;D;T;M;O;D;N
J 13/08/2015;D;N;T;O;M;D
V 14/08/2015;D;N;T;O;M;D
S 15/08/2015;M;D;N;D;T;D
D 16/08/2015;M;D;N;D;T;D
L 17/08/2015;T;D;D;O;N;M
M 18/08/2015;T;D;D;O;N;M
X 19/08/2015;N;M;D;O;D;T
J 20/08/2015;N;M;D;O;D;T
V 21/08/2015;D;T;M;O;D;N
S 22/08/2015;D;T;M;D;D;N
D 23/08/2015;D;N;T;D;M;D
L 24/08/2015;D;N;T;O;M;D
M 25/08/2015;M;D;N;O;T;D
X 26/08/2015;M;D;N;O;T;D
J 27/08/2015;T;D;D;O;N;M
V 28/08/2015;T;D;D;O;N;M
S 29/08/2015;N;M;D;D;D;T
D 30/08/2015;N;M;D;D;D;T
L 31/08/2015;D;T;O;M;D;N
M 01/09/2015;D;T;O;M;D;N
X 02/09/2015;D;N;O;T;M;D
J 03/09/2015;D;N;O;T;M;D
V 04/09/2015;M;D;O;N;T;D
S 05/09/2015;M;D;D;N;T;D
D 06/09/2015;T;D;D;D;N;M
L 07/09/2015;T;D;O;D;N;M
M 08/09/2015;N;M;O;D;D;T
X 09/09/2015;N;M;O;D;D;T
J 10/09/2015;D;T;O;M;D;N
V 11/09/2015;D;T;O;M;D;N
S 12/09/2015;D;N;D;T;M;D
D 13/09/2015;D;N;D;T;M;D
L 14/09/2015;M;D;O;N;T;D
M 15/09/2015;M;D;O;N;T;D
X 16/09/2015;T;D;O;D;N;M
J 17/09/2015;T;D;O;D;N;M
V 18/09/2015;N;M;O;D;D;T
S 19/09/2015;N;M;D;D;D;T
D 20/09/2015;D;T;D;M;D;N
L 21/09/2015;D;T;O;M;D;N
M 22/09/2015;D;N;O;T;M;D
X 23/09/2015;D;N;O;T;M;D
J 24/09/2015;M;D;O;N;T;D
V 25/09/2015;M;D;O;N;T;D
S 26/09/2015;T;D;D;D;N;M
D 27/09/2015;T;D;D;D;N;M
L 28/09/2015;N;O;M;D;D;T
M 29/09/2015;N;O;M;D;D;T
X 30/09/2015;D;O;T;M;D;N
J 01/10/2015;D;O;T;M;D;N
V 02/10/2015;D;O;N;T;M;D
S 03/10/2015;D;D;N;T;M;D
D 04/10/2015;M;D;D;N;T;D
L 05/10/2015;M;O;D;N;T;D
M 06/10/2015;T;O;D;D;N;M
X 07/10/2015;T;O;D;D;N;M
J 08/10/2015;N;O;M;D;D;T
V 09/10/2015;N;O;M;D;D;T
S 10/10/2015;D;D;T;M;D;N
D 11/10/2015;D;D;T;M;D;N
L 12/10/2015;D;O;N;T;M;D
M 13/10/2015;D;O;N;T;M;D
X 14/10/2015;M;O;D;N;T;D
J 15/10/2015;M;O;D;N;T;D
V 16/10/2015;T;O;D;D;N;M
S 17/10/2015;T;D;D;D;N;M
D 18/10/2015;N;D;M;D;D;T
L 19/10/2015;N;O;M;D;D;T
M 20/10/2015;D;O;T;M;D;N
X 21/10/2015;D;O;T;M;D;N
J 22/10/2015;D;O;N;T;M;D
V 23/10/2015;D;O;N;T;M;D
S 24/10/2015;M;D;D;N;T;D
D 25/10/2015;M;D;D;N;T;D
L 26/10/2015;T;M;D;D;N;O
M 27/10/2015;T;M;D;D;N;O
X 28/10/2015;N;T;M;D;D;O
J 29/10/2015;N;T;M;D;D;O
V 30/10/2015;D;N;T;M;D;O
S 31/10/2015;D;N;T;M;D;D
D 01/11/2015;D;D;N;T;M;D
L 02/11/2015;D;D;N;T;M;O
M 03/11/2015;M;D;D;N;T;O
X 04/11/2015;M;D;D;N;T;O
J 05/11/2015;T;M;D;D;N;O
V 06/11/2015;T;M;D;D;N;O
S 07/11/2015;N;T;M;D;D;D
D 08/11/2015;N;T;M;D;D;D
L 09/11/2015;D;N;T;O;D;M
M 10/11/2015;D;N;T;O;D;M
X 11/11/2015;D;D;N;O;M;T
J 12/11/2015;D;D;N;O;M;T
V 13/11/2015;M;D;D;O;T;N
S 14/11/2015;M;D;D;D;T;N
D 15/11/2015;T;M;D;D;N;D
L 16/11/2015;T;M;D;O;N;D
M 17/11/2015;N;T;M;O;D;D
X 18/11/2015;N;T;M;O;D;D
J 19/11/2015;D;N;T;O;D;M
V 20/11/2015;D;N;T;O;D;M
S 21/11/2015;D;D;N;D;M;T
D 22/11/2015;D;D;N;D;M;T
L 23/11/2015;O;D;D;M;T;N
M 24/11/2015;O;D;D;M;T;N
X 25/11/2015;O;M;D;T;N;D
J 26/11/2015;O;M;D;T;N;D
V 27/11/2015;O;T;M;N;D;D
S 28/11/2015;D;T;M;N;D;D
D 29/11/2015;D;N;T;D;D;M
L 30/11/2015;O;N;T;D;D;M
M 01/12/2015;O;D;N;D;M;T
X 02/12/2015;O;D;N;D;M;T
J 03/12/2015;O;D;D;M;T;N
V 04/12/2015;O;D;D;M;T;N
S 05/12/2015;D;M;D;T;N;D
D 06/12/2015;D;M;D;T;N;D
L 07/12/2015;M;T;O;N;D;D
M 08/12/2015;M;T;O;N;D;D
X 09/12/2015;T;N;O;D;D;M
J 10/12/2015;T;N;O;D;D;M
V 11/12/2015;N;D;O;D;M;T
S 12/12/2015;N;D;D;D;M;T
D 13/12/2015;D;D;D;M;T;N
L 14/12/2015;D;D;O;M;T;N
M 15/12/2015;D;M;O;T;N;D
X 16/12/2015;D;M;O;T;N;D
J 17/12/2015;M;T;O;N;D;D
V 18/12/2015;M;T;O;N;D;D
S 19/12/2015;T;N;D;D;D;M
D 20/12/2015;T;N;D;D;D;M
L 21/12/2015;N;D;M;D;O;T
M 22/12/2015;N;D;M;D;O;T
X 23/12/2015;D;D;T;M;O;N
J 24/12/2015;D;D;T;M;O;N
V 25/12/2015;D;M;N;T;O;D
S 26/12/2015;D;M;N;T;D;D
D 27/12/2015;M;T;D;N;D;D
L 28/12/2015;M;T;D;N;O;D
M 29/12/2015;T;N;D;D;O;M
X 30/12/2015;T;N;D;D;O;M
J 31/12/2015;N;D;M;D;O;T
V 01/01/2016;N;D;M;D;O;T
S 02/01/2016;D;D;T;M;D;N
D 03/01/2016;D;D;T;M;D;N
L 04/01/2016;D;O;N;T;M;D
M 05/01/2016;D;O;N;T;M;D
X 06/01/2016;M;O;D;N;T;D
J 07/01/2016;M;O;D;N;T;D
V 08/01/2016;T;O;D;D;N;M
S 09/01/2016;T;D;D;D;N;M
D 10/01/2016;N;D;M;D;D;T
L 11/01/2016;N;O;M;D;D;T
M 12/01/2016;D;O;T;M;D;N
X 13/01/2016;D;O;T;M;D;N
J 14/01/2016;D;O;N;T;M;D
V 15/01/2016;D;O;N;T;M;D
S 16/01/2016;M;D;D;N;T;D
D 17/01/2016;M;D;D;N;T;D
L 18/01/2016;T;M;D;D;N;O
M 19/01/2016;T;M;D;D;N;O
X 20/01/2016;N;T;M;D;D;O
J 21/01/2016;N;T;M;D;D;O
V 22/01/2016;D;N;T;M;D;O
S 23/01/2016;D;N;T;M;D;D
D 24/01/2016;D;D;N;T;M;D
L 25/01/2016;D;D;N;T;M;O
M 26/01/2016;M;D;D;N;T;O
X 27/01/2016;M;D;D;N;T;O
J 28/01/2016;T;M;D;D;N;O
V 29/01/2016;T;M;D;D;N;O
S 30/01/2016;N;T;M;D;D;D
D 31/01/2016;N;T;M;D;D;D
L 01/02/2016;D;N;T;O;D;M
M 02/02/2016;D;N;T;O;D;M
X 03/02/2016;D;D;N;O;M;T
J 04/02/2016;D;D;N;O;M;T
V 05/02/2016;M;D;D;O;T;N
S 06/02/2016;M;D;D;D;T;N
D 07/02/2016;T;M;D;D;N;D
L 08/02/2016;T;M;D;O;N;D
M 09/02/2016;N;T;M;O;D;D
X 10/02/2016;N;T;M;O;D;D
J 11/02/2016;D;N;T;O;D;M
V 12/02/2016;D;N;T;O;D;M
S 13/02/2016;D;D;N;D;M;T
D 14/02/2016;D;D;N;D;M;T
L 15/02/2016;O;D;D;M;T;N
M 16/02/2016;O;D;D;M;T;N
X 17/02/2016;O;M;D;T;N;D
J 18/02/2016;O;M;D;T;N;D
V 19/02/2016;O;T;M;N;D;D
S 20/02/2016;D;T;M;N;D;D
D 21/02/2016;D;N;T;D;D;M
L 22/02/2016;O;N;T;D;D;M
M 23/02/2016;O;D;N;D;M;T
X 24/02/2016;O;D;N;D;M;T
J 25/02/2016;O;D;D;M;T;N
V 26/02/2016;O;D;D;M;T;N
S 27/02/2016;D;M;D;T;N;D
D 28/02/2016;D;M;D;T;N;D
L 29/02/2016;M;T;O;N;D;D
M 01/03/2016;M;T;O;N;D;D
X 02/03/2016;T;N;O;D;D;M
J 03/03/2016;T;N;O;D;D;M
V 04/03/2016;N;D;O;D;M;T
S 05/03/2016;N;D;D;D;M;T
D 06/03/2016;D;D;D;M;T;N
L 07/03/2016;D;D;O;M;T;N
M 08/03/2016;D;M;O;T;N;D
X 09/03/2016;D;M;O;T;N;D
J 10/03/2016;M;T;O;N;D;D
V 11/03/2016;M;T;O;N;D;D
S 12/03/2016;T;N;D;D;D;M
D 13/03/2016;T;N;D;D;D;M
L 14/03/2016;N;D;M;D;O;T
M 15/03/2016;N;D;M;D;O;T
X 16/03/2016;D;D;T;M;O;N
J 17/03/2016;D;D;T;M;O;N
V 18/03/2016;D;M;N;T;O;D
S 19/03/2016;D;M;N;T;D;D
D 20/03/2016;M;T;D;N;D;D
L 21/03/2016;M;T;D;N;O;D
M 22/03/2016;T;N;D;D;O;M
X 23/03/2016;T;N;D;D;O;M
J 24/03/2016;N;D;M;D;O;T
V 25/03/2016;N;D;M;D;O;T
S 26/03/2016;D;D;T;M;D;N
D 27/03/2016;D;D;T;M;D;N
L 28/03/2016;D;O;N;T;M;D
M 29/03/2016;D;O;N;T;M;D
X 30/03/2016;M;O;D;N;T;D
J 31/03/2016;M;O;D;N;T;D
V 01/04/2016;T;O;D;D;N;M
S 02/04/2016;T;D;D;D;N;M
D 03/04/2016;N;D;M;D;D;T
L 04/04/2016;N;O;M;D;D;T
M 05/04/2016;D;O;T;M;D;N
X 06/04/2016;D;O;T;M;D;N
J 07/04/2016;D;O;N;T;M;D
V 08/04/2016;D;O;N;T;M;D
S 09/04/2016;M;D;D;N;T;D
D 10/04/2016;M;D;D;N;T;D
L 11/04/2016;T;M;D;D;N;O
M 12/04/2016;T;M;D;D;N;O
X 13/04/2016;N;T;M;D;D;O
J 14/04/2016;N;T;M;D;D;O
V 15/04/2016;D;N;T;M;D;O
S 16/04/2016;D;N;T;M;D;D
D 17/04/2016;D;D;N;T;M;D
L 18/04/2016;D;D;N;T;M;O
M 19/04/2016;M;D;D;N;T;O
X 20/04/2016;M;D;D;N;T;O
J 21/04/2016;T;M;D;D;N;O
V 22/04/2016;T;M;D;D;N;O
S 23/04/2016;N;T;M;D;D;D
D 24/04/2016;N;T;M;D;D;D
L 25/04/2016;D;N;T;O;D;M
M 26/04/2016;D;N;T;O;D;M
X 27/04/2016;D;D;N;O;M;T
J 28/04/2016;D;D;N;O;M;T
V 29/04/2016;M;D;D;O;T;N
S 30/04/2016;M;D;D;D;T;N
D 01/05/2016;T;M;D;D;N;D
L 02/05/2016;T;M;D;O;N;D
M 03/05/2016;N;T;M;O;D;D
X 04/05/2016;N;T;M;O;D;D
J 05/05/2016;D;N;T;O;D;M
V 06/05/2016;D;N;T;O;D;M
S 07/05/2016;D;D;N;D;M;T
D 08/05/2016;D;D;N;D;M;T
L 09/05/2016;O;D;D;M;T;N
M 10/05/2016;O;D;D;M;T;N
X 11/05/2016;O;M;D;T;N;D
J 12/05/2016;O;M;D;T;N;D
V 13/05/2016;O;T;M;N;D;D
S 14/05/2016;D;T;M;N;D;D
D 15/05/2016;D;N;T;D;D;M
L 16/05/2016;O;N;T;D;D;M
M 17/05/2016;O;D;N;D;M;T
X 18/05/2016;O;D;N;D;M;T
J 19/05/2016;O;D;D;M;T;N
V 20/05/2016;O;D;D;M;T;N
S 21/05/2016;D;M;D;T;N;D
D 22/05/2016;D;M;D;T;N;D
L 23/05/2016;O;T;M;N;D;D
M 24/05/2016;O;T;M;N;D;D
X 25/05/2016;O;N;T;D;D;M
J 26/05/2016;O;N;T;D;D;M
V 27/05/2016;O;D;N;D;M;T
S 28/05/2016;D;D;N;D;M;T
D 29/05/2016;D;D;D;M;T;N
L 30/05/2016;O;D;D;M;T;N
M 31/05/2016;O;M;D;T;N;D
X 01/06/2016;O;M;D;T;N;D
J 02/06/2016;O;T;M;N;D;D
V 03/06/2016;O;T;M;N;D;D
S 04/06/2016;D;N;T;D;D;M
D 05/06/2016;D;N;T;D;D;M
L 06/06/2016;M;D;N;D;O;T
M 07/06/2016;M;D;N;D;O;T
X 08/06/2016;T;D;D;M;O;N
J 09/06/2016;T;D;D;M;O;N
V 10/06/2016;N;M;D;T;O;D
S 11/06/2016;N;M;D;T;D;D
D 12/06/2016;D;T;M;N;D;D
L 13/06/2016;D;T;M;N;O;D
M 14/06/2016;D;N;T;D;O;M
X 15/06/2016;D;N;T;D;O;M
J 16/06/2016;M;D;N;D;O;T
V 17/06/2016;M;D;N;D;O;T
S 18/06/2016;T;D;D;M;D;N
D 19/06/2016;T;D;D;M;D;N
L 20/06/2016;N;M;D;T;O;D
M 21/06/2016;N;M;D;T;O;D
X 22/06/2016;D;T;M;N;O;D
J 23/06/2016;D;T;M;N;O;D
V 24/06/2016;D;N;T;D;O;M
S 25/06/2016;D;N;T;D;D;M
D 26/06/2016;M;D;N;D;D;T
L 27/06/2016;M;D;N;D;O;T
M 28/06/2016;T;D;D;M;O;N
X 29/06/2016;T;D;D;M;O;N
J 30/06/2016;N;M;D;T;O;D
V 01/07/2016;N;M;D;T;O;D
S 02/07/2016;D;T;M;N;D;D
D 03/07/2016;D;T;M;N;D;D
L 04/07/2016;D;N;T;D;M;O
M 05/07/2016;D;N;T;D;M;O
X 06/07/2016;M;D;N;D;T;O
J 07/07/2016;M;D;N;D;T;O
V 08/07/2016;T;D;D;M;N;O
S 09/07/2016;T;D;D;M;N;D
D 10/07/2016;N;M;D;T;D;D
L 11/07/2016;N;M;D;T;D;O
M 12/07/2016;D;T;M;N;D;O
X 13/07/2016;D;T;M;N;D;O
J 14/07/2016;D;N;T;D;M;O
V 15/07/2016;D;N;T;D;M;O
S 16/07/2016;M;D;N;D;T;D
D 17/07/2016;M;D;N;D;T;D
L 18/07/2016;T;D;D;M;N;O
M 19/07/2016;T;D;D;M;N;O
X 20/07/2016;N;M;D;T;D;O
J 21/07/2016;N;M;D;T;D;O
V 22/07/2016;D;T;M;N;D;O
S 23/07/2016;D;T;M;N;D;D
D 24/07/2016;D;N;T;D;M;D
L 25/07/2016;D;N;T;D;M;O
M 26/07/2016;M;D;N;D;T;O
X 27/07/2016;M;D;N;D;T;O
J 28/07/2016;T;D;D;M;N;O
V 29/07/2016;T;D;D;M;N;O
S 30/07/2016;N;M;D;T;D;D
D 31/07/2016;N;M;D;T;D;D
L 01/08/2016;D;T;O;N;D;M
M 02/08/2016;D;T;O;N;D;M
X 03/08/2016;D;N;O;D;M;T
J 04/08/2016;D;N;O;D;M;T
V 05/08/2016;M;D;O;D;T;N
S 06/08/2016;M;D;D;D;T;N
D 07/08/2016;T;D;D;M;N;D
L 08/08/2016;T;D;O;M;N;D
M 09/08/2016;N;M;O;T;D;D
X 10/08/2016;N;M;O;T;D;D
J 11/08/2016;D;T;O;N;D;M
V 12/08/2016;D;T;O;N;D;M
S 13/08/2016;D;N;D;D;M;T
D 14/08/2016;D;N;D;D;M;T
L 15/08/2016;M;D;O;D;T;N
M 16/08/2016;M;D;O;D;T;N
X 17/08/2016;T;D;O;M;N;D
J 18/08/2016;T;D;O;M;N;D
V 19/08/2016;N;M;O;T;D;D
S 20/08/2016;N;M;D;T;D;D
D 21/08/2016;D;T;D;N;D;M
L 22/08/2016;D;T;O;N;D;M
M 23/08/2016;D;N;O;D;M;T
X 24/08/2016;D;N;O;D;M;T
J 25/08/2016;M;D;O;D;T;N
V 26/08/2016;M;D;O;D;T;N
S 27/08/2016;T;D;D;M;N;D
D 28/08/2016;T;D;D;M;N;D
L 29/08/2016;N;O;M;T;D;D
M 30/08/2016;N;O;M;T;D;D
X 31/08/2016;D;O;T;N;D;M
J 01/09/2016;D;O;T;N;D;M
V 02/09/2016;D;O;N;D;M;T
S 03/09/2016;D;D;N;D;M;T
D 04/09/2016;M;D;D;D;T;N
L 05/09/2016;M;O;D;D;T;N
M 06/09/2016;T;O;D;M;N;D
X 07/09/2016;T;O;D;M;N;D
J 08/09/2016;N;O;M;T;D;D
V 09/09/2016;N;O;M;T;D;D
S 10/09/2016;D;D;T;N;D;M
D 11/09/2016;D;D;T;N;D;M
L 12/09/2016;D;O;N;D;M;T
M 13/09/2016;D;O;N;D;M;T
X 14/09/2016;M;O;D;D;T;N
J 15/09/2016;M;O;D;D;T;N
V 16/09/2016;T;O;D;M;N;D
S 17/09/2016;T;D;D;M;N;D
D 18/09/2016;N;D;M;T;D;D
L 19/09/2016;N;O;M;T;D;D
M 20/09/2016;D;O;T;N;D;M
X 21/09/2016;D;O;T;N;D;M
J 22/09/2016;D;O;N;D;M;T
V 23/09/2016;D;O;N;D;M;T
S 24/09/2016;M;D;D;D;T;N
D 25/09/2016;M;D;D;D;T;N
L 26/09/2016;T;M;D;O;N;D
M 27/09/2016;T;M;D;O;N;D
X 28/09/2016;N;T;M;O;D;D
J 29/09/2016;N;T;M;O;D;D
V 30/09/2016;D;N;T;O;D;M
S 01/10/2016;D;N;T;D;D;M
D 02/10/2016;D;D;N;D;M;T
L 03/10/2016;D;D;N;O;M;T
M 04/10/2016;M;D;D;O;T;N
X 05/10/2016;M;D;D;O;T;N
J 06/10/2016;T;M;D;O;N;D
V 07/10/2016;T;M;D;O;N;D
S 08/10/2016;N;T;M;D;D;D
D 09/10/2016;N;T;M;D;D;D
L 10/10/2016;D;N;T;O;D;M
M 11/10/2016;D;N;T;O;D;M
X 12/10/2016;D;D;N;O;M;T
J 13/10/2016;D;D;N;O;M;T
V 14/10/2016;M;D;D;O;T;N
S 15/10/2016;M;D;D;D;T;N
D 16/10/2016;T;M;D;D;N;D
L 17/10/2016;T;M;D;O;N;D
M 18/10/2016;N;T;M;O;D;D
X 19/10/2016;N;T;M;O;D;D
J 20/10/2016;D;N;T;O;D;M
V 21/10/2016;D;N;T;O;D;M
S 22/10/2016;D;D;N;D;M;T
D 23/10/2016;D;D;N;D;M;T
L 24/10/2016;O;D;D;M;T;N
M 25/10/2016;O;D;D;M;T;N
X 26/10/2016;O;M;D;T;N;D
J 27/10/2016;O;M;D;T;N;D
V 28/10/2016;O;T;M;N;D;D
S 29/10/2016;D;T;M;N;D;D
D 30/10/2016;D;N;T;D;D;M
L 31/10/2016;O;N;T;D;D;M
M 01/11/2016;O;D;N;D;M;T
X 02/11/2016;O;D;N;D;M;T
J 03/11/2016;O;D;D;M;T;N
V 04/11/2016;O;D;D;M;T;N
S 05/11/2016;D;M;D;T;N;D
D 06/11/2016;D;M;D;T;N;D
L 07/11/2016;M;T;O;N;D;D
M 08/11/2016;M;T;O;N;D;D
X 09/11/2016;T;N;O;D;D;M
J 10/11/2016;T;N;O;D;D;M
V 11/11/2016;N;D;O;D;M;T
S 12/11/2016;N;D;D;D;M;T
D 13/11/2016;D;D;D;M;T;N
L 14/11/2016;D;D;O;M;T;N
M 15/11/2016;D;M;O;T;N;D
X 16/11/2016;D;M;O;T;N;D
J 17/11/2016;M;T;O;N;D;D
V 18/11/2016;M;T;O;N;D;D
S 19/11/2016;T;N;D;D;D;M
D 20/11/2016;T;N;D;D;D;M
L 21/11/2016;N;D;M;D;O;T
M 22/11/2016;N;D;M;D;O;T
X 23/11/2016;D;D;T;M;O;N
J 24/11/2016;D;D;T;M;O;N
V 25/11/2016;D;M;N;T;O;D
S 26/11/2016;D;M;N;T;D;D
D 27/11/2016;M;T;D;N;D;D
L 28/11/2016;M;T;D;N;O;D
M 29/11/2016;T;N;D;D;O;M
X 30/11/2016;T;N;D;D;O;M
J 01/12/2016;N;D;M;D;O;T
V 02/12/2016;N;D;M;D;O;T
S 03/12/2016;D;D;T;M;D;N
D 04/12/2016;D;D;T;M;D;N
L 05/12/2016;D;O;N;T;M;D
M 06/12/2016;D;O;N;T;M;D
X 07/12/2016;M;O;D;N;T;D
J 08/12/2016;M;O;D;N;T;D
V 09/12/2016;T;O;D;D;N;M
S 10/12/2016;T;D;D;D;N;M
D 11/12/2016;N;D;M;D;D;T
L 12/12/2016;N;O;M;D;D;T
M 13/12/2016;D;O;T;M;D;N
X 14/12/2016;D;O;T;M;D;N
J 15/12/2016;D;O;N;T;M;D
V 16/12/2016;D;O;N;T;M;D
S 17/12/2016;M;D;D;N;T;D
D 18/12/2016;M;D;D;N;T;D
L 19/12/2016;T;M;D;D;N;O
M 20/12/2016;T;M;D;D;N;O
X 21/12/2016;N;T;M;D;D;O
J 22/12/2016;N;T;M;D;D;O
V 23/12/2016;D;N;T;M;D;O
S 24/12/2016;D;N;T;M;D;D
D 25/12/2016;D;D;N;T;M;D
L 26/12/2016;D;D;N;T;M;O
M 27/12/2016;M;D;D;N;T;O
X 28/12/2016;M;D;D;N;T;O
J 29/12/2016;T;M;D;D;N;O
V 30/12/2016;T;M;D;D;N;O
S 31/12/2016;N;T;M;D;D;D
D 01/01/2017;N;T;M;D;D;D
L 02/01/2017;D;N;T;O;D;M
M 03/01/2017;D;N;T;O;D;M
X 04/01/2017;D;D;N;O;M;T
J 05/01/2017;D;D;N;O;M;T
V 06/01/2017;M;D;D;O;T;N
S 07/01/2017;M;D;D;D;T;N
D 08/01/2017;T;M;D;D;N;D
L 09/01/2017;T;M;D;O;N;D
M 10/01/2017;N;T;M;O;D;D
X 11/01/2017;N;T;M;O;D;D
J 12/01/2017;D;N;T;O;D;M
V 13/01/2017;D;N;T;O;D;M
S 14/01/2017;D;D;N;D;M;T
D 15/01/2017;D;D;N;D;M;T
L 16/01/2017;O;D;D;M;T;N
M 17/01/2017;O;D;D;M;T;N
X 18/01/2017;O;M;D;T;N;D
J 19/01/2017;O;M;D;T;N;D
V 20/01/2017;O;T;M;N;D;D
S 21/01/2017;D;T;M;N;D;D
D 22/01/2017;D;N;T;D;D;M
L 23/01/2017;O;N;T;D;D;M
M 24/01/2017;O;D;N;D;M;T
X 25/01/2017;O;D;N;D;M;T
J 26/01/2017;O;D;D;M;T;N
V 27/01/2017;O;D;D;M;T;N
S 28/01/2017;D;M;D;T;N;D
D 29/01/2017;D;M;D;T;N;D
L 30/01/2017;M;T;O;N;D;D
M 31/01/2017;M;T;O;N;D;D
X 01/02/2017;T;N;O;D;D;M
J 02/02/2017;T;N;O;D;D;M
V 03/02/2017;N;D;O;D;M;T
S 04/02/2017;N;D;D;D;M;T
D 05/02/2017;D;D;D;M;T;N
L 06/02/2017;D;D;O;M;T;N
M 07/02/2017;D;M;O;T;N;D
X 08/02/2017;D;M;O;T;N;D
J 09/02/2017;M;T;O;N;D;D
V 10/02/2017;M;T;O;N;D;D
S 11/02/2017;T;N;D;D;D;M
D 12/02/2017;T;N;D;D;D;M
L 13/02/2017;N;D;M;D;O;T
M 14/02/2017;N;D;M;D;O;T
X 15/02/2017;D;D;T;M;O;N
J 16/02/2017;D;D;T;M;O;N
V 17/02/2017;D;M;N;T;O;D
S 18/02/2017;D;M;N;T;D;D
D 19/02/2017;M;T;D;N;D;D
L 20/02/2017;M;T;D;N;O;D
M 21/02/2017;T;N;D;D;O;M
X 22/02/2017;T;N;D;D;O;M
J 23/02/2017;N;D;M;D;O;T
V 24/02/2017;N;D;M;D;O;T
S 25/02/2017;D;D;T;M;D;N
D 26/02/2017;D;D;T;M;D;N
L 27/02/2017;D;O;N;T;M;D
M 28/02/2017;D;O;N;T;M;D
X 01/03/2017;M;O;D;N;T;D
J 02/03/2017;M;O;D;N;T;D
V 03/03/2017;T;O;D;D;N;M
S 04/03/2017;T;D;D;D;N;M
D 05/03/2017;N;D;M;D;D;T
L 06/03/2017;N;O;M;D;D;T
M 07/03/2017;D;O;T;M;D;N
X 08/03/2017;D;O;T;M;D;N
J 09/03/2017;D;O;N;T;M;D
V 10/03/2017;D;O;N;T;M;D
S 11/03/2017;M;D;D;N;T;D
D 12/03/2017;M;D;D;N;T;D
L 13/03/2017;T;M;D;D;N;O
M 14/03/2017;T;M;D;D;N;O
X 15/03/2017;N;T;M;D;D;O
J 16/03/2017;N;T;M;D;D;O
V 17/03/2017;D;N;T;M;D;O
S 18/03/2017;D;N;T;M;D;D
D 19/03/2017;D;D;N;T;M;D
L 20/03/2017;D;D;N;T;M;O
M 21/03/2017;M;D;D;N;T;O
X 22/03/2017;M;D;D;N;T;O
J 23/03/2017;T;M;D;D;N;O
V 24/03/2017;T;M;D;D;N;O
S 25/03/2017;N;T;M;D;D;D
D 26/03/2017;N;T;M;D;D;D
L 27/03/2017;D;N;T;O;D;M
M 28/03/2017;D;N;T;O;D;M
X 29/03/2017;D;D;N;O;M;T
J 30/03/2017;D;D;N;O;M;T
V 31/03/2017;M;D;D;O;T;N
S 01/04/2017;M;D;D;D;T;N
D 02/04/2017;T;M;D;D;N;D
L 03/04/2017;T;M;D;O;N;D
M 04/04/2017;N;T;M;O;D;D
X 05/04/2017;N;T;M;O;D;D
J 06/04/2017;D;N;T;O;D;M
V 07/04/2017;D;N;T;O;D;M
S 08/04/2017;D;D;N;D;M;T
D 09/04/2017;D;D;N;D;M;T
L 10/04/2017;O;D;D;M;T;N
M 11/04/2017;O;D;D;M;T;N
X 12/04/2017;O;M;D;T;N;D
J 13/04/2017;O;M;D;T;N;D
V 14/04/2017;O;T;M;N;D;D
S 15/04/2017;D;T;M;N;D;D
D 16/04/2017;D;N;T;D;D;M
L 17/04/2017;O;N;T;D;D;M
M 18/04/2017;O;D;N;D;M;T
X 19/04/2017;O;D;N;D;M;T
J 20/04/2017;O;D;D;M;T;N
V 21/04/2017;O;D;D;M;T;N
S 22/04/2017;D;M;D;T;N;D
D 23/04/2017;D;M;D;T;N;D
L 24/04/2017;M;T;O;N;D;D
M 25/04/2017;M;T;O;N;D;O
X 26/04/2017;T;N;O;D;D;M
J 27/04/2017;T;N;O;D;O;M
V 28/04/2017;N;D;O;D;M;T
S 29/04/2017;N;D;D;D;M;T
D 30/04/2017;D;D;D;M;T;N
L 01/05/2017;D;O;O;M;T;N
M 02/05/2017;D;M;O;T;N;D
X 03/05/2017;O;M;O;T;N;D
J 04/05/2017;M;T;O;N;D;D
V 05/05/2017;M;T;O;N;D;O
S 06/05/2017;T;N;D;D;D;M
D 07/05/2017;T;N;D;D;D;M
L 08/05/2017;N;D;O;D;M;T
M 09/05/2017;N;D;O;O;M;T
X 10/05/2017;D;D;O;M;T;N
J 11/05/2017;D;O;O;M;T;N
V 12/05/2017;D;M;O;T;N;D
S 13/05/2017;D;M;D;T;N;D
D 14/05/2017;M;T;D;N;D;D
L 15/05/2017;M;T;O;N;D;O
M 16/05/2017;T;N;O;D;D;M
X 17/05/2017;T;N;O;D;O;M
J 18/05/2017;N;D;O;D;M;T
V 19/05/2017;N;D;O;O;M;T
S 20/05/2017;D;D;D;M;T;N
D 21/05/2017;D;D;D;M;T;N
L 22/05/2017;D;O;M;T;N;D
M 23/05/2017;O;O;M;T;N;D
X 24/05/2017;M;O;T;N;D;D
J 25/05/2017;M;O;T;N;D;O
V 26/05/2017;T;O;N;D;D;M
S 27/05/2017;T;D;N;D;D;M
D 28/05/2017;N;D;D;D;M;T
L 29/05/2017;N;O;D;O;M;T
M 30/05/2017;D;O;D;M;T;N
X 31/05/2017;D;O;O;M;T;N
J 01/06/2017;D;O;M;T;N;D
V 02/06/2017;O;O;M;T;N;D
S 03/06/2017;M;D;T;N;D;D
D 04/06/2017;M;D;T;N;D;D
L 05/06/2017;T;O;N;D;D;M
M 06/06/2017;T;O;N;D;O;M
X 07/06/2017;N;O;D;D;M;T
J 08/06/2017;N;O;D;D;M;T
V 09/06/2017;D;O;D;M;T;N
S 10/06/2017;D;D;D;M;T;N
D 11/06/2017;D;D;M;T;N;D
L 12/06/2017;O;O;M;T;N;D
M 13/06/2017;M;O;T;N;D;D
X 14/06/2017;M;O;T;N;D;O
J 15/06/2017;T;O;N;D;D;M
V 16/06/2017;T;O;N;D;O;M
S 17/06/2017;N;D;D;D;M;T
D 18/06/2017;N;D;D;D;M;T
L 19/06/2017;D;M;D;O;T;N
M 20/06/2017;D;M;O;O;T;N
X 21/06/2017;D;T;M;O;N;D
J 22/06/2017;O;T;M;O;N;D
V 23/06/2017;M;N;T;O;D;D
S 24/06/2017;M;N;T;D;D;D
D 25/06/2017;T;D;N;D;D;M
L 26/06/2017;T;D;N;O;D;M
M 27/06/2017;N;D;D;O;M;T
X 28/06/2017;N;O;D;O;M;T
J 29/06/2017;D;M;D;O;T;N
V 30/06/2017;D;M;O;O;T;N
S 01/07/2017;D;T;M;D;N;D
D 02/07/2017;D;T;M;D;N;D
L 03/07/2017;M;N;T;O;D;D
M 04/07/2017;M;N;T;O;D;O
X 05/07/2017;T;D;N;O;D;M
J 06/07/2017;T;D;N;O;D;M
V 07/07/2017;N;D;D;O;M;T
S 08/07/2017;N;D;D;D;M;T
D 09/07/2017;D;M;D;D;T;N
L 10/07/2017;D;M;D;O;T;N
M 11/07/2017;D;T;M;O;N;D
X 12/07/2017;O;T;M;O;N;D
J 13/07/2017;M;N;T;O;D;D
V 14/07/2017;M;N;T;O;D;D
S 15/07/2017;T;D;N;D;D;M
D 16/07/2017;T;D;N;D;D;M
L 17/07/2017;N;D;D;M;O;T
M 18/07/2017;N;O;D;M;O;T
X 19/07/2017;D;M;D;T;O;N
J 20/07/2017;D;M;D;T;O;N
V 21/07/2017;D;T;M;N;O;D
S 22/07/2017;D;T;M;N;D;D
D 23/07/2017;M;N;T;D;D;D
L 24/07/2017;M;N;T;D;O;D
M 25/07/2017;T;D;N;D;O;M
X 26/07/2017;T;D;N;D;O;M
J 27/07/2017;N;D;D;M;O;T
V 28/07/2017;N;D;D;M;O;T
S 29/07/2017;D;M;D;T;D;N
D 30/07/2017;D;M;D;T;D;N
L 31/07/2017;D;T;M;N;O;D
M 01/08/2017;D;T;M;N;O;D
X 02/08/2017;M;N;T;D;O;D
J 03/08/2017;M;N;T;D;O;D
V 04/08/2017;T;D;N;D;O;M
S 05/08/2017;T;D;N;D;D;M
D 06/08/2017;N;D;D;M;D;T
L 07/08/2017;N;D;D;M;O;T
M 08/08/2017;D;M;D;T;O;N
X 09/08/2017;D;M;D;T;O;N
J 10/08/2017;D;T;M;N;O;D
V 11/08/2017;D;T;M;N;O;D
S 12/08/2017;M;N;T;D;D;D
D 13/08/2017;M;N;T;D;D;D
L 14/08/2017;T;D;N;D;M;O
M 15/08/2017;T;D;N;D;M;O
X 16/08/2017;N;D;D;M;T;O
J 17/08/2017;N;D;D;M;T;O
V 18/08/2017;D;M;D;T;N;O
S 19/08/2017;D;M;D;T;N;D
D 20/08/2017;D;T;M;N;D;D
L 21/08/2017;D;T;M;N;D;O
M 22/08/2017;M;N;T;D;D;O
X 23/08/2017;M;N;T;D;D;O
J 24/08/2017;T;D;N;D;M;O
V 25/08/2017;T;D;N;D;M;O
S 26/08/2017;N;D;D;M;T;D
D 27/08/2017;N;D;D;M;T;D
L 28/08/2017;D;M;D;T;N;O
M 29/08/2017;D;M;O;T;N;O
X 30/08/2017;D;T;M;N;D;O
J 31/08/2017;O;T;M;N;D;O
V 01/09/2017;M;N;T;D;D;O
S 02/09/2017;M;N;T;D;D;D
D 03/09/2017;T;D;N;D;M;D
L 04/09/2017;T;D;N;D;M;O
M 05/09/2017;N;D;D;M;T;O
X 06/09/2017;N;O;D;M;T;O
J 07/09/2017;D;M;D;T;N;O
V 08/09/2017;D;M;O;T;N;O
S 09/09/2017;D;T;M;N;D;D
D 10/09/2017;D;T;M;N;D;D
L 11/09/2017;O;N;T;D;D;M
M 12/09/2017;O;N;T;D;O;M
X 13/09/2017;O;D;N;D;M;T
J 14/09/2017;O;D;N;D;M;T
V 15/09/2017;O;D;D;M;T;N
S 16/09/2017;D;D;D;M;T;N
D 17/09/2017;D;M;D;T;N;D
L 18/09/2017;O;M;O;T;N;D
M 19/09/2017;O;T;M;N;D;D
X 20/09/2017;O;T;M;N;D;O
J 21/09/2017;O;N;T;D;D;M
V 22/09/2017;O;N;T;D;O;M
S 23/09/2017;D;D;N;D;M;T
D 24/09/2017;D;D;N;D;M;T
L 25/09/2017;O;D;D;M;T;N
M 26/09/2017;O;O;D;M;T;N
X 27/09/2017;O;M;D;T;N;D
J 28/09/2017;O;M;O;T;N;D
V 29/09/2017;O;T;M;N;D;D
S 30/09/2017;D;T;M;N;D;D
D 01/10/2017;D;N;T;D;D;M
L 02/10/2017;O;N;T;D;D;M
M 03/10/2017;O;D;N;D;M;T
X 04/10/2017;O;D;N;D;M;T
J 05/10/2017;O;D;D;M;T;N
V 06/10/2017;O;O;D;M;T;N
S 07/10/2017;D;M;D;T;N;D
D 08/10/2017;D;M;D;T;N;D
L 09/10/2017;M;T;O;N;D;D
M 10/10/2017;M;T;O;N;D;D
X 11/10/2017;T;N;O;D;D;M
J 12/10/2017;T;N;O;D;D;M
V 13/10/2017;N;D;O;D;M;T
S 14/10/2017;N;D;D;D;M;T
D 15/10/2017;D;D;D;M;T;N
L 16/10/2017;D;D;O;M;T;N
M 17/10/2017;D;M;O;T;N;D
X 18/10/2017;D;M;O;T;N;D
J 19/10/2017;M;T;O;N;D;D
V 20/10/2017;M;T;O;N;D;D
S 21/10/2017;T;N;D;D;D;M
D 22/10/2017;T;N;D;D;D;M
L 23/10/2017;N;D;M;D;O;T
M 24/10/2017;N;D;M;D;O;T
X 25/10/2017;D;D;T;M;O;N
J 26/10/2017;D;D;T;M;O;N
V 27/10/2017;D;M;N;T;O;D
S 28/10/2017;D;M;N;T;D;D
D 29/10/2017;M;T;D;N;D;D
L 30/10/2017;M;T;D;N;O;D
M 31/10/2017;T;N;D;D;O;M
X 01/11/2017;T;N;D;D;O;M
J 02/11/2017;N;D;M;D;O;T
V 03/11/2017;N;D;M;D;O;T
S 04/11/2017;D;D;T;M;D;N
D 05/11/2017;D;D;T;M;D;N
L 06/11/2017;D;O;N;T;M;D
M 07/11/2017;D;O;N;T;M;D
X 08/11/2017;M;O;D;N;T;D
J 09/11/2017;M;O;D;N;T;D
V 10/11/2017;T;O;D;D;N;M
S 11/11/2017;T;D;D;D;N;M
D 12/11/2017;N;D;M;D;D;T
L 13/11/2017;N;O;M;D;D;T
M 14/11/2017;D;O;T;M;D;N
X 15/11/2017;D;O;T;M;D;N
J 16/11/2017;D;O;N;T;M;D
V 17/11/2017;D;O;N;T;M;D
S 18/11/2017;M;D;D;N;T;D
D 19/11/2017;M;D;D;N;T;D
L 20/11/2017;T;M;D;D;N;O
M 21/11/2017;T;M;D;D;N;O
X 22/11/2017;N;T;M;D;D;O
J 23/11/2017;N;T;M;D;D;O
V 24/11/2017;D;N;T;M;D;O
S 25/11/2017;D;N;T;M;D;D
D 26/11/2017;D;D;N;T;M;D
L 27/11/2017;D;D;N;T;M;O
M 28/11/2017;M;D;D;N;T;O
X 29/11/2017;M;D;D;N;T;O
J 30/11/2017;T;M;D;D;N;O
V 01/12/2017;T;M;D;D;N;O
S 02/12/2017;N;T;M;D;D;D
D 03/12/2017;N;T;M;D;D;D
L 04/12/2017;D;N;T;O;D;M
M 05/12/2017;D;N;T;O;D;M
X 06/12/2017;D;D;N;O;M;T
J 07/12/2017;D;D;N;O;M;T
V 08/12/2017;M;D;D;O;T;N
S 09/12/2017;M;D;D;D;T;N
D 10/12/2017;T;M;D;D;N;D
L 11/12/2017;T;M;D;O;N;D
M 12/12/2017;N;T;M;O;D;D
X 13/12/2017;N;T;M;O;D;D
J 14/12/2017;D;N;T;O;D;M
V 15/12/2017;D;N;T;O;D;M
S 16/12/2017;D;D;N;D;M;T
D 17/12/2017;D;D;N;D;M;T
L 18/12/2017;O;D;D;M;T;N
M 19/12/2017;O;D;D;M;T;N
X 20/12/2017;O;M;D;T;N;D
J 21/12/2017;O;M;D;T;N;D
V 22/12/2017;O;T;M;N;D;D
S 23/12/2017;D;T;M;N;D;D
D 24/12/2017;D;N;T;D;D;M
L 25/12/2017;O;N;T;D;D;M
M 26/12/2017;O;D;N;D;M;T
X 27/12/2017;O;D;N;D;M;T
J 28/12/2017;O;D;D;M;T;N
V 29/12/2017;O;D;D;M;T;N
S 30/12/2017;D;M;D;T;N;D
D 31/12/2017;D;M;D;T;N;D
L 01/01/2018;M;T;O;N;D;D
M 02/01/2018;M;T;O;N;D;D
X 03/01/2018;T;N;O;D;D;M
J 04/01/2018;T;N;O;D;D;M
V 05/01/2018;N;D;O;D;M;T
S 06/01/2018;N;D;D;D;M;T
D 07/01/2018;D;D;D;M;T;N
L 08/01/2018;D;D;O;M;T;N
M 09/01/2018;D;M;O;T;N;D
X 10/01/2018;D;M;O;T;N;D
J 11/01/2018;M;T;O;N;D;D
V 12/01/2018;M;T;O;N;D;D
S 13/01/2018;T;N;D;D;D;M
D 14/01/2018;T;N;D;D;D;M
L 15/01/2018;N;D;M;D;O;T
M 16/01/2018;N;D;M;D;O;T
X 17/01/2018;D;D;T;M;O;N
J 18/01/2018;D;D;T;M;O;N
V 19/01/2018;D;M;N;T;O;D
S 20/01/2018;D;M;N;T;D;D
D 21/01/2018;M;T;D;N;D;D
L 22/01/2018;M;T;D;N;O;D
M 23/01/2018;T;N;D;D;O;M
X 24/01/2018;T;N;D;D;O;M
J 25/01/2018;N;D;M;D;O;T
V 26/01/2018;N;D;M;D;O;T
S 27/01/2018;D;D;T;M;D;N
D 28/01/2018;D;D;T;M;D;N
L 29/01/2018;D;O;N;T;M;D
M 30/01/2018;D;O;N;T;M;D
X 31/01/2018;M;O;D;N;T;D
J 01/02/2018;M;O;D;N;T;D
V 02/02/2018;T;O;D;D;N;M
S 03/02/2018;T;D;D;D;N;M
D 04/02/2018;N;D;M;D;D;T
L 05/02/2018;N;O;M;D;D;T
M 06/02/2018;D;O;T;M;D;N
X 07/02/2018;D;O;T;M;D;N
J 08/02/2018;D;O;N;T;M;D
V 09/02/2018;D;O;N;T;M;D
S 10/02/2018;M;D;D;N;T;D
D 11/02/2018;M;D;D;N;T;D
L 12/02/2018;T;M;D;D;N;O
M 13/02/2018;T;M;D;D;N;O
X 14/02/2018;N;T;M;D;D;O
J 15/02/2018;N;T;M;D;D;O
V 16/02/2018;D;N;T;M;D;O
S 17/02/2018;D;N;T;M;D;D
D 18/02/2018;D;D;N;T;M;D
L 19/02/2018;D;D;N;T;M;O
M 20/02/2018;M;D;D;N;T;O
X 21/02/2018;M;D;D;N;T;O
J 22/02/2018;T;M;D;D;N;O
V 23/02/2018;T;M;D;D;N;O
S 24/02/2018;N;T;M;D;D;D
D 25/02/2018;N;T;M;D;D;D
L 26/02/2018;D;N;T;O;D;M
M 27/02/2018;D;N;T;O;D;M
X 28/02/2018;D;D;N;O;M;T
J 01/03/2018;D;D;N;O;M;T
V 02/03/2018;M;D;D;O;T;N
S 03/03/2018;M;D;D;D;T;N
D 04/03/2018;T;M;D;D;N;D
L 05/03/2018;T;M;D;O;N;D
M 06/03/2018;N;T;M;O;D;D
X 07/03/2018;N;T;M;O;D;D
J 08/03/2018;D;N;T;O;D;M
V 09/03/2018;D;N;T;O;D;M
S 10/03/2018;D;D;N;D;M;T
D 11/03/2018;D;D;N;D;M;T
L 12/03/2018;O;D;D;M;T;N
M 13/03/2018;O;D;D;M;T;N
X 14/03/2018;O;M;D;T;N;D
J 15/03/2018;O;M;D;T;N;D
V 16/03/2018;O;T;M;N;D;D
S 17/03/2018;D;T;M;N;D;D
D 18/03/2018;D;N;T;D;D;M
L 19/03/2018;O;N;T;D;D;M
M 20/03/2018;O;D;N;D;M;T
X 21/03/2018;O;D;N;D;M;T
J 22/03/2018;O;D;D;M;T;N
V 23/03/2018;O;D;D;M;T;N
S 24/03/2018;D;M;D;T;N;D
D 25/03/2018;D;M;D;T;N;D
L 26/03/2018;M;T;O;N;D;D
M 27/03/2018;M;T;O;N;D;D
X 28/03/2018;T;N;O;D;D;M
J 29/03/2018;T;N;O;D;D;M
V 30/03/2018;N;D;O;D;M;T
S 31/03/2018;N;D;D;D;M;T
D 01/04/2018;D;D;D;M;T;N
L 02/04/2018;D;D;O;M;T;N
M 03/04/2018;D;M;O;T;N;D
X 04/04/2018;D;M;O;T;N;D
J 05/04/2018;M;T;O;N;D;D
V 06/04/2018;M;T;O;N;D;D
S 07/04/2018;T;N;D;D;D;M
D 08/04/2018;T;N;D;D;D;M
L 09/04/2018;N;D;M;D;O;T
M 10/04/2018;N;D;M;D;O;T
X 11/04/2018;D;D;T;M;O;N
J 12/04/2018;D;D;T;M;O;N
V 13/04/2018;D;M;N;T;O;D
S 14/04/2018;D;M;N;T;D;D
D 15/04/2018;M;T;D;N;D;D
L 16/04/2018;M;T;D;N;O;D
M 17/04/2018;T;N;D;D;O;M
X 18/04/2018;T;N;D;D;O;M
J 19/04/2018;N;D;M;D;O;T
V 20/04/2018;N;D;M;D;O;T
S 21/04/2018;D;D;T;M;D;N
D 22/04/2018;D;D;T;M;D;N
L 23/04/2018;D;O;N;T;M;D
M 24/04/2018;D;O;N;T;M;D
X 25/04/2018;M;O;D;N;T;D
J 26/04/2018;M;O;D;N;T;O
V 27/04/2018;T;O;D;D;N;M
S 28/04/2018;T;D;D;D;N;M
D 29/04/2018;N;D;M;D;D;T
L 30/04/2018;N;O;M;O;D;T
M 01/05/2018;D;O;T;M;D;N
X 02/05/2018;D;O;T;M;O;N
J 03/05/2018;D;O;N;T;M;D
V 04/05/2018;O;O;N;T;M;D
S 05/05/2018;M;D;D;N;T;D
D 06/05/2018;M;D;D;N;T;D
L 07/05/2018;T;O;D;D;N;M
M 08/05/2018;T;O;O;D;N;M
X 09/05/2018;N;O;M;D;D;T
J 10/05/2018;N;O;M;O;D;T
V 11/05/2018;D;O;T;M;D;N
S 12/05/2018;D;D;T;M;D;N
D 13/05/2018;D;D;N;T;M;D
L 14/05/2018;O;O;N;T;M;D
M 15/05/2018;M;O;D;N;T;D
X 16/05/2018;M;O;D;N;T;O
J 17/05/2018;T;O;D;D;N;M
V 18/05/2018;T;O;D;D;N;M
S 19/05/2018;N;D;M;D;D;T
D 20/05/2018;N;D;M;D;D;T
L 21/05/2018;D;M;T;O;D;N
M 22/05/2018;D;M;T;O;O;N
X 23/05/2018;D;T;N;O;M;D
J 24/05/2018;O;T;N;O;M;D
V 25/05/2018;M;N;D;O;T;D
S 26/05/2018;M;N;D;D;T;D
D 27/05/2018;T;D;D;D;N;M
L 28/05/2018;T;D;O;O;N;M
M 29/05/2018;N;D;M;O;D;T
X 30/05/2018;N;O;M;O;D;T
J 31/05/2018;D;M;T;O;D;N
V 01/06/2018;D;M;T;O;O;N
S 02/06/2018;D;T;N;D;M;D
D 03/06/2018;D;T;N;D;M;D
L 04/06/2018;M;N;D;O;T;D
M 05/06/2018;M;N;D;O;T;O
X 06/06/2018;T;D;D;O;N;M
J 07/06/2018;T;D;O;O;N;M
V 08/06/2018;N;D;M;O;D;T
S 09/06/2018;N;D;M;D;D;T
D 10/06/2018;D;M;T;D;D;N
L 11/06/2018;D;M;T;O;O;N
M 12/06/2018;D;T;N;O;M;D
X 13/06/2018;O;T;N;O;M;D
J 14/06/2018;M;N;D;O;T;D
V 15/06/2018;M;N;D;O;T;D
S 16/06/2018;T;D;D;D;N;M
D 17/06/2018;T;D;D;D;N;M
L 18/06/2018;N;D;O;M;D;T
M 19/06/2018;N;O;O;M;D;T
X 20/06/2018;D;M;O;T;D;N
J 21/06/2018;D;M;O;T;O;N
V 22/06/2018;D;T;O;N;M;D
S 23/06/2018;D;T;D;N;M;D
D 24/06/2018;M;N;D;D;T;D
L 25/06/2018;M;N;O;D;T;D
M 26/06/2018;T;D;O;D;N;M
X 27/06/2018;T;D;O;O;N;M
J 28/06/2018;N;D;O;M;D;T
V 29/06/2018;N;D;O;M;D;T
S 30/06/2018;D;M;D;T;D;N
D 01/07/2018;D;M;D;T;D;N
L 02/07/2018;D;T;O;N;M;D
M 03/07/2018;D;T;O;N;M;D
X 04/07/2018;M;N;O;D;T;D
J 05/07/2018;M;N;O;D;T;D
V 06/07/2018;T;D;O;D;N;M
S 07/07/2018;T;D;D;D;N;M
D 08/07/2018;N;D;D;M;D;T
L 09/07/2018;N;D;O;M;D;T
M 10/07/2018;D;M;O;T;D;N
X 11/07/2018;D;M;O;T;D;N
J 12/07/2018;D;T;O;N;M;D
V 13/07/2018;D;T;O;N;M;D
S 14/07/2018;M;N;D;D;T;D
D 15/07/2018;M;N;D;D;T;D
L 16/07/2018;T;D;M;D;N;O
M 17/07/2018;T;D;M;D;N;O
X 18/07/2018;N;D;T;M;D;O
J 19/07/2018;N;D;T;M;D;O
V 20/07/2018;D;M;N;T;D;O
S 21/07/2018;D;M;N;T;D;D
D 22/07/2018;D;T;D;N;M;D
L 23/07/2018;D;T;D;N;M;O
M 24/07/2018;M;N;D;D;T;O
X 25/07/2018;M;N;D;D;T;O
J 26/07/2018;T;D;M;D;N;O
V 27/07/2018;T;D;M;D;N;O
S 28/07/2018;N;D;T;M;D;D
D 29/07/2018;N;D;T;M;D;D
L 30/07/2018;D;M;N;T;D;O
M 31/07/2018;D;M;N;T;D;O
X 01/08/2018;D;T;D;N;M;O
J 02/08/2018;D;T;D;N;M;O
V 03/08/2018;M;N;D;D;T;O
S 04/08/2018;M;N;D;D;T;D
D 05/08/2018;T;D;M;D;N;D
L 06/08/2018;T;D;M;D;N;O
M 07/08/2018;N;D;T;M;D;O
X 08/08/2018;N;D;T;M;D;O
J 09/08/2018;D;M;N;T;D;O
V 10/08/2018;D;M;N;T;D;O
S 11/08/2018;D;T;D;N;M;D
D 12/08/2018;D;T;D;N;M;D
L 13/08/2018;O;N;D;D;T;M
M 14/08/2018;O;N;D;D;T;M
X 15/08/2018;O;D;M;D;N;T
J 16/08/2018;O;D;M;D;N;T
V 17/08/2018;O;D;T;M;D;N
S 18/08/2018;D;D;T;M;D;N
D 19/08/2018;D;M;N;T;D;D
L 20/08/2018;O;M;N;T;D;D
M 21/08/2018;O;T;D;N;M;D
X 22/08/2018;O;T;D;N;M;D
J 23/08/2018;O;N;D;D;T;M
V 24/08/2018;O;N;D;D;T;M
S 25/08/2018;D;D;M;D;N;T
D 26/08/2018;D;D;M;D;N;T
L 27/08/2018;O;D;T;M;D;N
M 28/08/2018;O;O;T;M;D;N
X 29/08/2018;O;M;N;T;D;D
J 30/08/2018;O;M;N;T;O;D
V 31/08/2018;O;T;D;N;M;D
S 01/09/2018;D;T;D;N;M;D
D 02/09/2018;D;N;D;D;T;M
L 03/09/2018;O;N;D;D;T;M
M 04/09/2018;O;D;M;D;N;T
X 05/09/2018;O;D;M;O;N;T
J 06/09/2018;O;D;T;M;D;N
V 07/09/2018;O;O;T;M;D;N
S 08/09/2018;D;M;N;T;D;D
D 09/09/2018;D;M;N;T;D;D
L 10/09/2018;M;T;D;N;O;D
M 11/09/2018;M;T;D;N;O;O
X 12/09/2018;T;N;D;D;O;M
J 13/09/2018;T;N;D;D;O;M
V 14/09/2018;N;D;M;D;O;T
S 15/09/2018;N;D;M;D;D;T
D 16/09/2018;D;D;T;M;D;N
L 17/09/2018;D;O;T;M;O;N
M 18/09/2018;D;M;N;T;O;D
X 19/09/2018;O;M;N;T;O;D
J 20/09/2018;M;T;D;N;O;D
V 21/09/2018;M;T;D;N;O;O
S 22/09/2018;T;N;D;D;D;M
D 23/09/2018;T;N;D;D;D;M
L 24/09/2018;N;D;M;D;O;T
M 25/09/2018;N;D;M;O;O;T
X 26/09/2018;D;D;T;M;O;N
J 27/09/2018;D;O;T;M;O;N
V 28/09/2018;D;M;N;T;O;D
S 29/09/2018;D;M;N;T;D;D
D 30/09/2018;M;T;D;N;D;D
L 01/10/2018;M;T;D;N;O;O
M 02/10/2018;T;N;D;D;O;M
X 03/10/2018;T;N;O;D;O;M
J 04/10/2018;N;D;M;D;O;T
V 05/10/2018;N;D;M;O;O;T
S 06/10/2018;D;D;T;M;D;N
D 07/10/2018;D;D;T;M;D;N
L 08/10/2018;D;O;N;T;M;D
M 09/10/2018;D;O;N;T;M;D
X 10/10/2018;M;O;D;N;T;D
J 11/10/2018;M;O;D;N;T;D
V 12/10/2018;T;O;D;D;N;M
S 13/10/2018;T;D;D;D;N;M
D 14/10/2018;N;D;M;D;D;T
L 15/10/2018;N;O;M;D;D;T
M 16/10/2018;D;O;T;M;D;N
X 17/10/2018;D;O;T;M;D;N
J 18/10/2018;D;O;N;T;M;D
V 19/10/2018;D;O;N;T;M;D
S 20/10/2018;M;D;D;N;T;D
D 21/10/2018;M;D;D;N;T;D
L 22/10/2018;T;M;D;D;N;O
M 23/10/2018;T;M;D;D;N;O
X 24/10/2018;N;T;M;D;D;O
J 25/10/2018;N;T;M;D;D;O
V 26/10/2018;D;N;T;M;D;O
S 27/10/2018;D;N;T;M;D;D
D 28/10/2018;D;D;N;T;M;D
L 29/10/2018;D;D;N;T;M;O
M 30/10/2018;M;D;D;N;T;O
X 31/10/2018;M;D;D;N;T;O
J 01/11/2018;T;M;D;D;N;O
V 02/11/2018;T;M;D;D;N;O
S 03/11/2018;N;T;M;D;D;D
D 04/11/2018;N;T;M;D;D;D
L 05/11/2018;D;N;T;O;D;M
M 06/11/2018;D;N;T;O;D;M
X 07/11/2018;D;D;N;O;M;T
J 08/11/2018;D;D;N;O;M;T
V 09/11/2018;M;D;D;O;T;N
S 10/11/2018;M;D;D;D;T;N
D 11/11/2018;T;M;D;D;N;D
L 12/11/2018;T;M;D;O;N;D
M 13/11/2018;N;T;M;O;D;D
X 14/11/2018;N;T;M;O;D;D
J 15/11/2018;D;N;T;O;D;M
V 16/11/2018;D;N;T;O;D;M
S 17/11/2018;D;D;N;D;M;T
D 18/11/2018;D;D;N;D;M;T
L 19/11/2018;O;D;D;M;T;N
M 20/11/2018;O;D;D;M;T;N
X 21/11/2018;O;M;D;T;N;D
J 22/11/2018;O;M;D;T;N;D
V 23/11/2018;O;T;M;N;D;D
S 24/11/2018;D;T;M;N;D;D
D 25/11/2018;D;N;T;D;D;M
L 26/11/2018;O;N;T;D;D;M
M 27/11/2018;O;D;N;D;M;T
X 28/11/2018;O;D;N;D;M;T
J 29/11/2018;O;D;D;M;T;N
V 30/11/2018;O;D;D;M;T;N
S 01/12/2018;D;M;D;T;N;D
D 02/12/2018;D;M;D;T;N;D
L 03/12/2018;M;T;O;N;D;D
M 04/12/2018;M;T;O;N;D;D
X 05/12/2018;T;N;O;D;D;M
J 06/12/2018;T;N;O;D;D;M
V 07/12/2018;N;D;O;D;M;T
S 08/12/2018;N;D;D;D;M;T
D 09/12/2018;D;D;D;M;T;N
L 10/12/2018;D;D;O;M;T;N
M 11/12/2018;D;M;O;T;N;D
X 12/12/2018;D;M;O;T;N;D
J 13/12/2018;M;T;O;N;D;D
V 14/12/2018;M;T;O;N;D;D
S 15/12/2018;T;N;D;D;D;M
D 16/12/2018;T;N;D;D;D;M
L 17/12/2018;N;D;M;D;O;T
M 18/12/2018;N;D;M;D;O;T
X 19/12/2018;D;D;T;M;O;N
J 20/12/2018;D;D;T;M;O;N
V 21/12/2018;D;M;N;T;O;D
S 22/12/2018;D;M;N;T;D;D
D 23/12/2018;M;T;D;N;D;D
L 24/12/2018;M;T;D;N;O;D
M 25/12/2018;T;N;D;D;O;M
X 26/12/2018;T;N;D;D;O;M
J 27/12/2018;N;D;M;D;O;T
V 28/12/2018;N;D;M;D;O;T
S 29/12/2018;D;D;T;M;D;N
D 30/12/2018;D;D;T;M;D;N
L 31/12/2018;D;O;N;T;M;D
M 01/01/2019;D;O;N;T;M;D
X 02/01/2019;M;O;D;N;T;D
J 03/01/2019;M;O;D;N;T;D
V 04/01/2019;T;O;D;D;N;M
S 05/01/2019;T;D;D;D;N;M
D 06/01/2019;N;D;M;D;D;T
L 07/01/2019;N;O;M;D;D;T
M 08/01/2019;D;O;T;M;D;N
X 09/01/2019;D;O;T;M;D;N
J 10/01/2019;D;O;N;T;M;D
V 11/01/2019;D;O;N;T;M;D
S 12/01/2019;M;D;D;N;T;D
D 13/01/2019;M;D;D;N;T;D
L 14/01/2019;T;M;D;D;N;O
M 15/01/2019;T;M;D;D;N;O
X 16/01/2019;N;T;M;D;D;O
J 17/01/2019;N;T;M;D;D;O
V 18/01/2019;D;N;T;M;D;O
S 19/01/2019;D;N;T;M;D;D
D 20/01/2019;D;D;N;T;M;D
L 21/01/2019;D;D;N;T;M;O
M 22/01/2019;M;D;D;N;T;O
X 23/01/2019;M;D;D;N;T;O
J 24/01/2019;T;M;D;D;N;O
V 25/01/2019;T;M;D;D;N;O
S 26/01/2019;N;T;M;D;D;D
D 27/01/2019;N;T;M;D;D;D
L 28/01/2019;D;N;T;O;D;M
M 29/01/2019;D;N;T;O;D;M
X 30/01/2019;D;D;N;O;M;T
J 31/01/2019;D;D;N;O;M;T
V 01/02/2019;M;D;D;O;T;N
S 02/02/2019;M;D;D;D;T;N
D 03/02/2019;T;M;D;D;N;D
L 04/02/2019;T;M;D;O;N;D
M 05/02/2019;N;T;M;O;D;D
X 06/02/2019;N;T;M;O;D;D
J 07/02/2019;D;N;T;O;D;M
V 08/02/2019;D;N;T;O;D;M
S 09/02/2019;D;D;N;D;M;T
D 10/02/2019;D;D;N;D;M;T
L 11/02/2019;O;D;D;M;T;N
M 12/02/2019;O;D;D;M;T;N
X 13/02/2019;O;M;D;T;N;D
J 14/02/2019;O;M;D;T;N;D
V 15/02/2019;O;T;M;N;D;D
S 16/02/2019;D;T;M;N;D;D
D 17/02/2019;D;N;T;D;D;M
L 18/02/2019;O;N;T;D;D;M
M 19/02/2019;O;D;N;D;M;T
X 20/02/2019;O;D;N;D;M;T
J 21/02/2019;O;D;D;M;T;N
V 22/02/2019;O;D;D;M;T;N
S 23/02/2019;D;M;D;T;N;D
D 24/02/2019;D;M;D;T;N;D
L 25/02/2019;M;T;O;N;D;D
M 26/02/2019;M;T;O;N;D;D
X 27/02/2019;T;N;O;D;D;M
J 28/02/2019;T;N;O;D;D;M
V 01/03/2019;N;D;O;D;M;T
S 02/03/2019;N;D;D;D;M;T
D 03/03/2019;D;D;D;M;T;N
L 04/03/2019;D;D;O;M;T;N
M 05/03/2019;D;M;O;T;N;D
X 06/03/2019;D;M;O;T;N;D
J 07/03/2019;M;T;O;N;D;D
V 08/03/2019;M;T;O;N;D;D
S 09/03/2019;T;N;D;D;D;M
D 10/03/2019;T;N;D;D;D;M
L 11/03/2019;N;D;M;D;O;T
M 12/03/2019;N;D;M;D;O;T
X 13/03/2019;D;D;T;M;O;N
J 14/03/2019;D;D;T;M;O;N
V 15/03/2019;D;M;N;T;O;D
S 16/03/2019;D;M;N;T;D;D
D 17/03/2019;M;T;D;N;D;D
L 18/03/2019;M;T;D;N;O;D
M 19/03/2019;T;N;D;D;O;M
X 20/03/2019;T;N;D;D;O;M
J 21/03/2019;N;D;M;D;O;T
V 22/03/2019;N;D;M;D;O;T
S 23/03/2019;D;D;T;M;D;N
D 24/03/2019;D;D;T;M;D;N
L 25/03/2019;D;O;N;T;M;D
M 26/03/2019;D;O;N;T;M;D
X 27/03/2019;M;O;D;N;T;D
J 28/03/2019;M;O;D;N;T;D
V 29/03/2019;T;O;D;D;N;M
S 30/03/2019;T;D;D;D;N;M
D 31/03/2019;N;D;M;D;D;T
L 01/04/2019;N;O;M;D;D;T
M 02/04/2019;D;O;T;M;D;N
X 03/04/2019;D;O;T;M;D;N
J 04/04/2019;D;O;N;T;M;D
V 05/04/2019;D;O;N;T;M;D
S 06/04/2019;M;D;D;N;T;D
D 07/04/2019;M;D;D;N;T;D
L 08/04/2019;T;M;D;D;N;O
M 09/04/2019;T;M;D;D;N;O
X 10/04/2019;N;T;M;D;D;O
J 11/04/2019;N;T;M;D;D;O
V 12/04/2019;D;N;T;M;D;O
S 13/04/2019;D;N;T;M;D;D
D 14/04/2019;D;D;N;T;M;D
L 15/04/2019;D;D;N;T;M;O
M 16/04/2019;M;D;D;N;T;O
X 17/04/2019;M;D;D;N;T;O
J 18/04/2019;T;M;D;D;N;O
V 19/04/2019;T;M;D;D;N;O
S 20/04/2019;N;T;M;D;D;D
D 21/04/2019;N;T;M;D;D;D
L 22/04/2019;D;N;T;O;D;M
M 23/04/2019;D;N;T;O;O;M
X 24/04/2019;D;D;N;O;M;T
J 25/04/2019;O;D;N;O;M;T
V 26/04/2019;M;D;D;O;T;N
S 27/04/2019;M;D;D;D;T;N
D 28/04/2019;T;M;D;D;N;D
L 29/04/2019;T;M;O;O;N;D
M 30/04/2019;N;T;M;O;D;D
X 01/05/2019;N;T;M;O;D;O
J 02/05/2019;D;N;T;O;D;M
V 03/05/2019;D;N;T;O;O;M
S 04/05/2019;D;D;N;D;M;T
D 05/05/2019;D;D;N;D;M;T
L 06/05/2019;M;D;D;O;T;N
M 07/05/2019;M;O;D;O;T;N
X 08/05/2019;T;M;D;O;N;D
J 09/05/2019;T;M;O;O;N;D
V 10/05/2019;N;T;M;O;D;D
S 11/05/2019;N;T;M;D;D;D
D 12/05/2019;D;N;T;D;D;M
L 13/05/2019;D;N;T;O;O;M
M 14/05/2019;D;D;N;O;M;T
X 15/05/2019;O;D;N;O;M;T
J 16/05/2019;M;D;D;O;T;N
V 17/05/2019;M;O;D;O;T;N
S 18/05/2019;T;M;D;D;N;D
D 19/05/2019;T;M;D;D;N;D
L 20/05/2019;N;T;O;M;D;D
M 21/05/2019;N;T;O;M;D;O
X 22/05/2019;D;N;O;T;D;M
J 23/05/2019;D;N;O;T;D;M
V 24/05/2019;D;D;O;N;M;T
S 25/05/2019;D;D;D;N;M;T
D 26/05/2019;M;D;D;D;T;N
L 27/05/2019;M;O;O;D;T;N
M 28/05/2019;T;M;O;D;N;D
X 29/05/2019;T;M;O;O;N;D
J 30/05/2019;N;T;O;M;D;D
V 31/05/2019;N;T;O;M;D;D
S 01/06/2019;D;N;D;T;D;M
D 02/06/2019;D;N;D;T;D;M
L 03/06/2019;D;D;O;N;M;T
M 04/06/2019;O;D;O;N;M;T
X 05/06/2019;M;D;O;D;T;N
J 06/06/2019;M;D;O;D;T;N
V 07/06/2019;T;M;O;D;N;D
S 08/06/2019;T;M;D;D;N;D
D 09/06/2019;N;T;D;M;D;D
L 10/06/2019;N;T;O;M;D;O
M 11/06/2019;D;N;O;T;D;M
X 12/06/2019;D;N;O;T;O;M
J 13/06/2019;D;D;O;N;M;T
V 14/06/2019;O;D;O;N;M;T
S 15/06/2019;M;D;D;D;T;N
D 16/06/2019;M;D;D;D;T;N
L 17/06/2019;T;O;M;D;N;D
M 18/06/2019;T;O;M;O;N;D
X 19/06/2019;N;O;T;M;D;D
J 20/06/2019;N;O;T;M;D;O
V 21/06/2019;D;O;N;T;D;M
S 22/06/2019;D;D;N;T;D;M
D 23/06/2019;D;D;D;N;M;T
L 24/06/2019;D;O;D;N;M;T
M 25/06/2019;M;O;D;D;T;N
X 26/06/2019;M;O;O;D;T;N
J 27/06/2019;T;O;M;D;N;D
V 28/06/2019;T;O;M;O;N;D
S 29/06/2019;N;D;T;M;D;D
D 30/06/2019;N;D;T;M;D;D
L 01/07/2019;D;O;N;T;D;M
M 02/07/2019;D;O;N;T;D;M
X 03/07/2019;D;O;D;N;M;T
J 04/07/2019;D;O;D;N;M;T
V 05/07/2019;M;O;D;D;T;N
S 06/07/2019;M;D;D;D;T;N
D 07/07/2019;T;D;M;D;N;D
L 08/07/2019;T;O;M;D;N;D
M 09/07/2019;N;O;T;M;D;D
X 10/07/2019;N;O;T;M;D;D
J 11/07/2019;D;O;N;T;D;M
V 12/07/2019;D;O;N;T;D;M
S 13/07/2019;D;D;D;N;M;T
D 14/07/2019;D;D;D;N;M;T
L 15/07/2019;O;M;D;D;T;N
M 16/07/2019;O;M;D;D;T;N
X 17/07/2019;O;T;M;D;N;D
J 18/07/2019;O;T;M;D;N;D
V 19/07/2019;O;N;T;M;D;D
S 20/07/2019;D;N;T;M;D;D
D 21/07/2019;D;D;N;T;D;M
L 22/07/2019;O;D;N;T;D;M
M 23/07/2019;O;D;D;N;M;T
X 24/07/2019;O;D;D;N;M;T
J 25/07/2019;O;M;D;D;T;N
V 26/07/2019;O;M;D;D;T;N
S 27/07/2019;D;T;M;D;N;D
D 28/07/2019;D;T;M;D;N;D
L 29/07/2019;O;N;T;M;D;D
M 30/07/2019;O;N;T;M;D;D
X 31/07/2019;O;D;N;T;D;M
J 01/08/2019;O;D;N;T;D;M
V 02/08/2019;O;D;D;N;M;T
S 03/08/2019;D;D;D;N;M;T
D 04/08/2019;D;M;D;D;T;N
L 05/08/2019;O;M;D;D;T;N
M 06/08/2019;O;T;M;D;N;D
X 07/08/2019;O;T;M;D;N;D
J 08/08/2019;O;N;T;M;D;D
V 09/08/2019;O;N;T;M;D;D
S 10/08/2019;D;D;N;T;D;M
D 11/08/2019;D;D;N;T;D;M
L 12/08/2019;M;D;D;N;O;T
M 13/08/2019;M;D;D;N;O;T
X 14/08/2019;T;M;D;D;O;N
J 15/08/2019;T;M;D;D;O;N
V 16/08/2019;N;T;M;D;O;D
S 17/08/2019;N;T;M;D;D;D
D 18/08/2019;D;N;T;M;D;D
L 19/08/2019;D;N;T;M;O;D
M 20/08/2019;D;D;N;T;O;M
X 21/08/2019;D;D;N;T;O;M
J 22/08/2019;M;D;D;N;O;T
V 23/08/2019;M;D;D;N;O;T
S 24/08/2019;T;M;D;D;D;N
D 25/08/2019;T;M;D;D;D;N
L 26/08/2019;N;T;M;D;O;D
M 27/08/2019;N;T;M;O;O;D
X 28/08/2019;D;N;T;M;O;D
J 29/08/2019;D;N;T;M;O;O
V 30/08/2019;D;D;N;T;O;M
S 31/08/2019;D;D;N;T;D;M
D 01/09/2019;M;D;D;N;D;T
L 02/09/2019;M;O;D;N;O;T
M 03/09/2019;T;M;D;D;O;N
X 04/09/2019;T;M;O;D;O;N
J 05/09/2019;N;T;M;D;O;D
V 06/09/2019;N;T;M;O;O;D
S 07/09/2019;D;N;T;M;D;D
D 08/09/2019;D;N;T;M;D;D
L 09/09/2019;D;D;N;T;M;O
M 10/09/2019;O;D;N;T;M;O
X 11/09/2019;M;D;D;N;T;O
J 12/09/2019;M;O;D;N;T;O
V 13/09/2019;T;M;D;D;N;O
S 14/09/2019;T;M;D;D;N;D
D 15/09/2019;N;T;M;D;D;D
L 16/09/2019;N;T;M;O;D;O
M 17/09/2019;D;N;T;M;D;O
X 18/09/2019;D;N;T;M;O;O
J 19/09/2019;D;D;N;T;M;O
V 20/09/2019;O;D;N;T;M;O
S 21/09/2019;M;D;D;N;T;D
D 22/09/2019;M;D;D;N;T;D
L 23/09/2019;T;M;D;D;N;O
M 24/09/2019;T;M;O;D;N;O
X 25/09/2019;N;T;M;D;D;O
J 26/09/2019;N;T;M;O;D;O
V 27/09/2019;D;N;T;M;D;O
S 28/09/2019;D;N;T;M;D;D
D 29/09/2019;D;D;N;T;M;D
L 30/09/2019;O;D;N;T;M;O
M 01/10/2019;M;D;D;N;T;O
X 02/10/2019;M;O;D;N;T;O
J 03/10/2019;T;M;D;D;N;O
V 04/10/2019;T;M;O;D;N;O
S 05/10/2019;N;T;M;D;D;D
D 06/10/2019;N;T;M;D;D;D
L 07/10/2019;D;N;T;O;D;M
M 08/10/2019;D;N;T;O;D;M
X 09/10/2019;D;D;N;O;M;T
J 10/10/2019;D;D;N;O;M;T
V 11/10/2019;M;D;D;O;T;N
S 12/10/2019;M;D;D;D;T;N
D 13/10/2019;T;M;D;D;N;D
L 14/10/2019;T;M;D;O;N;D
M 15/10/2019;N;T;M;O;D;D
X 16/10/2019;N;T;M;O;D;D
J 17/10/2019;D;N;T;O;D;M
V 18/10/2019;D;N;T;O;D;M
S 19/10/2019;D;D;N;D;M;T
D 20/10/2019;D;D;N;D;M;T
L 21/10/2019;O;D;D;M;T;N
M 22/10/2019;O;D;D;M;T;N
X 23/10/2019;O;M;D;T;N;D
J 24/10/2019;O;M;D;T;N;D
V 25/10/2019;O;T;M;N;D;D
S 26/10/2019;D;T;M;N;D;D
D 27/10/2019;D;N;T;D;D;M
L 28/10/2019;O;N;T;D;D;M
M 29/10/2019;O;D;N;D;M;T
X 30/10/2019;O;D;N;D;M;T
J 31/10/2019;O;D;D;M;T;N
V 01/11/2019;O;D;D;M;T;N
S 02/11/2019;D;M;D;T;N;D
D 03/11/2019;D;M;D;T;N;D
L 04/11/2019;M;T;O;N;D;D
M 05/11/2019;M;T;O;N;D;D
X 06/11/2019;T;N;O;D;D;M
J 07/11/2019;T;N;O;D;D;M
V 08/11/2019;N;D;O;D;M;T
S 09/11/2019;N;D;D;D;M;T
D 10/11/2019;D;D;D;M;T;N
L 11/11/2019;D;D;O;M;T;N
M 12/11/2019;D;M;O;T;N;D
X 13/11/2019;D;M;O;T;N;D
J 14/11/2019;M;T;O;N;D;D
V 15/11/2019;M;T;O;N;D;D
S 16/11/2019;T;N;D;D;D;M
D 17/11/2019;T;N;D;D;D;M
L 18/11/2019;N;D;M;D;O;T
M 19/11/2019;N;D;M;D;O;T
X 20/11/2019;D;D;T;M;O;N
J 21/11/2019;D;D;T;M;O;N
V 22/11/2019;D;M;N;T;O;D
S 23/11/2019;D;M;N;T;D;D
D 24/11/2019;M;T;D;N;D;D
L 25/11/2019;M;T;D;N;O;D
M 26/11/2019;T;N;D;D;O;M
X 27/11/2019;T;N;D;D;O;M
J 28/11/2019;N;D;M;D;O;T
V 29/11/2019;N;D;M;D;O;T
S 30/11/2019;D;D;T;M;D;N
D 01/12/2019;D;D;T;M;D;N
L 02/12/2019;D;O;N;T;M;D
M 03/12/2019;D;O;N;T;M;D
X 04/12/2019;M;O;D;N;T;D
J 05/12/2019;M;O;D;N;T;D
V 06/12/2019;T;O;D;D;N;M
S 07/12/2019;T;D;D;D;N;M
D 08/12/2019;N;D;M;D;D;T
L 09/12/2019;N;O;M;D;D;T
M 10/12/2019;D;O;T;M;D;N
X 11/12/2019;D;O;T;M;D;N
J 12/12/2019;D;O;N;T;M;D
V 13/12/2019;D;O;N;T;M;D
S 14/12/2019;M;D;D;N;T;D
D 15/12/2019;M;D;D;N;T;D
L 16/12/2019;T;M;D;D;N;O
M 17/12/2019;T;M;D;D;N;O
X 18/12/2019;N;T;M;D;D;O
J 19/12/2019;N;T;M;D;D;O
V 20/12/2019;D;N;T;M;D;O
S 21/12/2019;D;N;T;M;D;D
D 22/12/2019;D;D;N;T;M;D
L 23/12/2019;D;D;N;T;M;O
M 24/12/2019;M;D;D;N;T;O
X 25/12/2019;M;D;D;N;T;O
J 26/12/2019;T;M;D;D;N;O
V 27/12/2019;T;M;D;D;N;O
S 28/12/2019;N;T;M;D;D;D
D 29/12/2019;N;T;M;D;D;D
L 30/12/2019;D;N;T;O;D;M
M 31/12/2019;D;N;T;O;D;M
X 01/01/2020;D;D;N;O;M;T
J 02/01/2020;D;D;N;O;M;T
V 03/01/2020;M;D;D;O;T;N
S 04/01/2020;M;D;D;D;T;N
D 05/01/2020;T;M;D;D;N;D
L 06/01/2020;T;M;D;O;N;D
M 07/01/2020;N;T;M;O;D;D
X 08/01/2020;N;T;M;O;D;D
J 09/01/2020;D;N;T;O;D;M
V 10/01/2020;D;N;T;O;D;M
S 11/01/2020;D;D;N;D;M;T
D 12/01/2020;D;D;N;D;M;T
L 13/01/2020;O;D;D;M;T;N
M 14/01/2020;O;D;D;M;T;N
X 15/01/2020;O;M;D;T;N;D
J 16/01/2020;O;M;D;T;N;D
V 17/01/2020;O;T;M;N;D;D
S 18/01/2020;D;T;M;N;D;D
D 19/01/2020;D;N;T;D;D;M
L 20/01/2020;O;N;T;D;D;M
M 21/01/2020;O;D;N;D;M;T
X 22/01/2020;O;D;N;D;M;T
J 23/01/2020;O;D;D;M;T;N
V 24/01/2020;O;D;D;M;T;N
S 25/01/2020;D;M;D;T;N;D
D 26/01/2020;D;M;D;T;N;D
L 27/01/2020;M;T;O;N;D;D
M 28/01/2020;M;T;O;N;D;D
X 29/01/2020;T;N;O;D;D;M
J 30/01/2020;T;N;O;D;D;M
V 31/01/2020;N;D;O;D;M;T
S 01/02/2020;N;D;D;D;M;T
D 02/02/2020;D;D;D;M;T;N
L 03/02/2020;D;D;O;M;T;N
M 04/02/2020;D;M;O;T;N;D
X 05/02/2020;D;M;O;T;N;D
J 06/02/2020;M;T;O;N;D;D
V 07/02/2020;M;T;O;N;D;D
S 08/02/2020;T;N;D;D;D;M
D 09/02/2020;T;N;D;D;D;M
L 10/02/2020;N;D;M;D;O;T
M 11/02/2020;N;D;M;D;O;T
X 12/02/2020;D;D;T;M;O;N
J 13/02/2020;D;D;T;M;O;N
V 14/02/2020;D;M;N;T;O;D
S 15/02/2020;D;M;N;T;D;D
D 16/02/2020;M;T;D;N;D;D
L 17/02/2020;M;T;D;N;O;D
M 18/02/2020;T;N;D;D;O;M
X 19/02/2020;T;N;D;D;O;M
J 20/02/2020;N;D;M;D;O;T
V 21/02/2020;N;D;M;D;O;T
S 22/02/2020;D;D;T;M;D;N
D 23/02/2020;D;D;T;M;D;N
L 24/02/2020;D;O;N;T;M;D
M 25/02/2020;D;O;N;T;M;D
X 26/02/2020;M;O;D;N;T;D
J 27/02/2020;M;O;D;N;T;D
V 28/02/2020;T;O;D;D;N;M
S 29/02/2020;T;D;D;D;N;M
D 01/03/2020;N;D;M;D;D;T
L 02/03/2020;N;O;M;D;D;T
M 03/03/2020;D;O;T;M;D;N
X 04/03/2020;D;O;T;M;D;N
J 05/03/2020;D;O;N;T;M;D
V 06/03/2020;D;O;N;T;M;D
S 07/03/2020;M;D;D;N;T;D
D 08/03/2020;M;D;D;N;T;D
L 09/03/2020;T;M;D;D;N;O
M 10/03/2020;T;M;D;D;N;O
X 11/03/2020;N;T;M;D;D;O
J 12/03/2020;N;T;M;D;D;O
V 13/03/2020;D;N;T;M;D;O
S 14/03/2020;D;N;T;M;D;D
D 15/03/2020;D;D;N;T;M;D
L 16/03/2020;D;D;N;T;M;O
M 17/03/2020;M;D;D;N;T;O
X 18/03/2020;M;D;D;N;T;O
J 19/03/2020;T;M;D;D;N;O
V 20/03/2020;T;M;D;D;N;O
S 21/03/2020;N;T;M;D;D;D
D 22/03/2020;N;T;M;D;D;D
L 23/03/2020;D;N;T;O;D;M
M 24/03/2020;D;N;T;O;D;M
X 25/03/2020;D;D;N;O;M;T
J 26/03/2020;D;D;N;O;M;T
V 27/03/2020;M;D;D;O;T;N
S 28/03/2020;M;D;D;D;T;N
D 29/03/2020;T;M;D;D;N;D
L 30/03/2020;T;M;D;O;N;D
M 31/03/2020;N;T;M;O;D;D
X 01/04/2020;N;T;M;O;D;D
J 02/04/2020;D;N;T;O;D;M
V 03/04/2020;D;N;T;O;D;M
S 04/04/2020;D;D;N;D;M;T
D 05/04/2020;D;D;N;D;M;T
L 06/04/2020;O;D;D;M;T;N
M 07/04/2020;O;D;D;M;T;N
X 08/04/2020;O;M;D;T;N;D
J 09/04/2020;O;M;D;T;N;D
V 10/04/2020;O;T;M;N;D;D
S 11/04/2020;D;T;M;N;D;D
D 12/04/2020;D;N;T;D;D;M
L 13/04/2020;O;N;T;D;D;M
M 14/04/2020;O;D;N;D;M;T
X 15/04/2020;O;D;N;D;M;T
J 16/04/2020;O;D;D;M;T;N
V 17/04/2020;O;D;D;M;T;N
S 18/04/2020;D;M;D;T;N;D
D 19/04/2020;D;M;D;T;N;D
L 20/04/2020;M;T;O;N;D;D
M 21/04/2020;M;T;O;N;D;D
X 22/04/2020;T;N;O;D;D;M
J 23/04/2020;T;N;O;D;D;M
V 24/04/2020;N;D;O;D;M;T
S 25/04/2020;N;D;D;D;M;T
D 26/04/2020;D;D;D;M;T;N
L 27/04/2020;D;D;O;M;T;N
M 28/04/2020;D;M;O;T;N;D
X 29/04/2020;D;M;O;T;N;D
J 30/04/2020;M;T;O;N;D;D
V 01/05/2020;M;T;O;N;D;D
S 02/05/2020;T;N;D;D;D;M
D 03/05/2020;T;N;D;D;D;M
L 04/05/2020;N;D;M;D;O;T
M 05/05/2020;N;D;M;D;O;T
X 06/05/2020;D;D;T;M;O;N
J 07/05/2020;D;D;T;M;O;N
V 08/05/2020;D;M;N;T;O;D
S 09/05/2020;D;M;N;T;D;D
D 10/05/2020;M;T;D;N;D;D
L 11/05/2020;M;T;D;N;O;D
M 12/05/2020;T;N;D;D;O;M
X 13/05/2020;T;N;D;D;O;M
J 14/05/2020;N;D;M;D;O;T
V 15/05/2020;N;D;M;D;O;T
S 16/05/2020;D;D;T;M;D;N
D 17/05/2020;D;D;T;M;D;N
L 18/05/2020;D;M;N;T;O;D
M 19/05/2020;D;M;N;T;O;D
X 20/05/2020;M;T;D;N;O;D
J 21/05/2020;M;T;D;N;O;D
V 22/05/2020;T;N;D;D;O;M
S 23/05/2020;T;N;D;D;D;M
D 24/05/2020;N;D;M;D;D;T
L 25/05/2020;N;D;M;D;O;T
M 26/05/2020;D;D;T;M;O;N
X 27/05/2020;D;D;T;M;O;N
J 28/05/2020;D;M;N;T;O;D
V 29/05/2020;D;M;N;T;O;D
S 30/05/2020;M;T;D;N;D;D
D 31/05/2020;M;T;D;N;D;D
L 01/06/2020;T;N;D;D;M;O
M 02/06/2020;T;N;D;D;M;O
X 03/06/2020;N;D;M;D;T;O
J 04/06/2020;N;D;M;D;T;O
V 05/06/2020;D;D;T;M;N;O
S 06/06/2020;D;D;T;M;N;D
D 07/06/2020;D;M;N;T;D;D
L 08/06/2020;D;M;N;T;D;O
M 09/06/2020;M;T;D;N;D;O
X 10/06/2020;M;T;D;N;D;O
J 11/06/2020;T;N;D;D;M;O
V 12/06/2020;T;N;D;D;M;O
S 13/06/2020;N;D;M;D;T;D
D 14/06/2020;N;D;M;D;T;D
L 15/06/2020;D;D;T;M;N;O
M 16/06/2020;D;D;T;M;N;O
X 17/06/2020;D;M;N;T;D;O
J 18/06/2020;D;M;N;T;D;O
V 19/06/2020;M;T;D;N;D;O
S 20/06/2020;M;T;D;N;D;D
D 21/06/2020;T;N;D;D;M;D
L 22/06/2020;T;N;D;D;M;O
M 23/06/2020;N;D;M;D;T;O
X 24/06/2020;N;D;M;D;T;O
J 25/06/2020;D;D;T;M;N;O
V 26/06/2020;D;D;T;M;N;O
S 27/06/2020;D;M;N;T;D;D
D 28/06/2020;D;M;N;T;D;D
L 29/06/2020;O;T;D;N;D;M
M 30/06/2020;O;T;D;N;D;M
X 01/07/2020;O;N;D;D;M;T
J 02/07/2020;O;N;D;D;M;T
V 03/07/2020;O;D;M;D;T;N
S 04/07/2020;D;D;M;D;T;N
D 05/07/2020;D;D;T;M;N;D
L 06/07/2020;O;D;T;M;N;D
M 07/07/2020;O;M;N;T;D;D
X 08/07/2020;O;M;N;T;D;D
J 09/07/2020;O;T;D;N;D;M
V 10/07/2020;O;T;D;N;D;M
S 11/07/2020;D;N;D;D;M;T
D 12/07/2020;D;N;D;D;M;T
L 13/07/2020;O;D;M;D;T;N
M 14/07/2020;O;D;M;D;T;N
X 15/07/2020;O;D;T;M;N;D
J 16/07/2020;O;D;T;M;N;D
V 17/07/2020;O;M;N;T;D;D
S 18/07/2020;D;M;N;T;D;D
D 19/07/2020;D;T;D;N;D;M
L 20/07/2020;O;T;D;N;D;M
M 21/07/2020;O;N;D;D;M;T
X 22/07/2020;O;N;D;D;M;T
J 23/07/2020;O;D;M;D;T;N
V 24/07/2020;O;D;M;D;T;N
S 25/07/2020;D;D;T;M;N;D
D 26/07/2020;D;D;T;M;N;D
L 27/07/2020;M;O;N;T;D;D
M 28/07/2020;M;O;N;T;D;D
X 29/07/2020;T;O;D;N;D;M
J 30/07/2020;T;O;D;N;D;M
V 31/07/2020;N;O;D;D;M;T
S 01/08/2020;N;D;D;D;M;T
D 02/08/2020;D;D;M;D;T;N
L 03/08/2020;D;O;M;D;T;N
M 04/08/2020;D;O;T;M;N;D
X 05/08/2020;D;O;T;M;N;D
J 06/08/2020;M;O;N;T;D;D
V 07/08/2020;M;O;N;T;D;D
S 08/08/2020;T;D;D;N;D;M
D 09/08/2020;T;D;D;N;D;M
L 10/08/2020;N;O;D;D;M;T
M 11/08/2020;N;O;D;D;M;T
X 12/08/2020;D;O;M;D;T;N
J 13/08/2020;D;O;M;D;T;N
V 14/08/2020;D;O;T;M;N;D
S 15/08/2020;D;D;T;M;N;D
D 16/08/2020;M;D;N;T;D;D
L 17/08/2020;M;O;N;T;D;D
M 18/08/2020;T;O;D;N;D;M
X 19/08/2020;T;O;D;N;D;M
J 20/08/2020;N;O;D;D;M;T
V 21/08/2020;N;O;D;D;M;T
S 22/08/2020;D;D;M;D;T;N
D 23/08/2020;D;D;M;D;T;N
L 24/08/2020;D;M;T;O;N;D
M 25/08/2020;D;M;T;O;N;D
X 26/08/2020;M;T;N;O;D;D
J 27/08/2020;M;T;N;O;D;D
V 28/08/2020;T;N;D;O;D;M
S 29/08/2020;T;N;D;D;D;M
D 30/08/2020;N;D;D;D;M;T
L 31/08/2020;N;D;D;O;M;T
M 01/09/2020;D;D;M;O;T;N
X 02/09/2020;D;D;M;O;T;N
J 03/09/2020;D;M;T;O;N;D
V 04/09/2020;D;M;T;O;N;D
S 05/09/2020;M;T;N;D;D;D
D 06/09/2020;M;T;N;D;D;D
L 07/09/2020;T;N;D;O;D;M
M 08/09/2020;T;N;D;O;D;M
X 09/09/2020;N;D;D;O;M;T
J 10/09/2020;N;D;D;O;M;T
V 11/09/2020;D;D;M;O;T;N
S 12/09/2020;D;D;M;D;T;N
D 13/09/2020;D;M;T;D;N;D
L 14/09/2020;D;M;T;O;N;D
M 15/09/2020;M;T;N;O;D;D
X 16/09/2020;M;T;N;O;D;D
J 17/09/2020;T;N;D;O;D;M
V 18/09/2020;T;N;D;O;D;M
S 19/09/2020;N;D;D;D;M;T
D 20/09/2020;N;D;D;D;M;T
L 21/09/2020;D;D;O;M;T;N
M 22/09/2020;D;D;O;M;T;N
X 23/09/2020;D;M;O;T;N;D
J 24/09/2020;D;M;O;T;N;D
V 25/09/2020;M;T;O;N;D;D
S 26/09/2020;M;T;D;N;D;D
D 27/09/2020;T;N;D;D;D;M
L 28/09/2020;T;N;O;D;D;M
M 29/09/2020;N;D;O;D;M;T
X 30/09/2020;N;D;O;D;M;T
J 01/10/2020;D;D;O;M;T;N
V 02/10/2020;D;D;O;M;T;N
S 03/10/2020;D;M;D;T;N;D
D 04/10/2020;D;M;D;T;N;D
L 05/10/2020;M;T;O;N;D;D
M 06/10/2020;M;T;O;N;D;D
X 07/10/2020;T;N;O;D;D;M
J 08/10/2020;T;N;O;D;D;M
V 09/10/2020;N;D;O;D;M;T
S 10/10/2020;N;D;D;D;M;T
D 11/10/2020;D;D;D;M;T;N
L 12/10/2020;D;D;O;M;T;N
M 13/10/2020;D;M;O;T;N;D
X 14/10/2020;D;M;O;T;N;D
J 15/10/2020;M;T;O;N;D;D
V 16/10/2020;M;T;O;N;D;D
S 17/10/2020;T;N;D;D;D;M
D 18/10/2020;T;N;D;D;D;M
L 19/10/2020;N;D;M;D;O;T
M 20/10/2020;N;D;M;D;O;T
X 21/10/2020;D;D;T;M;O;N
J 22/10/2020;D;D;T;M;O;N
V 23/10/2020;D;M;N;T;O;D
S 24/10/2020;D;M;N;T;D;D
D 25/10/2020;M;T;D;N;D;D
L 26/10/2020;M;T;D;N;O;D
M 27/10/2020;T;N;D;D;O;M
X 28/10/2020;T;N;D;D;O;M
J 29/10/2020;N;D;M;D;O;T
V 30/10/2020;N;D;M;D;O;T
S 31/10/2020;D;D;T;M;D;N
D 01/11/2020;D;D;T;M;D;N
L 02/11/2020;D;O;N;T;M;D
M 03/11/2020;D;O;N;T;M;D
X 04/11/2020;M;O;D;N;T;D
J 05/11/2020;M;O;D;N;T;D
V 06/11/2020;T;O;D;D;N;M
S 07/11/2020;T;D;D;D;N;M
D 08/11/2020;N;D;M;D;D;T
L 09/11/2020;N;O;M;D;D;T
M 10/11/2020;D;O;T;M;D;N
X 11/11/2020;D;O;T;M;D;N
J 12/11/2020;D;O;N;T;M;D
V 13/11/2020;D;O;N;T;M;D
S 14/11/2020;M;D;D;N;T;D
D 15/11/2020;M;D;D;N;T;D
L 16/11/2020;T;M;D;D;N;O
M 17/11/2020;T;M;D;D;N;O
X 18/11/2020;N;T;M;D;D;O
J 19/11/2020;N;T;M;D;D;O
V 20/11/2020;D;N;T;M;D;O
S 21/11/2020;D;N;T;M;D;D
D 22/11/2020;D;D;N;T;M;D
L 23/11/2020;D;D;N;T;M;O
M 24/11/2020;M;D;D;N;T;O
X 25/11/2020;M;D;D;N;T;O
J 26/11/2020;T;M;D;D;N;O
V 27/11/2020;T;M;D;D;N;O
S 28/11/2020;N;T;M;D;D;D
D 29/11/2020;N;T;M;D;D;D
L 30/11/2020;D;N;T;O;D;M
M 01/12/2020;D;N;T;O;D;M
X 02/12/2020;D;D;N;O;M;T
J 03/12/2020;D;D;N;O;M;T
V 04/12/2020;M;D;D;O;T;N
S 05/12/2020;M;D;D;D;T;N
D 06/12/2020;T;M;D;D;N;D
L 07/12/2020;T;M;D;O;N;D
M 08/12/2020;N;T;M;O;D;D
X 09/12/2020;N;T;M;O;D;D
J 10/12/2020;D;N;T;O;D;M
V 11/12/2020;D;N;T;O;D;M
S 12/12/2020;D;D;N;D;M;T
D 13/12/2020;D;D;N;D;M;T
L 14/12/2020;O;D;D;M;T;N
M 15/12/2020;O;D;D;M;T;N
X 16/12/2020;O;M;D;T;N;D
J 17/12/2020;O;M;D;T;N;D
V 18/12/2020;O;T;M;N;D;D
S 19/12/2020;D;T;M;N;D;D
D 20/12/2020;D;N;T;D;D;M
L 21/12/2020;O;N;T;D;D;M
M 22/12/2020;O;D;N;D;M;T
X 23/12/2020;O;D;N;D;M;T
J 24/12/2020;O;D;D;M;T;N
V 25/12/2020;O;D;D;M;T;N
S 26/12/2020;D;M;D;T;N;D
D 27/12/2020;D;M;D;T;N;D
L 28/12/2020;M;T;O;N;D;D
M 29/12/2020;M;T;O;N;D;D
X 30/12/2020;T;N;O;D;D;M
J 31/12/2020;T;N;O;D;D;M
V 01/01/2021;N;D;O;D;M;T
S 02/01/2021;N;D;D;D;M;T
D 03/01/2021;D;D;D;M;T;N
L 04/01/2021;D;D;O;M;T;N
M 05/01/2021;D;M;O;T;N;D
X 06/01/2021;D;M;O;T;N;D
J 07/01/2021;M;T;O;N;D;D
V 08/01/2021;M;T;O;N;D;D
S 09/01/2021;T;N;D;D;D;M
D 10/01/2021;T;N;D;D;D;M
L 11/01/2021;N;D;M;D;O;T
M 12/01/2021;N;D;M;D;O;T
X 13/01/2021;D;D;T;M;O;N
J 14/01/2021;D;D;T;M;O;N
V 15/01/2021;D;M;N;T;O;D
S 16/01/2021;D;M;N;T;D;D
D 17/01/2021;M;T;D;N;D;D
L 18/01/2021;M;T;D;N;O;D
M 19/01/2021;T;N;D;D;O;M
X 20/01/2021;T;N;D;D;O;M
J 21/01/2021;N;D;M;D;O;T
V 22/01/2021;N;D;M;D;O;T
S 23/01/2021;D;D;T;M;D;N
D 24/01/2021;D;D;T;M;D;N
L 25/01/2021;D;O;N;T;M;D
M 26/01/2021;D;O;N;T;M;D
X 27/01/2021;M;O;D;N;T;D
J 28/01/2021;M;O;D;N;T;D
V 29/01/2021;T;O;D;D;N;M
S 30/01/2021;T;D;D;D;N;M
D 31/01/2021;N;D;M;D;D;T
L 01/02/2021;N;O;M;D;D;T
M 02/02/2021;D;O;T;M;D;N
X 03/02/2021;D;O;T;M;D;N
J 04/02/2021;D;O;N;T;M;D
V 05/02/2021;D;O;N;T;M;D
S 06/02/2021;M;D;D;N;T;D
D 07/02/2021;M;D;D;N;T;D
L 08/02/2021;T;M;D;D;N;O
M 09/02/2021;T;M;D;D;N;O
X 10/02/2021;N;T;M;D;D;O
J 11/02/2021;N;T;M;D;D;O
V 12/02/2021;D;N;T;M;D;O
S 13/02/2021;D;N;T;M;D;D
D 14/02/2021;D;D;N;T;M;D
L 15/02/2021;D;D;N;T;M;O
M 16/02/2021;M;D;D;N;T;O
X 17/02/2021;M;D;D;N;T;O
J 18/02/2021;T;M;D;D;N;O
V 19/02/2021;T;M;D;D;N;O
S 20/02/2021;N;T;M;D;D;D
D 21/02/2021;N;T;M;D;D;D
L 22/02/2021;D;N;T;O;D;M
M 23/02/2021;D;N;T;O;D;M
X 24/02/2021;D;D;N;O;M;T
J 25/02/2021;D;D;N;O;M;T
V 26/02/2021;M;D;D;O;T;N
S 27/02/2021;M;D;D;D;T;N
D 28/02/2021;T;M;D;D;N;D
L 01/03/2021;T;M;D;O;N;D
M 02/03/2021;N;T;M;O;D;D
X 03/03/2021;N;T;M;O;D;D
J 04/03/2021;D;N;T;O;D;M
V 05/03/2021;D;N;T;O;D;M
S 06/03/2021;D;D;N;D;M;T
D 07/03/2021;D;D;N;D;M;T
L 08/03/2021;O;D;D;M;T;N
M 09/03/2021;O;D;D;M;T;N
X 10/03/2021;O;M;D;T;N;D
J 11/03/2021;O;M;D;T;N;D
V 12/03/2021;O;T;M;N;D;D
S 13/03/2021;D;T;M;N;D;D
D 14/03/2021;D;N;T;D;D;M
L 15/03/2021;O;N;T;D;D;M
M 16/03/2021;O;D;N;D;M;T
X 17/03/2021;O;D;N;D;M;T
J 18/03/2021;O;D;D;M;T;N
V 19/03/2021;O;D;D;M;T;N
S 20/03/2021;D;M;D;T;N;D
D 21/03/2021;D;M;D;T;N;D
L 22/03/2021;M;T;O;N;D;D
M 23/03/2021;M;T;O;N;D;D
X 24/03/2021;T;N;O;D;D;M
J 25/03/2021;T;N;O;D;D;M
V 26/03/2021;N;D;O;D;M;T
S 27/03/2021;N;D;D;D;M;T
D 28/03/2021;D;D;D;M;T;N
L 29/03/2021;D;D;O;M;T;N
M 30/03/2021;D;M;O;T;N;D
X 31/03/2021;D;M;O;T;N;D
J 01/04/2021;M;T;O;N;D;D
V 02/04/2021;M;T;O;N;D;D
S 03/04/2021;T;N;D;D;D;M
D 04/04/2021;T;N;D;D;D;M
L 05/04/2021;N;D;M;D;O;T
M 06/04/2021;N;D;M;D;O;T
X 07/04/2021;D;D;T;M;O;N
J 08/04/2021;D;D;T;M;O;N
V 09/04/2021;D;M;N;T;O;D
S 10/04/2021;D;M;N;T;D;D
D 11/04/2021;M;T;D;N;D;D
L 12/04/2021;M;T;D;N;O;D
M 13/04/2021;T;N;D;D;O;M
X 14/04/2021;T;N;D;D;O;M
J 15/04/2021;N;D;M;D;O;T
V 16/04/2021;N;D;M;D;O;T
S 17/04/2021;D;D;T;M;D;N
D 18/04/2021;D;D;T;M;D;N
L 19/04/2021;D;O;N;T;M;D
M 20/04/2021;D;O;N;T;M;D
X 21/04/2021;M;O;D;N;T;D
J 22/04/2021;M;O;D;N;T;D
V 23/04/2021;T;O;D;D;N;M
S 24/04/2021;T;D;D;D;N;M
D 25/04/2021;N;D;M;D;D;T
L 26/04/2021;N;O;M;D;D;T
M 27/04/2021;D;O;T;M;D;N
X 28/04/2021;D;O;T;M;D;N
J 29/04/2021;D;O;N;T;M;D
V 30/04/2021;D;O;N;T;M;D
S 01/05/2021;M;D;D;N;T;D
D 02/05/2021;M;D;D;N;T;D
L 03/05/2021;T;M;D;D;N;O
M 04/05/2021;T;M;D;D;N;O
X 05/05/2021;N;T;M;D;D;O
J 06/05/2021;N;T;M;D;D;O
V 07/05/2021;D;N;T;M;D;O
S 08/05/2021;D;N;T;M;D;D
D 09/05/2021;D;D;N;T;M;D
L 10/05/2021;D;D;N;T;M;O
M 11/05/2021;M;D;D;N;T;O
X 12/05/2021;M;D;D;N;T;O
J 13/05/2021;T;M;D;D;N;O
V 14/05/2021;T;M;D;D;N;O
S 15/05/2021;N;T;M;D;D;D
D 16/05/2021;N;T;M;D;D;D
L 17/05/2021;D;N;T;M;D;O
M 18/05/2021;D;N;T;M;D;O
X 19/05/2021;D;D;N;T;M;O
J 20/05/2021;D;D;N;T;M;O
V 21/05/2021;M;D;D;N;T;O
S 22/05/2021;M;D;D;N;T;D
D 23/05/2021;T;M;D;D;N;D
L 24/05/2021;T;M;D;D;N;O
M 25/05/2021;N;T;M;D;D;O
X 26/05/2021;N;T;M;D;D;O
J 27/05/2021;D;N;T;M;D;O
V 28/05/2021;D;N;T;M;D;O
S 29/05/2021;D;D;N;T;M;D
D 30/05/2021;D;D;N;T;M;D
L 31/05/2021;O;D;D;N;T;M
M 01/06/2021;O;D;D;N;T;M
X 02/06/2021;O;M;D;D;N;T
J 03/06/2021;O;M;D;D;N;T
V 04/06/2021;O;T;M;D;D;N
S 05/06/2021;D;T;M;D;D;N
D 06/06/2021;D;N;T;M;D;D
L 07/06/2021;O;N;T;M;D;D
M 08/06/2021;O;D;N;T;M;D
X 09/06/2021;O;D;N;T;M;D
J 10/06/2021;O;D;D;N;T;M
V 11/06/2021;O;D;D;N;T;M
S 12/06/2021;D;M;D;D;N;T
D 13/06/2021;D;M;D;D;N;T
L 14/06/2021;O;T;M;D;D;N
M 15/06/2021;O;T;M;D;D;N
X 16/06/2021;O;N;T;M;D;D
J 17/06/2021;O;N;T;M;D;D
V 18/06/2021;O;D;N;T;M;D
S 19/06/2021;D;D;N;T;M;D
D 20/06/2021;D;D;D;N;T;M
L 21/06/2021;O;D;D;N;T;M
M 22/06/2021;O;M;D;D;N;T
X 23/06/2021;O;M;D;D;N;T
J 24/06/2021;O;T;M;D;D;N
V 25/06/2021;O;T;M;D;D;N
S 26/06/2021;D;N;T;M;D;D
D 27/06/2021;D;N;T;M;D;D
L 28/06/2021;M;D;N;T;O;D
M 29/06/2021;M;D;N;T;O;D
X 30/06/2021;T;D;D;N;O;M
J 01/07/2021;T;D;D;N;O;M
V 02/07/2021;N;M;D;D;O;T
S 03/07/2021;N;M;D;D;D;T
D 04/07/2021;D;T;M;D;D;N
L 05/07/2021;D;T;M;D;O;N
M 06/07/2021;D;N;T;M;O;D
X 07/07/2021;D;N;T;M;O;D
J 08/07/2021;M;D;N;T;O;D
V 09/07/2021;M;D;N;T;O;D
S 10/07/2021;T;D;D;N;D;M
D 11/07/2021;T;D;D;N;D;M
L 12/07/2021;N;M;D;D;O;T
M 13/07/2021;N;M;D;D;O;T
X 14/07/2021;D;T;M;D;O;N
J 15/07/2021;D;T;M;D;O;N
V 16/07/2021;D;N;T;M;O;D
S 17/07/2021;D;N;T;M;D;D
D 18/07/2021;M;D;N;T;D;D
L 19/07/2021;M;D;N;T;O;D
M 20/07/2021;T;D;D;N;O;M
X 21/07/2021;T;D;D;N;O;M
J 22/07/2021;N;M;D;D;O;T
V 23/07/2021;N;M;D;D;O;T
S 24/07/2021;D;T;M;D;D;N
D 25/07/2021;D;T;M;D;D;N
L 26/07/2021;D;N;T;O;M;D
M 27/07/2021;D;N;T;O;M;D
X 28/07/2021;M;D;N;O;T;D
J 29/07/2021;M;D;N;O;T;D
V 30/07/2021;T;D;D;O;N;M
S 31/07/2021;T;D;D;D;N;M
D 01/08/2021;N;M;D;D;D;T
L 02/08/2021;N;M;D;O;D;T
M 03/08/2021;D;T;M;O;D;N
X 04/08/2021;D;T;M;O;D;N
J 05/08/2021;D;N;T;O;M;D
V 06/08/2021;D;N;T;O;M;D
S 07/08/2021;M;D;N;D;T;D
D 08/08/2021;M;D;N;D;T;D
L 09/08/2021;T;D;D;O;N;M
M 10/08/2021;T;D;D;O;N;M
X 11/08/2021;N;M;D;O;D;T
J 12/08/2021;N;M;D;O;D;T
V 13/08/2021;D;T;M;O;D;N
S 14/08/2021;D;T;M;D;D;N
D 15/08/2021;D;N;T;D;M;D
L 16/08/2021;D;N;T;O;M;D
M 17/08/2021;M;D;N;O;T;D
X 18/08/2021;M;D;N;O;T;D
J 19/08/2021;T;D;D;O;N;M
V 20/08/2021;T;D;D;O;N;M
S 21/08/2021;N;M;D;D;D;T
D 22/08/2021;N;M;D;D;D;T
L 23/08/2021;D;T;O;M;D;N
M 24/08/2021;D;T;O;M;D;N
X 25/08/2021;D;N;O;T;M;D
J 26/08/2021;D;N;O;T;M;D
V 27/08/2021;M;D;O;N;T;D
S 28/08/2021;M;D;D;N;T;D
D 29/08/2021;T;D;D;D;N;M
L 30/08/2021;T;D;O;D;N;M
M 31/08/2021;N;M;O;D;D;T
X 01/09/2021;N;M;O;D;D;T
J 02/09/2021;D;T;O;M;D;N
V 03/09/2021;D;T;O;M;D;N
S 04/09/2021;D;N;D;T;M;D
D 05/09/2021;D;N;D;T;M;D
L 06/09/2021;M;D;O;N;T;D
M 07/09/2021;M;D;O;N;T;D
X 08/09/2021;T;D;O;D;N;M
J 09/09/2021;T;D;O;D;N;M
V 10/09/2021;N;M;O;D;D;T
S 11/09/2021;N;M;D;D;D;T
D 12/09/2021;D;T;D;M;D;N
L 13/09/2021;D;T;O;M;D;N
M 14/09/2021;D;N;O;T;M;D
X 15/09/2021;D;N;O;T;M;D
J 16/09/2021;M;D;O;N;T;D
V 17/09/2021;M;D;O;N;T;D
S 18/09/2021;T;D;D;D;N;M
D 19/09/2021;T;D;D;D;N;M
L 20/09/2021;N;O;M;D;D;T
M 21/09/2021;N;O;M;D;D;T
X 22/09/2021;D;O;T;M;D;N
J 23/09/2021;D;O;T;M;D;N
V 24/09/2021;D;O;N;T;M;D
S 25/09/2021;D;D;N;T;M;D
D 26/09/2021;M;D;D;N;T;D
L 27/09/2021;M;O;D;N;T;D
M 28/09/2021;T;O;D;D;N;M
X 29/09/2021;T;O;D;D;N;M
J 30/09/2021;N;O;M;D;D;T
V 01/10/2021;N;O;M;D;D;T
S 02/10/2021;D;D;T;M;D;N
D 03/10/2021;D;D;T;M;D;N
L 04/10/2021;D;O;N;T;M;D
M 05/10/2021;D;O;N;T;M;D
X 06/10/2021;M;O;D;N;T;D
J 07/10/2021;M;O;D;N;T;D
V 08/10/2021;T;O;D;D;N;M
S 09/10/2021;T;D;D;D;N;M
D 10/10/2021;N;D;M;D;D;T
L 11/10/2021;N;O;M;D;D;T
M 12/10/2021;D;O;T;M;D;N
X 13/10/2021;D;O;T;M;D;N
J 14/10/2021;D;O;N;T;M;D
V 15/10/2021;D;O;N;T;M;D
S 16/10/2021;M;D;D;N;T;D
D 17/10/2021;M;D;D;N;T;D
L 18/10/2021;T;M;D;D;N;O
M 19/10/2021;T;M;D;D;N;O
X 20/10/2021;N;T;M;D;D;O
J 21/10/2021;N;T;M;D;D;O
V 22/10/2021;D;N;T;M;D;O
S 23/10/2021;D;N;T;M;D;D
D 24/10/2021;D;D;N;T;M;D
L 25/10/2021;D;D;N;T;M;O
M 26/10/2021;M;D;D;N;T;O
X 27/10/2021;M;D;D;N;T;O
J 28/10/2021;T;M;D;D;N;O
V 29/10/2021;T;M;D;D;N;O
S 30/10/2021;N;T;M;D;D;D
D 31/10/2021;N;T;M;D;D;D
L 01/11/2021;D;N;T;O;D;M
M 02/11/2021;D;N;T;O;D;M
X 03/11/2021;D;D;N;O;M;T
J 04/11/2021;D;D;N;O;M;T
V 05/11/2021;M;D;D;O;T;N
S 06/11/2021;M;D;D;D;T;N
D 07/11/2021;T;M;D;D;N;D
L 08/11/2021;T;M;D;O;N;D
M 09/11/2021;N;T;M;O;D;D
X 10/11/2021;N;T;M;O;D;D
J 11/11/2021;D;N;T;O;D;M
V 12/11/2021;D;N;T;O;D;M
S 13/11/2021;D;D;N;D;M;T
D 14/11/2021;D;D;N;D;M;T
L 15/11/2021;O;D;D;M;T;N
M 16/11/2021;O;D;D;M;T;N
X 17/11/2021;O;M;D;T;N;D
J 18/11/2021;O;M;D;T;N;D
V 19/11/2021;O;T;M;N;D;D
S 20/11/2021;D;T;M;N;D;D
D 21/11/2021;D;N;T;D;D;M
L 22/11/2021;O;N;T;D;D;M
M 23/11/2021;O;D;N;D;M;T
X 24/11/2021;O;D;N;D;M;T
J 25/11/2021;O;D;D;M;T;N
V 26/11/2021;O;D;D;M;T;N
S 27/11/2021;D;M;D;T;N;D
D 28/11/2021;D;M;D;T;N;D
L 29/11/2021;M;T;O;N;D;D
M 30/11/2021;M;T;O;N;D;D
X 01/12/2021;T;N;O;D;D;M
J 02/12/2021;T;N;O;D;D;M
V 03/12/2021;N;D;O;D;M;T
S 04/12/2021;N;D;D;D;M;T
D 05/12/2021;D;D;D;M;T;N
L 06/12/2021;D;D;O;M;T;N
M 07/12/2021;D;M;O;T;N;D
X 08/12/2021;D;M;O;T;N;D
J 09/12/2021;M;T;O;N;D;D
V 10/12/2021;M;T;O;N;D;D
S 11/12/2021;T;N;D;D;D;M
D 12/12/2021;T;N;D;D;D;M
L 13/12/2021;N;D;M;D;O;T
M 14/12/2021;N;D;M;D;O;T
X 15/12/2021;D;D;T;M;O;N
J 16/12/2021;D;D;T;M;O;N
V 17/12/2021;D;M;N;T;O;D
S 18/12/2021;D;M;N;T;D;D
D 19/12/2021;M;T;D;N;D;D
L 20/12/2021;M;T;D;N;O;D
M 21/12/2021;T;N;D;D;O;M
X 22/12/2021;T;N;D;D;O;M
J 23/12/2021;N;D;M;D;O;T
V 24/12/2021;N;D;M;D;O;T
S 25/12/2021;D;D;T;M;D;N
D 26/12/2021;D;D;T;M;D;N
L 27/12/2021;D;O;N;T;M;D
M 28/12/2021;D;O;N;T;M;D
X 29/12/2021;M;O;D;N;T;D
J 30/12/2021;M;O;D;N;T;D
V 31/12/2021;T;O;D;D;N;M
S 01/01/2022;T;D;D;D;N;M
D 02/01/2022;N;D;M;D;D;T
L 03/01/2022;N;O;M;D;D;T
M 04/01/2022;D;O;T;M;D;N
X 05/01/2022;D;O;T;M;D;N
J 06/01/2022;D;O;N;T;M;D
V 07/01/2022;D;O;N;T;M;D
S 08/01/2022;M;D;D;N;T;D
D 09/01/2022;M;D;D;N;T;D
L 10/01/2022;T;M;D;D;N;O
M 11/01/2022;T;M;D;D;N;O
X 12/01/2022;N;T;M;D;D;O
J 13/01/2022;N;T;M;D;D;O
V 14/01/2022;D;N;T;M;D;O
S 15/01/2022;D;N;T;M;D;D
D 16/01/2022;D;D;N;T;M;D
L 17/01/2022;D;D;N;T;M;O
M 18/01/2022;M;D;D;N;T;O
X 19/01/2022;M;D;D;N;T;O
J 20/01/2022;T;M;D;D;N;O
V 21/01/2022;T;M;D;D;N;O
S 22/01/2022;N;T;M;D;D;D
D 23/01/2022;N;T;M;D;D;D
L 24/01/2022;D;N;T;O;D;M
M 25/01/2022;D;N;T;O;D;M
X 26/01/2022;D;D;N;O;M;T
J 27/01/2022;D;D;N;O;M;T
V 28/01/2022;M;D;D;O;T;N
S 29/01/2022;M;D;D;D;T;N
D 30/01/2022;T;M;D;D;N;D
L 31/01/2022;T;M;D;O;N;D
M 01/02/2022;N;T;M;O;D;D
X 02/02/2022;N;T;M;O;D;D
J 03/02/2022;D;N;T;O;D;M
V 04/02/2022;D;N;T;O;D;M
S 05/02/2022;D;D;N;D;M;T
D 06/02/2022;D;D;N;D;M;T
L 07/02/2022;O;D;D;M;T;N
M 08/02/2022;O;D;D;M;T;N
X 09/02/2022;O;M;D;T;N;D
J 10/02/2022;O;M;D;T;N;D
V 11/02/2022;O;T;M;N;D;D
S 12/02/2022;D;T;M;N;D;D
D 13/02/2022;D;N;T;D;D;M
L 14/02/2022;O;N;T;D;D;M
M 15/02/2022;O;D;N;D;M;T
X 16/02/2022;O;D;N;D;M;T
J 17/02/2022;O;D;D;M;T;N
V 18/02/2022;O;D;D;M;T;N
S 19/02/2022;D;M;D;T;N;D
D 20/02/2022;D;M;D;T;N;D
L 21/02/2022;M;T;O;N;D;D
M 22/02/2022;M;T;O;N;D;D
X 23/02/2022;T;N;O;D;D;M
J 24/02/2022;T;N;O;D;D;M
V 25/02/2022;N;D;O;D;M;T
S 26/02/2022;N;D;D;D;M;T
D 27/02/2022;D;D;D;M;T;N
L 28/02/2022;D;D;O;M;T;N
M 01/03/2022;D;M;O;T;N;D
X 02/03/2022;D;M;O;T;N;D
J 03/03/2022;M;T;O;N;D;D
V 04/03/2022;M;T;O;N;D;D
S 05/03/2022;T;N;D;D;D;M
D 06/03/2022;T;N;D;D;D;M
L 07/03/2022;N;D;M;D;O;T
M 08/03/2022;N;D;M;D;O;T
X 09/03/2022;D;D;T;M;O;N
J 10/03/2022;D;D;T;M;O;N
V 11/03/2022;D;M;N;T;O;D
S 12/03/2022;D;M;N;T;D;D
D 13/03/2022;M;T;D;N;D;D
L 14/03/2022;M;T;D;N;O;D
M 15/03/2022;T;N;D;D;O;M
X 16/03/2022;T;N;D;D;O;M
J 17/03/2022;N;D;M;D;O;T
V 18/03/2022;N;D;M;D;O;T
S 19/03/2022;D;D;T;M;D;N
D 20/03/2022;D;D;T;M;D;N
L 21/03/2022;D;O;N;T;M;D
M 22/03/2022;D;O;N;T;M;D
X 23/03/2022;M;O;D;N;T;D
J 24/03/2022;M;O;D;N;T;D
V 25/03/2022;T;O;D;D;N;M
S 26/03/2022;T;D;D;D;N;M
D 27/03/2022;N;D;M;D;D;T
L 28/03/2022;N;O;M;D;D;T
M 29/03/2022;D;O;T;M;D;N
X 30/03/2022;D;O;T;M;D;N
J 31/03/2022;D;O;N;T;M;D
V 01/04/2022;D;O;N;T;M;D
S 02/04/2022;M;D;D;N;T;D
D 03/04/2022;M;D;D;N;T;D
L 04/04/2022;T;M;D;D;N;O
M 05/04/2022;T;M;D;D;N;O
X 06/04/2022;N;T;M;D;D;O
J 07/04/2022;N;T;M;D;D;O
V 08/04/2022;D;N;T;M;D;O
S 09/04/2022;D;N;T;M;D;D
D 10/04/2022;D;D;N;T;M;D
L 11/04/2022;D;D;N;T;M;O
M 12/04/2022;M;D;D;N;T;O
X 13/04/2022;M;D;D;N;T;O
J 14/04/2022;T;M;D;D;N;O
V 15/04/2022;T;M;D;D;N;O
S 16/04/2022;N;T;M;D;D;D
D 17/04/2022;N;T;M;D;D;D
L 18/04/2022;D;N;T;O;D;M
M 19/04/2022;D;N;T;O;D;M
X 20/04/2022;D;D;N;O;M;T
J 21/04/2022;D;D;N;O;M;T
V 22/04/2022;M;D;D;O;T;N
S 23/04/2022;M;D;D;D;T;N
D 24/04/2022;T;M;D;D;N;D
L 25/04/2022;T;M;D;O;N;D
M 26/04/2022;N;T;M;O;D;D
X 27/04/2022;N;T;M;O;D;D
J 28/04/2022;D;N;T;O;D;M
V 29/04/2022;D;N;T;O;D;M
S 30/04/2022;D;D;N;D;M;T
D 01/05/2022;D;D;N;D;M;T
L 02/05/2022;O;D;D;M;T;N
M 03/05/2022;O;D;D;M;T;N
X 04/05/2022;O;M;D;T;N;D
J 05/05/2022;O;M;D;T;N;D
V 06/05/2022;O;T;M;N;D;D
S 07/05/2022;D;T;M;N;D;D
D 08/05/2022;D;N;T;D;D;M
L 09/05/2022;O;N;T;D;D;M
M 10/05/2022;O;D;N;D;M;T
X 11/05/2022;O;D;N;D;M;T
J 12/05/2022;O;D;D;M;T;N
V 13/05/2022;O;D;D;M;T;N
S 14/05/2022;D;M;D;T;N;D
D 15/05/2022;D;M;D;T;N;D
L 16/05/2022;O;T;M;N;D;D
M 17/05/2022;O;T;M;N;D;D
X 18/05/2022;O;N;T;D;D;M
J 19/05/2022;O;N;T;D;D;M
V 20/05/2022;O;D;N;D;M;T
S 21/05/2022;D;D;N;D;M;T
D 22/05/2022;D;D;D;M;T;N
L 23/05/2022;O;D;D;M;T;N
M 24/05/2022;O;M;D;T;N;D
X 25/05/2022;O;M;D;T;N;D
J 26/05/2022;O;T;M;N;D;D
V 27/05/2022;O;T;M;N;D;D
S 28/05/2022;D;N;T;D;D;M
D 29/05/2022;D;N;T;D;D;M
L 30/05/2022;M;D;N;D;O;T
M 31/05/2022;M;D;N;D;O;T
X 01/06/2022;T;D;D;M;O;N
J 02/06/2022;T;D;D;M;O;N
V 03/06/2022;N;M;D;T;O;D
S 04/06/2022;N;M;D;T;D;D
D 05/06/2022;D;T;M;N;D;D
L 06/06/2022;D;T;M;N;O;D
M 07/06/2022;D;N;T;D;O;M
X 08/06/2022;D;N;T;D;O;M
J 09/06/2022;M;D;N;D;O;T
V 10/06/2022;M;D;N;D;O;T
S 11/06/2022;T;D;D;M;D;N
D 12/06/2022;T;D;D;M;D;N
L 13/06/2022;N;M;D;T;O;D
M 14/06/2022;N;M;D;T;O;D
X 15/06/2022;D;T;M;N;O;D
J 16/06/2022;D;T;M;N;O;D
V 17/06/2022;D;N;T;D;O;M
S 18/06/2022;D;N;T;D;D;M
D 19/06/2022;M;D;N;D;D;T
L 20/06/2022;M;D;N;D;O;T
M 21/06/2022;T;D;D;M;O;N
X 22/06/2022;T;D;D;M;O;N
J 23/06/2022;N;M;D;T;O;D
V 24/06/2022;N;M;D;T;O;D
S 25/06/2022;D;T;M;N;D;D
D 26/06/2022;D;T;M;N;D;D
L 27/06/2022;D;N;T;D;M;O
M 28/06/2022;D;N;T;D;M;O
X 29/06/2022;M;D;N;D;T;O
J 30/06/2022;M;D;N;D;T;O
V 01/07/2022;T;D;D;M;N;O
S 02/07/2022;T;D;D;M;N;D
D 03/07/2022;N;M;D;T;D;D
L 04/07/2022;N;M;D;T;D;O
M 05/07/2022;D;T;M;N;D;O
X 06/07/2022;D;T;M;N;D;O
J 07/07/2022;D;N;T;D;M;O
V 08/07/2022;D;N;T;D;M;O
S 09/07/2022;M;D;N;D;T;D
D 10/07/2022;M;D;N;D;T;D
L 11/07/2022;T;D;D;M;N;O
M 12/07/2022;T;D;D;M;N;O
X 13/07/2022;N;M;D;T;D;O
J 14/07/2022;N;M;D;T;D;O
V 15/07/2022;D;T;M;N;D;O
S 16/07/2022;D;T;M;N;D;D
D 17/07/2022;D;N;T;D;M;D
L 18/07/2022;D;N;T;D;M;O
M 19/07/2022;M;D;N;D;T;O
X 20/07/2022;M;D;N;D;T;O
J 21/07/2022;T;D;D;M;N;O
V 22/07/2022;T;D;D;M;N;O
S 23/07/2022;N;M;D;T;D;D
D 24/07/2022;N;M;D;T;D;D
L 25/07/2022;D;T;O;N;D;M
M 26/07/2022;D;T;O;N;D;M
X 27/07/2022;D;N;O;D;M;T
J 28/07/2022;D;N;O;D;M;T
V 29/07/2022;M;D;O;D;T;N
S 30/07/2022;M;D;D;D;T;N
D 31/07/2022;T;D;D;M;N;D
L 01/08/2022;T;D;O;M;N;D
M 02/08/2022;N;M;O;T;D;D
X 03/08/2022;N;M;O;T;D;D
J 04/08/2022;D;T;O;N;D;M
V 05/08/2022;D;T;O;N;D;M
S 06/08/2022;D;N;D;D;M;T
D 07/08/2022;D;N;D;D;M;T
L 08/08/2022;M;D;O;D;T;N
M 09/08/2022;M;D;O;D;T;N
X 10/08/2022;T;D;O;M;N;D
J 11/08/2022;T;D;O;M;N;D
V 12/08/2022;N;M;O;T;D;D
S 13/08/2022;N;M;D;T;D;D
D 14/08/2022;D;T;D;N;D;M
L 15/08/2022;D;T;O;N;D;M
M 16/08/2022;D;N;O;D;M;T
X 17/08/2022;D;N;O;D;M;T
J 18/08/2022;M;D;O;D;T;N
V 19/08/2022;M;D;O;D;T;N
S 20/08/2022;T;D;D;M;N;D
D 21/08/2022;T;D;D;M;N;D
L 22/08/2022;N;O;M;T;D;D
M 23/08/2022;N;O;M;T;D;D
X 24/08/2022;D;O;T;N;D;M
J 25/08/2022;D;O;T;N;D;M
V 26/08/2022;D;O;N;D;M;T
S 27/08/2022;D;D;N;D;M;T
D 28/08/2022;M;D;D;D;T;N
L 29/08/2022;M;O;D;D;T;N
M 30/08/2022;T;O;D;M;N;D
X 31/08/2022;T;O;D;M;N;D
J 01/09/2022;N;O;M;T;D;D
V 02/09/2022;N;O;M;T;D;D
S 03/09/2022;D;D;T;N;D;M
D 04/09/2022;D;D;T;N;D;M
L 05/09/2022;D;O;N;D;M;T
M 06/09/2022;D;O;N;D;M;T
X 07/09/2022;M;O;D;D;T;N
J 08/09/2022;M;O;D;D;T;N
V 09/09/2022;T;O;D;M;N;D
S 10/09/2022;T;D;D;M;N;D
D 11/09/2022;N;D;M;T;D;D
L 12/09/2022;N;O;M;T;D;D
M 13/09/2022;D;O;T;N;D;M
X 14/09/2022;D;O;T;N;D;M
J 15/09/2022;D;O;N;D;M;T
V 16/09/2022;D;O;N;D;M;T
S 17/09/2022;M;D;D;D;T;N
D 18/09/2022;M;D;D;D;T;N
L 19/09/2022;T;M;D;O;N;D
M 20/09/2022;T;M;D;O;N;D
X 21/09/2022;N;T;M;O;D;D
J 22/09/2022;N;T;M;O;D;D
V 23/09/2022;D;N;T;O;D;M
S 24/09/2022;D;N;T;D;D;M
D 25/09/2022;D;D;N;D;M;T
L 26/09/2022;D;D;N;O;M;T
M 27/09/2022;M;D;D;O;T;N
X 28/09/2022;M;D;D;O;T;N
J 29/09/2022;T;M;D;O;N;D
V 30/09/2022;T;M;D;O;N;D
S 01/10/2022;N;T;M;D;D;D
D 02/10/2022;N;T;M;D;D;D
L 03/10/2022;D;N;T;O;D;M
M 04/10/2022;D;N;T;O;D;M
X 05/10/2022;D;D;N;O;M;T
J 06/10/2022;D;D;N;O;M;T
V 07/10/2022;M;D;D;O;T;N
S 08/10/2022;M;D;D;D;T;N
D 09/10/2022;T;M;D;D;N;D
L 10/10/2022;T;M;D;O;N;D
M 11/10/2022;N;T;M;O;D;D
X 12/10/2022;N;T;M;O;D;D
J 13/10/2022;D;N;T;O;D;M
V 14/10/2022;D;N;T;O;D;M
S 15/10/2022;D;D;N;D;M;T
D 16/10/2022;D;D;N;D;M;T
L 17/10/2022;O;D;D;M;T;N
M 18/10/2022;O;D;D;M;T;N
X 19/10/2022;O;M;D;T;N;D
J 20/10/2022;O;M;D;T;N;D
V 21/10/2022;O;T;M;N;D;D
S 22/10/2022;D;T;M;N;D;D
D 23/10/2022;D;N;T;D;D;M
L 24/10/2022;O;N;T;D;D;M
M 25/10/2022;O;D;N;D;M;T
X 26/10/2022;O;D;N;D;M;T
J 27/10/2022;O;D;D;M;T;N
V 28/10/2022;O;D;D;M;T;N
S 29/10/2022;D;M;D;T;N;D
D 30/10/2022;D;M;D;T;N;D
L 31/10/2022;M;T;O;N;D;D
M 01/11/2022;M;T;O;N;D;D
X 02/11/2022;T;N;O;D;D;M
J 03/11/2022;T;N;O;D;D;M
V 04/11/2022;N;D;O;D;M;T
S 05/11/2022;N;D;D;D;M;T
D 06/11/2022;D;D;D;M;T;N
L 07/11/2022;D;D;O;M;T;N
M 08/11/2022;D;M;O;T;N;D
X 09/11/2022;D;M;O;T;N;D
J 10/11/2022;M;T;O;N;D;D
V 11/11/2022;M;T;O;N;D;D
S 12/11/2022;T;N;D;D;D;M
D 13/11/2022;T;N;D;D;D;M
L 14/11/2022;N;D;M;D;O;T
M 15/11/2022;N;D;M;D;O;T
X 16/11/2022;D;D;T;M;O;N
J 17/11/2022;D;D;T;M;O;N
V 18/11/2022;D;M;N;T;O;D
S 19/11/2022;D;M;N;T;D;D
D 20/11/2022;M;T;D;N;D;D
L 21/11/2022;M;T;D;N;O;D
M 22/11/2022;T;N;D;D;O;M
X 23/11/2022;T;N;D;D;O;M
J 24/11/2022;N;D;M;D;O;T
V 25/11/2022;N;D;M;D;O;T
S 26/11/2022;D;D;T;M;D;N
D 27/11/2022;D;D;T;M;D;N
L 28/11/2022;D;O;N;T;M;D
M 29/11/2022;D;O;N;T;M;D
X 30/11/2022;M;O;D;N;T;D
J 01/12/2022;M;O;D;N;T;D
V 02/12/2022;T;O;D;D;N;M
S 03/12/2022;T;D;D;D;N;M
D 04/12/2022;N;D;M;D;D;T
L 05/12/2022;N;O;M;D;D;T
M 06/12/2022;D;O;T;M;D;N
X 07/12/2022;D;O;T;M;D;N
J 08/12/2022;D;O;N;T;M;D
V 09/12/2022;D;O;N;T;M;D
S 10/12/2022;M;D;D;N;T;D
D 11/12/2022;M;D;D;N;T;D
L 12/12/2022;T;M;D;D;N;O
M 13/12/2022;T;M;D;D;N;O
X 14/12/2022;N;T;M;D;D;O
J 15/12/2022;N;T;M;D;D;O
V 16/12/2022;D;N;T;M;D;O
S 17/12/2022;D;N;T;M;D;D
D 18/12/2022;D;D;N;T;M;D
L 19/12/2022;D;D;N;T;M;O
M 20/12/2022;M;D;D;N;T;O
X 21/12/2022;M;D;D;N;T;O
J 22/12/2022;T;M;D;D;N;O
V 23/12/2022;T;M;D;D;N;O
S 24/12/2022;N;T;M;D;D;D
D 25/12/2022;N;T;M;D;D;D
L 26/12/2022;D;N;T;O;D;M
M 27/12/2022;D;N;T;O;D;M
X 28/12/2022;D;D;N;O;M;T
J 29/12/2022;D;D;N;O;M;T
V 30/12/2022;M;D;D;O;T;N
S 31/12/2022;M;D;D;D;T;N
D 01/01/2023;T;M;D;D;N;D
L 02/01/2023;T;M;D;O;N;D
M 03/01/2023;N;T;M;O;D;D
X 04/01/2023;N;T;M;O;D;D
J 05/01/2023;D;N;T;O;D;M
V 06/01/2023;D;N;T;O;D;M
S 07/01/2023;D;D;N;D;M;T
D 08/01/2023;D;D;N;D;M;T
L 09/01/2023;O;D;D;M;T;N
M 10/01/2023;O;D;D;M;T;N
X 11/01/2023;O;M;D;T;N;D
J 12/01/2023;O;M;D;T;N;D
V 13/01/2023;O;T;M;N;D;D
S 14/01/2023;D;T;M;N;D;D
D 15/01/2023;D;N;T;D;D;M
L 16/01/2023;O;N;T;D;D;M
M 17/01/2023;O;D;N;D;M;T
X 18/01/2023;O;D;N;D;M;T
J 19/01/2023;O;D;D;M;T;N
V 20/01/2023;O;D;D;M;T;N
S 21/01/2023;D;M;D;T;N;D
D 22/01/2023;D;M;D;T;N;D
L 23/01/2023;M;T;O;N;D;D
M 24/01/2023;M;T;O;N;D;D
X 25/01/2023;T;N;O;D;D;M
J 26/01/2023;T;N;O;D;D;M
V 27/01/2023;N;D;O;D;M;T
S 28/01/2023;N;D;D;D;M;T
D 29/01/2023;D;D;D;M;T;N
L 30/01/2023;D;D;O;M;T;N
M 31/01/2023;D;M;O;T;N;D
X 01/02/2023;D;M;O;T;N;D
J 02/02/2023;M;T;O;N;D;D
V 03/02/2023;M;T;O;N;D;D
S 04/02/2023;T;N;D;D;D;M
D 05/02/2023;T;N;D;D;D;M
L 06/02/2023;N;D;M;D;O;T
M 07/02/2023;N;D;M;D;O;T
X 08/02/2023;D;D;T;M;O;N
J 09/02/2023;D;D;T;M;O;N
V 10/02/2023;D;M;N;T;O;D
S 11/02/2023;D;M;N;T;D;D
D 12/02/2023;M;T;D;N;D;D
L 13/02/2023;M;T;D;N;O;D
M 14/02/2023;T;N;D;D;O;M
X 15/02/2023;T;N;D;D;O;M
J 16/02/2023;N;D;M;D;O;T
V 17/02/2023;N;D;M;D;O;T
S 18/02/2023;D;D;T;M;D;N
D 19/02/2023;D;D;T;M;D;N
L 20/02/2023;D;O;N;T;M;D
M 21/02/2023;D;O;N;T;M;D
X 22/02/2023;M;O;D;N;T;D
J 23/02/2023;M;O;D;N;T;D
V 24/02/2023;T;O;D;D;N;M
S 25/02/2023;T;D;D;D;N;M
D 26/02/2023;N;D;M;D;D;T
L 27/02/2023;N;O;M;D;D;T
M 28/02/2023;D;O;T;M;D;N
X 01/03/2023;D;O;T;M;D;N
J 02/03/2023;D;O;N;T;M;D
V 03/03/2023;D;O;N;T;M;D
S 04/03/2023;M;D;D;N;T;D
D 05/03/2023;M;D;D;N;T;D
L 06/03/2023;T;M;D;D;N;O
M 07/03/2023;T;M;D;D;N;O
X 08/03/2023;N;T;M;D;D;O
J 09/03/2023;N;T;M;D;D;O
V 10/03/2023;D;N;T;M;D;O
S 11/03/2023;D;N;T;M;D;D
D 12/03/2023;D;D;N;T;M;D
L 13/03/2023;D;D;N;T;M;O
M 14/03/2023;M;D;D;N;T;O
X 15/03/2023;M;D;D;N;T;O
J 16/03/2023;T;M;D;D;N;O
V 17/03/2023;T;M;D;D;N;O
S 18/03/2023;N;T;M;D;D;D
D 19/03/2023;N;T;M;D;D;D
L 20/03/2023;D;N;T;O;D;M
M 21/03/2023;D;N;T;O;D;M
X 22/03/2023;D;D;N;O;M;T
J 23/03/2023;D;D;N;O;M;T
V 24/03/2023;M;D;D;O;T;N
S 25/03/2023;M;D;D;D;T;N
D 26/03/2023;T;M;D;D;N;D
L 27/03/2023;T;M;D;O;N;D
M 28/03/2023;N;T;M;O;D;D
X 29/03/2023;N;T;M;O;D;D
J 30/03/2023;D;N;T;O;D;M
V 31/03/2023;D;N;T;O;D;M
S 01/04/2023;D;D;N;D;M;T
D 02/04/2023;D;D;N;D;M;T
L 03/04/2023;O;D;D;M;T;N
M 04/04/2023;O;D;D;M;T;N
X 05/04/2023;O;M;D;T;N;D
J 06/04/2023;O;M;D;T;N;D
V 07/04/2023;O;T;M;N;D;D
S 08/04/2023;D;T;M;N;D;D
D 09/04/2023;D;N;T;D;D;M
L 10/04/2023;O;N;T;D;D;M
M 11/04/2023;O;D;N;D;M;T
X 12/04/2023;O;D;N;D;M;T
J 13/04/2023;O;D;D;M;T;N
V 14/04/2023;O;D;D;M;T;N
S 15/04/2023;D;M;D;T;N;D
D 16/04/2023;D;M;D;T;N;D
L 17/04/2023;M;T;O;N;D;D
M 18/04/2023;M;T;O;N;D;O
X 19/04/2023;T;N;O;D;D;M
J 20/04/2023;T;N;O;D;O;M
V 21/04/2023;N;D;O;D;M;T
S 22/04/2023;N;D;D;D;M;T
D 23/04/2023;D;D;D;M;T;N
L 24/04/2023;D;O;O;M;T;N
M 25/04/2023;D;M;O;T;N;D
X 26/04/2023;O;M;O;T;N;D
J 27/04/2023;M;T;O;N;D;D
V 28/04/2023;M;T;O;N;D;O
S 29/04/2023;T;N;D;D;D;M
D 30/04/2023;T;N;D;D;D;M
L 01/05/2023;N;D;O;D;M;T
M 02/05/2023;N;D;O;O;M;T
X 03/05/2023;D;D;O;M;T;N
J 04/05/2023;D;O;O;M;T;N
V 05/05/2023;D;M;O;T;N;D
S 06/05/2023;D;M;D;T;N;D
D 07/05/2023;M;T;D;N;D;D
L 08/05/2023;M;T;O;N;D;O
M 09/05/2023;T;N;O;D;D;M
X 10/05/2023;T;N;O;D;O;M
J 11/05/2023;N;D;O;D;M;T
V 12/05/2023;N;D;O;O;M;T
S 13/05/2023;D;D;D;M;T;N
D 14/05/2023;D;D;D;M;T;N
L 15/05/2023;D;O;M;T;N;D
M 16/05/2023;O;O;M;T;N;D
X 17/05/2023;M;O;T;N;D;D
J 18/05/2023;M;O;T;N;D;O
V 19/05/2023;T;O;N;D;D;M
S 20/05/2023;T;D;N;D;D;M
D 21/05/2023;N;D;D;D;M;T
L 22/05/2023;N;O;D;O;M;T
M 23/05/2023;D;O;D;M;T;N
X 24/05/2023;D;O;O;M;T;N
J 25/05/2023;D;O;M;T;N;D
V 26/05/2023;O;O;M;T;N;D
S 27/05/2023;M;D;T;N;D;D
D 28/05/2023;M;D;T;N;D;D
L 29/05/2023;T;O;N;D;D;M
M 30/05/2023;T;O;N;D;O;M
X 31/05/2023;N;O;D;D;M;T
J 01/06/2023;N;O;D;D;M;T
V 02/06/2023;D;O;D;M;T;N
S 03/06/2023;D;D;D;M;T;N
D 04/06/2023;D;D;M;T;N;D
L 05/06/2023;O;O;M;T;N;D
M 06/06/2023;M;O;T;N;D;D
X 07/06/2023;M;O;T;N;D;O
J 08/06/2023;T;O;N;D;D;M
V 09/06/2023;T;O;N;D;O;M
S 10/06/2023;N;D;D;D;M;T
D 11/06/2023;N;D;D;D;M;T
L 12/06/2023;D;M;D;O;T;N
M 13/06/2023;D;M;O;O;T;N
X 14/06/2023;D;T;M;O;N;D
J 15/06/2023;O;T;M;O;N;D
V 16/06/2023;M;N;T;O;D;D
S 17/06/2023;M;N;T;D;D;D
D 18/06/2023;T;D;N;D;D;M
L 19/06/2023;T;D;N;O;D;M
M 20/06/2023;N;D;D;O;M;T
X 21/06/2023;N;O;D;O;M;T
J 22/06/2023;D;M;D;O;T;N
V 23/06/2023;D;M;O;O;T;N
S 24/06/2023;D;T;M;D;N;D
D 25/06/2023;D;T;M;D;N;D
L 26/06/2023;M;N;T;O;D;D
M 27/06/2023;M;N;T;O;D;O
X 28/06/2023;T;D;N;O;D;M
J 29/06/2023;T;D;N;O;D;M
V 30/06/2023;N;D;D;O;M;T
S 01/07/2023;N;D;D;D;M;T
D 02/07/2023;D;M;D;D;T;N
L 03/07/2023;D;M;D;O;T;N
M 04/07/2023;D;T;M;O;N;D
X 05/07/2023;O;T;M;O;N;D
J 06/07/2023;M;N;T;O;D;D
V 07/07/2023;M;N;T;O;D;D
S 08/07/2023;T;D;N;D;D;M
D 09/07/2023;T;D;N;D;D;M
L 10/07/2023;N;D;D;M;O;T
M 11/07/2023;N;O;D;M;O;T
X 12/07/2023;D;M;D;T;O;N
J 13/07/2023;D;M;D;T;O;N
V 14/07/2023;D;T;M;N;O;D
S 15/07/2023;D;T;M;N;D;D
D 16/07/2023;M;N;T;D;D;D
L 17/07/2023;M;N;T;D;O;D
M 18/07/2023;T;D;N;D;O;M
X 19/07/2023;T;D;N;D;O;M
J 20/07/2023;N;D;D;M;O;T
V 21/07/2023;N;D;D;M;O;T
S 22/07/2023;D;M;D;T;D;N
D 23/07/2023;D;M;D;T;D;N
L 24/07/2023;D;T;M;N;O;D
M 25/07/2023;D;T;M;N;O;D
X 26/07/2023;M;N;T;D;O;D
J 27/07/2023;M;N;T;D;O;D
V 28/07/2023;T;D;N;D;O;M
S 29/07/2023;T;D;N;D;D;M
D 30/07/2023;N;D;D;M;D;T
L 31/07/2023;N;D;D;M;O;T
M 01/08/2023;D;M;D;T;O;N
X 02/08/2023;D;M;D;T;O;N
J 03/08/2023;D;T;M;N;O;D
V 04/08/2023;D;T;M;N;O;D
S 05/08/2023;M;N;T;D;D;D
D 06/08/2023;M;N;T;D;D;D
L 07/08/2023;T;D;N;D;M;O
M 08/08/2023;T;D;N;D;M;O
X 09/08/2023;N;D;D;M;T;O
J 10/08/2023;N;D;D;M;T;O
V 11/08/2023;D;M;D;T;N;O
S 12/08/2023;D;M;D;T;N;D
D 13/08/2023;D;T;M;N;D;D
L 14/08/2023;D;T;M;N;D;O
M 15/08/2023;M;N;T;D;D;O
X 16/08/2023;M;N;T;D;D;O
J 17/08/2023;T;D;N;D;M;O
V 18/08/2023;T;D;N;D;M;O
S 19/08/2023;N;D;D;M;T;D
D 20/08/2023;N;D;D;M;T;D
L 21/08/2023;D;M;D;T;N;O
M 22/08/2023;D;M;O;T;N;O
X 23/08/2023;D;T;M;N;D;O
J 24/08/2023;O;T;M;N;D;O
V 25/08/2023;M;N;T;D;D;O
S 26/08/2023;M;N;T;D;D;D
D 27/08/2023;T;D;N;D;M;D
L 28/08/2023;T;D;N;D;M;O
M 29/08/2023;N;D;D;M;T;O
X 30/08/2023;N;O;D;M;T;O
J 31/08/2023;D;M;D;T;N;O
V 01/09/2023;D;M;O;T;N;O
S 02/09/2023;D;T;M;N;D;D
D 03/09/2023;D;T;M;N;D;D
L 04/09/2023;O;N;T;D;D;M
M 05/09/2023;O;N;T;D;O;M
X 06/09/2023;O;D;N;D;M;T
J 07/09/2023;O;D;N;D;M;T
V 08/09/2023;O;D;D;M;T;N
S 09/09/2023;D;D;D;M;T;N
D 10/09/2023;D;M;D;T;N;D
L 11/09/2023;O;M;O;T;N;D
M 12/09/2023;O;T;M;N;D;D
X 13/09/2023;O;T;M;N;D;O
J 14/09/2023;O;N;T;D;D;M
V 15/09/2023;O;N;T;D;O;M
S 16/09/2023;D;D;N;D;M;T
D 17/09/2023;D;D;N;D;M;T
L 18/09/2023;O;D;D;M;T;N
M 19/09/2023;O;O;D;M;T;N
X 20/09/2023;O;M;D;T;N;D
J 21/09/2023;O;M;O;T;N;D
V 22/09/2023;O;T;M;N;D;D
S 23/09/2023;D;T;M;N;D;D
D 24/09/2023;D;N;T;D;D;M
L 25/09/2023;O;N;T;D;D;M
M 26/09/2023;O;D;N;D;M;T
X 27/09/2023;O;D;N;D;M;T
J 28/09/2023;O;D;D;M;T;N
V 29/09/2023;O;O;D;M;T;N
S 30/09/2023;D;M;D;T;N;D
D 01/10/2023;D;M;D;T;N;D
L 02/10/2023;M;T;O;N;D;D
M 03/10/2023;M;T;O;N;D;D
X 04/10/2023;T;N;O;D;D;M
J 05/10/2023;T;N;O;D;D;M
V 06/10/2023;N;D;O;D;M;T
S 07/10/2023;N;D;D;D;M;T
D 08/10/2023;D;D;D;M;T;N
L 09/10/2023;D;D;O;M;T;N
M 10/10/2023;D;M;O;T;N;D
X 11/10/2023;D;M;O;T;N;D
J 12/10/2023;M;T;O;N;D;D
V 13/10/2023;M;T;O;N;D;D
S 14/10/2023;T;N;D;D;D;M
D 15/10/2023;T;N;D;D;D;M
L 16/10/2023;N;D;M;D;O;T
M 17/10/2023;N;D;M;D;O;T
X 18/10/2023;D;D;T;M;O;N
J 19/10/2023;D;D;T;M;O;N
V 20/10/2023;D;M;N;T;O;D
S 21/10/2023;D;M;N;T;D;D
D 22/10/2023;M;T;D;N;D;D
L 23/10/2023;M;T;D;N;O;D
M 24/10/2023;T;N;D;D;O;M
X 25/10/2023;T;N;D;D;O;M
J 26/10/2023;N;D;M;D;O;T
V 27/10/2023;N;D;M;D;O;T
S 28/10/2023;D;D;T;M;D;N
D 29/10/2023;D;D;T;M;D;N
L 30/10/2023;D;O;N;T;M;D
M 31/10/2023;D;O;N;T;M;D
X 01/11/2023;M;O;D;N;T;D
J 02/11/2023;M;O;D;N;T;D
V 03/11/2023;T;O;D;D;N;M
S 04/11/2023;T;D;D;D;N;M
D 05/11/2023;N;D;M;D;D;T
L 06/11/2023;N;O;M;D;D;T
M 07/11/2023;D;O;T;M;D;N
X 08/11/2023;D;O;T;M;D;N
J 09/11/2023;D;O;N;T;M;D
V 10/11/2023;D;O;N;T;M;D
S 11/11/2023;M;D;D;N;T;D
D 12/11/2023;M;D;D;N;T;D
L 13/11/2023;T;M;D;D;N;O
M 14/11/2023;T;M;D;D;N;O
X 15/11/2023;N;T;M;D;D;O
J 16/11/2023;N;T;M;D;D;O
V 17/11/2023;D;N;T;M;D;O
S 18/11/2023;D;N;T;M;D;D
D 19/11/2023;D;D;N;T;M;D
L 20/11/2023;D;D;N;T;M;O
M 21/11/2023;M;D;D;N;T;O
X 22/11/2023;M;D;D;N;T;O
J 23/11/2023;T;M;D;D;N;O
V 24/11/2023;T;M;D;D;N;O
S 25/11/2023;N;T;M;D;D;D
D 26/11/2023;N;T;M;D;D;D
L 27/11/2023;D;N;T;O;D;M
M 28/11/2023;D;N;T;O;D;M
X 29/11/2023;D;D;N;O;M;T
J 30/11/2023;D;D;N;O;M;T
V 01/12/2023;M;D;D;O;T;N
S 02/12/2023;M;D;D;D;T;N
D 03/12/2023;T;M;D;D;N;D
L 04/12/2023;T;M;D;O;N;D
M 05/12/2023;N;T;M;O;D;D
X 06/12/2023;N;T;M;O;D;D
J 07/12/2023;D;N;T;O;D;M
V 08/12/2023;D;N;T;O;D;M
S 09/12/2023;D;D;N;D;M;T
D 10/12/2023;D;D;N;D;M;T
L 11/12/2023;O;D;D;M;T;N
M 12/12/2023;O;D;D;M;T;N
X 13/12/2023;O;M;D;T;N;D
J 14/12/2023;O;M;D;T;N;D
V 15/12/2023;O;T;M;N;D;D
S 16/12/2023;D;T;M;N;D;D
D 17/12/2023;D;N;T;D;D;M
L 18/12/2023;O;N;T;D;D;M
M 19/12/2023;O;D;N;D;M;T
X 20/12/2023;O;D;N;D;M;T
J 21/12/2023;O;D;D;M;T;N
V 22/12/2023;O;D;D;M;T;N
S 23/12/2023;D;M;D;T;N;D
D 24/12/2023;D;M;D;T;N;D
L 25/12/2023;M;T;O;N;D;D
M 26/12/2023;M;T;O;N;D;D
X 27/12/2023;T;N;O;D;D;M
J 28/12/2023;T;N;O;D;D;M
V 29/12/2023;N;D;O;D;M;T
S 30/12/2023;N;D;D;D;M;T
D 31/12/2023;D;D;D;M;T;N
L 01/01/2024;D;D;O;M;T;N
M 02/01/2024;D;M;O;T;N;D
X 03/01/2024;D;M;O;T;N;D
J 04/01/2024;M;T;O;N;D;D
V 05/01/2024;M;T;O;N;D;D
S 06/01/2024;T;N;D;D;D;M
D 07/01/2024;T;N;D;D;D;M
L 08/01/2024;N;D;M;D;O;T
M 09/01/2024;N;D;M;D;O;T
X 10/01/2024;D;D;T;M;O;N
J 11/01/2024;D;D;T;M;O;N
V 12/01/2024;D;M;N;T;O;D
S 13/01/2024;D;M;N;T;D;D
D 14/01/2024;M;T;D;N;D;D
L 15/01/2024;M;T;D;N;O;D
M 16/01/2024;T;N;D;D;O;M
X 17/01/2024;T;N;D;D;O;M
J 18/01/2024;N;D;M;D;O;T
V 19/01/2024;N;D;M;D;O;T
S 20/01/2024;D;D;T;M;D;N
D 21/01/2024;D;D;T;M;D;N
L 22/01/2024;D;O;N;T;M;D
M 23/01/2024;D;O;N;T;M;D
X 24/01/2024;M;O;D;N;T;D
J 25/01/2024;M;O;D;N;T;D
V 26/01/2024;T;O;D;D;N;M
S 27/01/2024;T;D;D;D;N;M
D 28/01/2024;N;D;M;D;D;T
L 29/01/2024;N;O;M;D;D;T
M 30/01/2024;D;O;T;M;D;N
X 31/01/2024;D;O;T;M;D;N
J 01/02/2024;D;O;N;T;M;D
V 02/02/2024;D;O;N;T;M;D
S 03/02/2024;M;D;D;N;T;D
D 04/02/2024;M;D;D;N;T;D
L 05/02/2024;T;M;D;D;N;O
M 06/02/2024;T;M;D;D;N;O
X 07/02/2024;N;T;M;D;D;O
J 08/02/2024;N;T;M;D;D;O
V 09/02/2024;D;N;T;M;D;O
S 10/02/2024;D;N;T;M;D;D
D 11/02/2024;D;D;N;T;M;D
L 12/02/2024;D;D;N;T;M;O
M 13/02/2024;M;D;D;N;T;O
X 14/02/2024;M;D;D;N;T;O
J 15/02/2024;T;M;D;D;N;O
V 16/02/2024;T;M;D;D;N;O
S 17/02/2024;N;T;M;D;D;D
D 18/02/2024;N;T;M;D;D;D
L 19/02/2024;D;N;T;O;D;M
M 20/02/2024;D;N;T;O;D;M
X 21/02/2024;D;D;N;O;M;T
J 22/02/2024;D;D;N;O;M;T
V 23/02/2024;M;D;D;O;T;N
S 24/02/2024;M;D;D;D;T;N
D 25/02/2024;T;M;D;D;N;D
L 26/02/2024;T;M;D;O;N;D
M 27/02/2024;N;T;M;O;D;D
X 28/02/2024;N;T;M;O;D;D
J 29/02/2024;D;N;T;O;D;M
V 01/03/2024;D;N;T;O;D;M
S 02/03/2024;D;D;N;D;M;T
D 03/03/2024;D;D;N;D;M;T
L 04/03/2024;O;D;D;M;T;N
M 05/03/2024;O;D;D;M;T;N
X 06/03/2024;O;M;D;T;N;D
J 07/03/2024;O;M;D;T;N;D
V 08/03/2024;O;T;M;N;D;D
S 09/03/2024;D;T;M;N;D;D
D 10/03/2024;D;N;T;D;D;M
L 11/03/2024;O;N;T;D;D;M
M 12/03/2024;O;D;N;D;M;T
X 13/03/2024;O;D;N;D;M;T
J 14/03/2024;O;D;D;M;T;N
V 15/03/2024;O;D;D;M;T;N
S 16/03/2024;D;M;D;T;N;D
D 17/03/2024;D;M;D;T;N;D
L 18/03/2024;M;T;O;N;D;D
M 19/03/2024;M;T;O;N;D;D
X 20/03/2024;T;N;O;D;D;M
J 21/03/2024;T;N;O;D;D;M
V 22/03/2024;N;D;O;D;M;T
S 23/03/2024;N;D;D;D;M;T
D 24/03/2024;D;D;D;M;T;N
L 25/03/2024;D;D;O;M;T;N
M 26/03/2024;D;M;O;T;N;D
X 27/03/2024;D;M;O;T;N;D
J 28/03/2024;M;T;O;N;D;D
V 29/03/2024;M;T;O;N;D;D
S 30/03/2024;T;N;D;D;D;M
D 31/03/2024;T;N;D;D;D;M
L 01/04/2024;N;D;M;D;O;T
M 02/04/2024;N;D;M;D;O;T
X 03/04/2024;D;D;T;M;O;N
J 04/04/2024;D;D;T;M;O;N
V 05/04/2024;D;M;N;T;O;D
S 06/04/2024;D;M;N;T;D;D
D 07/04/2024;M;T;D;N;D;D
L 08/04/2024;M;T;D;N;O;D
M 09/04/2024;T;N;D;D;O;M
X 10/04/2024;T;N;D;D;O;M
J 11/04/2024;N;D;M;D;O;T
V 12/04/2024;N;D;M;D;O;T
S 13/04/2024;D;D;T;M;D;N
D 14/04/2024;D;D;T;M;D;N
L 15/04/2024;D;O;N;T;M;D
M 16/04/2024;D;O;N;T;M;D
X 17/04/2024;M;O;D;N;T;D
J 18/04/2024;M;O;D;N;T;O
V 19/04/2024;T;O;D;D;N;M
S 20/04/2024;T;D;D;D;N;M
D 21/04/2024;N;D;M;D;D;T
L 22/04/2024;N;O;M;O;D;T
M 23/04/2024;D;O;T;M;D;N
X 24/04/2024;D;O;T;M;O;N
J 25/04/2024;D;O;N;T;M;D
V 26/04/2024;O;O;N;T;M;D
S 27/04/2024;M;D;D;N;T;D
D 28/04/2024;M;D;D;N;T;D
L 29/04/2024;T;O;D;D;N;M
M 30/04/2024;T;O;O;D;N;M
X 01/05/2024;N;O;M;D;D;T
J 02/05/2024;N;O;M;O;D;T
V 03/05/2024;D;O;T;M;D;N
S 04/05/2024;D;D;T;M;D;N
D 05/05/2024;D;D;N;T;M;D
L 06/05/2024;O;O;N;T;M;D
M 07/05/2024;M;O;D;N;T;D
X 08/05/2024;M;O;D;N;T;O
J 09/05/2024;T;O;D;D;N;M
V 10/05/2024;T;O;D;D;N;M
S 11/05/2024;N;D;M;D;D;T
D 12/05/2024;N;D;M;D;D;T
L 13/05/2024;D;M;T;O;D;N
M 14/05/2024;D;M;T;O;O;N
X 15/05/2024;D;T;N;O;M;D
J 16/05/2024;O;T;N;O;M;D
V 17/05/2024;M;N;D;O;T;D
S 18/05/2024;M;N;D;D;T;D
D 19/05/2024;T;D;D;D;N;M
L 20/05/2024;T;D;O;O;N;M
M 21/05/2024;N;D;M;O;D;T
X 22/05/2024;N;O;M;O;D;T
J 23/05/2024;D;M;T;O;D;N
V 24/05/2024;D;M;T;O;O;N
S 25/05/2024;D;T;N;D;M;D
D 26/05/2024;D;T;N;D;M;D
L 27/05/2024;M;N;D;O;T;D
M 28/05/2024;M;N;D;O;T;O
X 29/05/2024;T;D;D;O;N;M
J 30/05/2024;T;D;O;O;N;M
V 31/05/2024;N;D;M;O;D;T
S 01/06/2024;N;D;M;D;D;T
D 02/06/2024;D;M;T;D;D;N
L 03/06/2024;D;M;T;O;O;N
M 04/06/2024;D;T;N;O;M;D
X 05/06/2024;O;T;N;O;M;D
J 06/06/2024;M;N;D;O;T;D
V 07/06/2024;M;N;D;O;T;D
S 08/06/2024;T;D;D;D;N;M
D 09/06/2024;T;D;D;D;N;M
L 10/06/2024;N;D;O;M;D;T
M 11/06/2024;N;O;O;M;D;T
X 12/06/2024;D;M;O;T;D;N
J 13/06/2024;D;M;O;T;O;N
V 14/06/2024;D;T;O;N;M;D
S 15/06/2024;D;T;D;N;M;D
D 16/06/2024;M;N;D;D;T;D
L 17/06/2024;M;N;O;D;T;D
M 18/06/2024;T;D;O;D;N;M
X 19/06/2024;T;D;O;O;N;M
J 20/06/2024;N;D;O;M;D;T
V 21/06/2024;N;D;O;M;D;T
S 22/06/2024;D;M;D;T;D;N
D 23/06/2024;D;M;D;T;D;N
L 24/06/2024;D;T;O;N;M;D
M 25/06/2024;D;T;O;N;M;D
X 26/06/2024;M;N;O;D;T;D
J 27/06/2024;M;N;O;D;T;D
V 28/06/2024;T;D;O;D;N;M
S 29/06/2024;T;D;D;D;N;M
D 30/06/2024;N;D;D;M;D;T
L 01/07/2024;N;D;O;M;D;T
M 02/07/2024;D;M;O;T;D;N
X 03/07/2024;D;M;O;T;D;N
J 04/07/2024;D;T;O;N;M;D
V 05/07/2024;D;T;O;N;M;D
S 06/07/2024;M;N;D;D;T;D
D 07/07/2024;M;N;D;D;T;D
L 08/07/2024;T;D;M;D;N;O
M 09/07/2024;T;D;M;D;N;O
X 10/07/2024;N;D;T;M;D;O
J 11/07/2024;N;D;T;M;D;O
V 12/07/2024;D;M;N;T;D;O
S 13/07/2024;D;M;N;T;D;D
D 14/07/2024;D;T;D;N;M;D
L 15/07/2024;D;T;D;N;M;O
M 16/07/2024;M;N;D;D;T;O
X 17/07/2024;M;N;D;D;T;O
J 18/07/2024;T;D;M;D;N;O
V 19/07/2024;T;D;M;D;N;O
S 20/07/2024;N;D;T;M;D;D
D 21/07/2024;N;D;T;M;D;D
L 22/07/2024;D;M;N;T;D;O
M 23/07/2024;D;M;N;T;D;O
X 24/07/2024;D;T;D;N;M;O
J 25/07/2024;D;T;D;N;M;O
V 26/07/2024;M;N;D;D;T;O
S 27/07/2024;M;N;D;D;T;D
D 28/07/2024;T;D;M;D;N;D
L 29/07/2024;T;D;M;D;N;O
M 30/07/2024;N;D;T;M;D;O
X 31/07/2024;N;D;T;M;D;O
J 01/08/2024;D;M;N;T;D;O
V 02/08/2024;D;M;N;T;D;O
S 03/08/2024;D;T;D;N;M;D
D 04/08/2024;D;T;D;N;M;D
L 05/08/2024;O;N;D;D;T;M
M 06/08/2024;O;N;D;D;T;M
X 07/08/2024;O;D;M;D;N;T
J 08/08/2024;O;D;M;D;N;T
V 09/08/2024;O;D;T;M;D;N
S 10/08/2024;D;D;T;M;D;N
D 11/08/2024;D;M;N;T;D;D
L 12/08/2024;O;M;N;T;D;D
M 13/08/2024;O;T;D;N;M;D
X 14/08/2024;O;T;D;N;M;D
J 15/08/2024;O;N;D;D;T;M
V 16/08/2024;O;N;D;D;T;M
S 17/08/2024;D;D;M;D;N;T
D 18/08/2024;D;D;M;D;N;T
L 19/08/2024;O;D;T;M;D;N
M 20/08/2024;O;O;T;M;D;N
X 21/08/2024;O;M;N;T;D;D
J 22/08/2024;O;M;N;T;O;D
V 23/08/2024;O;T;D;N;M;D
S 24/08/2024;D;T;D;N;M;D
D 25/08/2024;D;N;D;D;T;M
L 26/08/2024;O;N;D;D;T;M
M 27/08/2024;O;D;M;D;N;T
X 28/08/2024;O;D;M;O;N;T
J 29/08/2024;O;D;T;M;D;N
V 30/08/2024;O;O;T;M;D;N
S 31/08/2024;D;M;N;T;D;D
D 01/09/2024;D;M;N;T;D;D
L 02/09/2024;M;T;D;N;O;D
M 03/09/2024;M;T;D;N;O;O
X 04/09/2024;T;N;D;D;O;M
J 05/09/2024;T;N;D;D;O;M
V 06/09/2024;N;D;M;D;O;T
S 07/09/2024;N;D;M;D;D;T
D 08/09/2024;D;D;T;M;D;N
L 09/09/2024;D;O;T;M;O;N
M 10/09/2024;D;M;N;T;O;D
X 11/09/2024;O;M;N;T;O;D
J 12/09/2024;M;T;D;N;O;D
V 13/09/2024;M;T;D;N;O;O
S 14/09/2024;T;N;D;D;D;M
D 15/09/2024;T;N;D;D;D;M
L 16/09/2024;N;D;M;D;O;T
M 17/09/2024;N;D;M;O;O;T
X 18/09/2024;D;D;T;M;O;N
J 19/09/2024;D;O;T;M;O;N
V 20/09/2024;D;M;N;T;O;D
S 21/09/2024;D;M;N;T;D;D
D 22/09/2024;M;T;D;N;D;D
L 23/09/2024;M;T;D;N;O;O
M 24/09/2024;T;N;D;D;O;M
X 25/09/2024;T;N;O;D;O;M
J 26/09/2024;N;D;M;D;O;T
V 27/09/2024;N;D;M;O;O;T
S 28/09/2024;D;D;T;M;D;N
D 29/09/2024;D;D;T;M;D;N
L 30/09/2024;D;O;N;T;M;D
M 01/10/2024;D;O;N;T;M;D
X 02/10/2024;M;O;D;N;T;D
J 03/10/2024;M;O;D;N;T;D
V 04/10/2024;T;O;D;D;N;M
S 05/10/2024;T;D;D;D;N;M
D 06/10/2024;N;D;M;D;D;T
L 07/10/2024;N;O;M;D;D;T
M 08/10/2024;D;O;T;M;D;N
X 09/10/2024;D;O;T;M;D;N
J 10/10/2024;D;O;N;T;M;D
V 11/10/2024;D;O;N;T;M;D
S 12/10/2024;M;D;D;N;T;D
D 13/10/2024;M;D;D;N;T;D
L 14/10/2024;T;M;D;D;N;O
M 15/10/2024;T;M;D;D;N;O
X 16/10/2024;N;T;M;D;D;O
J 17/10/2024;N;T;M;D;D;O
V 18/10/2024;D;N;T;M;D;O
S 19/10/2024;D;N;T;M;D;D
D 20/10/2024;D;D;N;T;M;D
L 21/10/2024;D;D;N;T;M;O
M 22/10/2024;M;D;D;N;T;O
X 23/10/2024;M;D;D;N;T;O
J 24/10/2024;T;M;D;D;N;O
V 25/10/2024;T;M;D;D;N;O
S 26/10/2024;N;T;M;D;D;D
D 27/10/2024;N;T;M;D;D;D
L 28/10/2024;D;N;T;O;D;M
M 29/10/2024;D;N;T;O;D;M
X 30/10/2024;D;D;N;O;M;T
J 31/10/2024;D;D;N;O;M;T
V 01/11/2024;M;D;D;O;T;N
S 02/11/2024;M;D;D;D;T;N
D 03/11/2024;T;M;D;D;N;D
L 04/11/2024;T;M;D;O;N;D
M 05/11/2024;N;T;M;O;D;D
X 06/11/2024;N;T;M;O;D;D
J 07/11/2024;D;N;T;O;D;M
V 08/11/2024;D;N;T;O;D;M
S 09/11/2024;D;D;N;D;M;T
D 10/11/2024;D;D;N;D;M;T
L 11/11/2024;O;D;D;M;T;N
M 12/11/2024;O;D;D;M;T;N
X 13/11/2024;O;M;D;T;N;D
J 14/11/2024;O;M;D;T;N;D
V 15/11/2024;O;T;M;N;D;D
S 16/11/2024;D;T;M;N;D;D
D 17/11/2024;D;N;T;D;D;M
L 18/11/2024;O;N;T;D;D;M
M 19/11/2024;O;D;N;D;M;T
X 20/11/2024;O;D;N;D;M;T
J 21/11/2024;O;D;D;M;T;N
V 22/11/2024;O;D;D;M;T;N
S 23/11/2024;D;M;D;T;N;D
D 24/11/2024;D;M;D;T;N;D
L 25/11/2024;M;T;O;N;D;D
M 26/11/2024;M;T;O;N;D;D
X 27/11/2024;T;N;O;D;D;M
J 28/11/2024;T;N;O;D;D;M
V 29/11/2024;N;D;O;D;M;T
S 30/11/2024;N;D;D;D;M;T
D 01/12/2024;D;D;D;M;T;N
L 02/12/2024;D;D;O;M;T;N
M 03/12/2024;D;M;O;T;N;D
X 04/12/2024;D;M;O;T;N;D
J 05/12/2024;M;T;O;N;D;D
V 06/12/2024;M;T;O;N;D;D
S 07/12/2024;T;N;D;D;D;M
D 08/12/2024;T;N;D;D;D;M
L 09/12/2024;N;D;M;D;O;T
M 10/12/2024;N;D;M;D;O;T
X 11/12/2024;D;D;T;M;O;N
J 12/12/2024;D;D;T;M;O;N
V 13/12/2024;D;M;N;T;O;D
S 14/12/2024;D;M;N;T;D;D
D 15/12/2024;M;T;D;N;D;D
L 16/12/2024;M;T;D;N;O;D
M 17/12/2024;T;N;D;D;O;M
X 18/12/2024;T;N;D;D;O;M
J 19/12/2024;N;D;M;D;O;T
V 20/12/2024;N;D;M;D;O;T
S 21/12/2024;D;D;T;M;D;N
D 22/12/2024;D;D;T;M;D;N
L 23/12/2024;D;O;N;T;M;D
M 24/12/2024;D;O;N;T;M;D
X 25/12/2024;M;O;D;N;T;D
J 26/12/2024;M;O;D;N;T;D
V 27/12/2024;T;O;D;D;N;M
S 28/12/2024;T;D;D;D;N;M
D 29/12/2024;N;D;M;D;D;T
L 30/12/2024;N;O;M;D;D;T
M 31/12/2024;D;O;T;M;D;N
X 01/01/2025;D;O;T;M;D;N
J 02/01/2025;D;O;N;T;M;D
V 03/01/2025;D;O;N;T;M;D
S 04/01/2025;M;D;D;N;T;D
D 05/01/2025;M;D;D;N;T;D
L 06/01/2025;T;M;D;D;N;O
M 07/01/2025;T;M;D;D;N;O
X 08/01/2025;N;T;M;D;D;O
J 09/01/2025;N;T;M;D;D;O
V 10/01/2025;D;N;T;M;D;O
S 11/01/2025;D;N;T;M;D;D
D 12/01/2025;D;D;N;T;M;D
L 13/01/2025;D;D;N;T;M;O
M 14/01/2025;M;D;D;N;T;O
X 15/01/2025;M;D;D;N;T;O
J 16/01/2025;T;M;D;D;N;O
V 17/01/2025;T;M;D;D;N;O
S 18/01/2025;N;T;M;D;D;D
D 19/01/2025;N;T;M;D;D;D
L 20/01/2025;D;N;T;O;D;M
M 21/01/2025;D;N;T;O;D;M
X 22/01/2025;D;D;N;O;M;T
J 23/01/2025;D;D;N;O;M;T
V 24/01/2025;M;D;D;O;T;N
S 25/01/2025;M;D;D;D;T;N
D 26/01/2025;T;M;D;D;N;D
L 27/01/2025;T;M;D;O;N;D
M 28/01/2025;N;T;M;O;D;D
X 29/01/2025;N;T;M;O;D;D
J 30/01/2025;D;N;T;O;D;M
V 31/01/2025;D;N;T;O;D;M
S 01/02/2025;D;D;N;D;M;T
D 02/02/2025;D;D;N;D;M;T
L 03/02/2025;O;D;D;M;T;N
M 04/02/2025;O;D;D;M;T;N
X 05/02/2025;O;M;D;T;N;D
J 06/02/2025;O;M;D;T;N;D
V 07/02/2025;O;T;M;N;D;D
S 08/02/2025;D;T;M;N;D;D
D 09/02/2025;D;N;T;D;D;M
L 10/02/2025;O;N;T;D;D;M
M 11/02/2025;O;D;N;D;M;T
X 12/02/2025;O;D;N;D;M;T
J 13/02/2025;O;D;D;M;T;N
V 14/02/2025;O;D;D;M;T;N
S 15/02/2025;D;M;D;T;N;D
D 16/02/2025;D;M;D;T;N;D
L 17/02/2025;M;T;O;N;D;D
M 18/02/2025;M;T;O;N;D;D
X 19/02/2025;T;N;O;D;D;M
J 20/02/2025;T;N;O;D;D;M
V 21/02/2025;N;D;O;D;M;T
S 22/02/2025;N;D;D;D;M;T
D 23/02/2025;D;D;D;M;T;N
L 24/02/2025;D;D;O;M;T;N
M 25/02/2025;D;M;O;T;N;D
X 26/02/2025;D;M;O;T;N;D
J 27/02/2025;M;T;O;N;D;D
V 28/02/2025;M;T;O;N;D;D
S 01/03/2025;T;N;D;D;D;M
D 02/03/2025;T;N;D;D;D;M
L 03/03/2025;N;D;M;D;O;T
M 04/03/2025;N;D;M;D;O;T
X 05/03/2025;D;D;T;M;O;N
J 06/03/2025;D;D;T;M;O;N
V 07/03/2025;D;M;N;T;O;D
S 08/03/2025;D;M;N;T;D;D
D 09/03/2025;M;T;D;N;D;D
L 10/03/2025;M;T;D;N;O;D
M 11/03/2025;T;N;D;D;O;M
X 12/03/2025;T;N;D;D;O;M
J 13/03/2025;N;D;M;D;O;T
V 14/03/2025;N;D;M;D;O;T
S 15/03/2025;D;D;T;M;D;N
D 16/03/2025;D;D;T;M;D;N
L 17/03/2025;D;O;N;T;M;D
M 18/03/2025;D;O;N;T;M;D
X 19/03/2025;M;O;D;N;T;D
J 20/03/2025;M;O;D;N;T;D
V 21/03/2025;T;O;D;D;N;M
S 22/03/2025;T;D;D;D;N;M
D 23/03/2025;N;D;M;D;D;T
L 24/03/2025;N;O;M;D;D;T
M 25/03/2025;D;O;T;M;D;N
X 26/03/2025;D;O;T;M;D;N
J 27/03/2025;D;O;N;T;M;D
V 28/03/2025;D;O;N;T;M;D
S 29/03/2025;M;D;D;N;T;D
D 30/03/2025;M;D;D;N;T;D
L 31/03/2025;T;M;D;D;N;O
M 01/04/2025;T;M;D;D;N;O
X 02/04/2025;N;T;M;D;D;O
J 03/04/2025;N;T;M;D;D;O
V 04/04/2025;D;N;T;M;D;O
S 05/04/2025;D;N;T;M;D;D
D 06/04/2025;D;D;N;T;M;D
L 07/04/2025;D;D;N;T;M;O
M 08/04/2025;M;D;D;N;T;O
X 09/04/2025;M;D;D;N;T;O
J 10/04/2025;T;M;D;D;N;O
V 11/04/2025;T;M;D;D;N;O
S 12/04/2025;N;T;M;D;D;D
D 13/04/2025;N;T;M;D;D;D
L 14/04/2025;D;N;T;O;D;M
M 15/04/2025;D;N;T;O;O;M
X 16/04/2025;D;D;N;O;M;T
J 17/04/2025;O;D;N;O;M;T
V 18/04/2025;M;D;D;O;T;N
S 19/04/2025;M;D;D;D;T;N
D 20/04/2025;T;M;D;D;N;D
L 21/04/2025;T;M;O;O;N;D
M 22/04/2025;N;T;M;O;D;D
X 23/04/2025;N;T;M;O;D;O
J 24/04/2025;D;N;T;O;D;M
V 25/04/2025;D;N;T;O;O;M
S 26/04/2025;D;D;N;D;M;T
D 27/04/2025;D;D;N;D;M;T
L 28/04/2025;M;D;D;O;T;N
M 29/04/2025;M;O;D;O;T;N
X 30/04/2025;T;M;D;O;N;D
J 01/05/2025;T;M;O;O;N;D
V 02/05/2025;N;T;M;O;D;D
S 03/05/2025;N;T;M;D;D;D
D 04/05/2025;D;N;T;D;D;M
L 05/05/2025;D;N;T;O;O;M
M 06/05/2025;D;D;N;O;M;T
X 07/05/2025;O;D;N;O;M;T
J 08/05/2025;M;D;D;O;T;N
V 09/05/2025;M;O;D;O;T;N
S 10/05/2025;T;M;D;D;N;D
D 11/05/2025;T;M;D;D;N;D
L 12/05/2025;N;T;O;M;D;D
M 13/05/2025;N;T;O;M;D;O
X 14/05/2025;D;N;O;T;D;M
J 15/05/2025;D;N;O;T;D;M
V 16/05/2025;D;D;O;N;M;T
S 17/05/2025;D;D;D;N;M;T
D 18/05/2025;M;D;D;D;T;N
L 19/05/2025;M;O;O;D;T;N
M 20/05/2025;T;M;O;D;N;D
X 21/05/2025;T;M;O;O;N;D
J 22/05/2025;N;T;O;M;D;D
V 23/05/2025;N;T;O;M;D;D
S 24/05/2025;D;N;D;T;D;M
D 25/05/2025;D;N;D;T;D;M
L 26/05/2025;D;D;O;N;M;T
M 27/05/2025;O;D;O;N;M;T
X 28/05/2025;M;D;O;D;T;N
J 29/05/2025;M;D;O;D;T;N
V 30/05/2025;T;M;O;D;N;D
S 31/05/2025;T;M;D;D;N;D
D 01/06/2025;N;T;D;M;D;D
L 02/06/2025;N;T;O;M;D;O
M 03/06/2025;D;N;O;T;D;M
X 04/06/2025;D;N;O;T;O;M
J 05/06/2025;D;D;O;N;M;T
V 06/06/2025;O;D;O;N;M;T
S 07/06/2025;M;D;D;D;T;N
D 08/06/2025;M;D;D;D;T;N
L 09/06/2025;T;O;M;D;N;D
M 10/06/2025;T;O;M;O;N;D
X 11/06/2025;N;O;T;M;D;D
J 12/06/2025;N;O;T;M;D;O
V 13/06/2025;D;O;N;T;D;M
S 14/06/2025;D;D;N;T;D;M
D 15/06/2025;D;D;D;N;M;T
L 16/06/2025;D;O;D;N;M;T
M 17/06/2025;M;O;D;D;T;N
X 18/06/2025;M;O;O;D;T;N
J 19/06/2025;T;O;M;D;N;D
V 20/06/2025;T;O;M;O;N;D
S 21/06/2025;N;D;T;M;D;D
D 22/06/2025;N;D;T;M;D;D
L 23/06/2025;D;O;N;T;D;M
M 24/06/2025;D;O;N;T;D;M
X 25/06/2025;D;O;D;N;M;T
J 26/06/2025;D;O;D;N;M;T
V 27/06/2025;M;O;D;D;T;N
S 28/06/2025;M;D;D;D;T;N
D 29/06/2025;T;D;M;D;N;D
L 30/06/2025;T;O;M;D;N;D
M 01/07/2025;N;O;T;M;D;D
X 02/07/2025;N;O;T;M;D;D
J 03/07/2025;D;O;N;T;D;M
V 04/07/2025;D;O;N;T;D;M
S 05/07/2025;D;D;D;N;M;T
D 06/07/2025;D;D;D;N;M;T
L 07/07/2025;O;M;D;D;T;N
M 08/07/2025;O;M;D;D;T;N
X 09/07/2025;O;T;M;D;N;D
J 10/07/2025;O;T;M;D;N;D
V 11/07/2025;O;N;T;M;D;D
S 12/07/2025;D;N;T;M;D;D
D 13/07/2025;D;D;N;T;D;M
L 14/07/2025;O;D;N;T;D;M
M 15/07/2025;O;D;D;N;M;T
X 16/07/2025;O;D;D;N;M;T
J 17/07/2025;O;M;D;D;T;N
V 18/07/2025;O;M;D;D;T;N
S 19/07/2025;D;T;M;D;N;D
D 20/07/2025;D;T;M;D;N;D
L 21/07/2025;O;N;T;M;D;D
M 22/07/2025;O;N;T;M;D;D
X 23/07/2025;O;D;N;T;D;M
J 24/07/2025;O;D;N;T;D;M
V 25/07/2025;O;D;D;N;M;T
S 26/07/2025;D;D;D;N;M;T
D 27/07/2025;D;M;D;D;T;N
L 28/07/2025;O;M;D;D;T;N
M 29/07/2025;O;T;M;D;N;D
X 30/07/2025;O;T;M;D;N;D
J 31/07/2025;O;N;T;M;D;D
V 01/08/2025;O;N;T;M;D;D
S 02/08/2025;D;D;N;T;D;M
D 03/08/2025;D;D;N;T;D;M
L 04/08/2025;M;D;D;N;O;T
M 05/08/2025;M;D;D;N;O;T
X 06/08/2025;T;M;D;D;O;N
J 07/08/2025;T;M;D;D;O;N
V 08/08/2025;N;T;M;D;O;D
S 09/08/2025;N;T;M;D;D;D
D 10/08/2025;D;N;T;M;D;D
L 11/08/2025;D;N;T;M;O;D
M 12/08/2025;D;D;N;T;O;M
X 13/08/2025;D;D;N;T;O;M
J 14/08/2025;M;D;D;N;O;T
V 15/08/2025;M;D;D;N;O;T
S 16/08/2025;T;M;D;D;D;N
D 17/08/2025;T;M;D;D;D;N
L 18/08/2025;N;T;M;D;O;D
M 19/08/2025;N;T;M;O;O;D
X 20/08/2025;D;N;T;M;O;D
J 21/08/2025;D;N;T;M;O;O
V 22/08/2025;D;D;N;T;O;M
S 23/08/2025;D;D;N;T;D;M
D 24/08/2025;M;D;D;N;D;T
L 25/08/2025;M;O;D;N;O;T
M 26/08/2025;T;M;D;D;O;N
X 27/08/2025;T;M;O;D;O;N
J 28/08/2025;N;T;M;D;O;D
V 29/08/2025;N;T;M;O;O;D
S 30/08/2025;D;N;T;M;D;D
D 31/08/2025;D;N;T;M;D;D
L 01/09/2025;D;D;N;T;M;O
M 02/09/2025;O;D;N;T;M;O
X 03/09/2025;M;D;D;N;T;O
J 04/09/2025;M;O;D;N;T;O
V 05/09/2025;T;M;D;D;N;O
S 06/09/2025;T;M;D;D;N;D
D 07/09/2025;N;T;M;D;D;D
L 08/09/2025;N;T;M;O;D;O
M 09/09/2025;D;N;T;M;D;O
X 10/09/2025;D;N;T;M;O;O
J 11/09/2025;D;D;N;T;M;O
V 12/09/2025;O;D;N;T;M;O
S 13/09/2025;M;D;D;N;T;D
D 14/09/2025;M;D;D;N;T;D
L 15/09/2025;T;M;D;D;N;O
M 16/09/2025;T;M;O;D;N;O
X 17/09/2025;N;T;M;D;D;O
J 18/09/2025;N;T;M;O;D;O
V 19/09/2025;D;N;T;M;D;O
S 20/09/2025;D;N;T;M;D;D
D 21/09/2025;D;D;N;T;M;D
L 22/09/2025;O;D;N;T;M;O
M 23/09/2025;M;D;D;N;T;O
X 24/09/2025;M;O;D;N;T;O
J 25/09/2025;T;M;D;D;N;O
V 26/09/2025;T;M;O;D;N;O
S 27/09/2025;N;T;M;D;D;D
D 28/09/2025;N;T;M;D;D;D
L 29/09/2025;D;N;T;O;D;M
M 30/09/2025;D;N;T;O;D;M
X 01/10/2025;D;D;N;O;M;T
J 02/10/2025;D;D;N;O;M;T
V 03/10/2025;M;D;D;O;T;N
S 04/10/2025;M;D;D;D;T;N
D 05/10/2025;T;M;D;D;N;D
L 06/10/2025;T;M;D;O;N;D
M 07/10/2025;N;T;M;O;D;D
X 08/10/2025;N;T;M;O;D;D
J 09/10/2025;D;N;T;O;D;M
V 10/10/2025;D;N;T;O;D;M
S 11/10/2025;D;D;N;D;M;T
D 12/10/2025;D;D;N;D;M;T
L 13/10/2025;O;D;D;M;T;N
M 14/10/2025;O;D;D;M;T;N
X 15/10/2025;O;M;D;T;N;D
J 16/10/2025;O;M;D;T;N;D
V 17/10/2025;O;T;M;N;D;D
S 18/10/2025;D;T;M;N;D;D
D 19/10/2025;D;N;T;D;D;M
L 20/10/2025;O;N;T;D;D;M
M 21/10/2025;O;D;N;D;M;T
X 22/10/2025;O;D;N;D;M;T
J 23/10/2025;O;D;D;M;T;N
V 24/10/2025;O;D;D;M;T;N
S 25/10/2025;D;M;D;T;N;D
D 26/10/2025;D;M;D;T;N;D
L 27/10/2025;M;T;O;N;D;D
M 28/10/2025;M;T;O;N;D;D
X 29/10/2025;T;N;O;D;D;M
J 30/10/2025;T;N;O;D;D;M
V 31/10/2025;N;D;O;D;M;T
S 01/11/2025;N;D;D;D;M;T
D 02/11/2025;D;D;D;M;T;N
L 03/11/2025;D;D;O;M;T;N
M 04/11/2025;D;M;O;T;N;D
X 05/11/2025;D;M;O;T;N;D
J 06/11/2025;M;T;O;N;D;D
V 07/11/2025;M;T;O;N;D;D
S 08/11/2025;T;N;D;D;D;M
D 09/11/2025;T;N;D;D;D;M
L 10/11/2025;N;D;M;D;O;T
M 11/11/2025;N;D;M;D;O;T
X 12/11/2025;D;D;T;M;O;N
J 13/11/2025;D;D;T;M;O;N
V 14/11/2025;D;M;N;T;O;D
S 15/11/2025;D;M;N;T;D;D
D 16/11/2025;M;T;D;N;D;D
L 17/11/2025;M;T;D;N;O;D
M 18/11/2025;T;N;D;D;O;M
X 19/11/2025;T;N;D;D;O;M
J 20/11/2025;N;D;M;D;O;T
V 21/11/2025;N;D;M;D;O;T
S 22/11/2025;D;D;T;M;D;N
D 23/11/2025;D;D;T;M;D;N
L 24/11/2025;D;O;N;T;M;D
M 25/11/2025;D;O;N;T;M;D
X 26/11/2025;M;O;D;N;T;D
J 27/11/2025;M;O;D;N;T;D
V 28/11/2025;T;O;D;D;N;M
S 29/11/2025;T;D;D;D;N;M
D 30/11/2025;N;D;M;D;D;T
L 01/12/2025;N;O;M;D;D;T
M 02/12/2025;D;O;T;M;D;N
X 03/12/2025;D;O;T;M;D;N
J 04/12/2025;D;O;N;T;M;D
V 05/12/2025;D;O;N;T;M;D
S 06/12/2025;M;D;D;N;T;D
D 07/12/2025;M;D;D;N;T;D
L 08/12/2025;T;M;D;D;N;O
M 09/12/2025;T;M;D;D;N;O
X 10/12/2025;N;T;M;D;D;O
J 11/12/2025;N;T;M;D;D;O
V 12/12/2025;D;N;T;M;D;O
S 13/12/2025;D;N;T;M;D;D
D 14/12/2025;D;D;N;T;M;D
L 15/12/2025;D;D;N;T;M;O
M 16/12/2025;M;D;D;N;T;O
X 17/12/2025;M;D;D;N;T;O
J 18/12/2025;T;M;D;D;N;O
V 19/12/2025;T;M;D;D;N;O
S 20/12/2025;N;T;M;D;D;D
D 21/12/2025;N;T;M;D;D;D
L 22/12/2025;D;N;T;O;D;M
M 23/12/2025;D;N;T;O;D;M
X 24/12/2025;D;D;N;O;M;T
J 25/12/2025;D;D;N;O;M;T
V 26/12/2025;M;D;D;O;T;N
S 27/12/2025;M;D;D;D;T;N
D 28/12/2025;T;M;D;D;N;D
L 29/12/2025;T;M;D;O;N;D
M 30/12/2025;N;T;M;O;D;D
X 31/12/2025;N;T;M;O;D;D
J 01/01/2026;D;N;T;O;D;M
V 02/01/2026;D;N;T;O;D;M
S 03/01/2026;D;D;N;D;M;T
D 04/01/2026;D;D;N;D;M;T
L 05/01/2026;O;D;D;M;T;N
M 06/01/2026;O;D;D;M;T;N
X 07/01/2026;O;M;D;T;N;D
J 08/01/2026;O;M;D;T;N;D
V 09/01/2026;O;T;M;N;D;D
S 10/01/2026;D;T;M;N;D;D
D 11/01/2026;D;N;T;D;D;M
L 12/01/2026;O;N;T;D;D;M
M 13/01/2026;O;D;N;D;M;T
X 14/01/2026;O;D;N;D;M;T
J 15/01/2026;O;D;D;M;T;N
V 16/01/2026;O;D;D;M;T;N
S 17/01/2026;D;M;D;T;N;D
D 18/01/2026;D;M;D;T;N;D
L 19/01/2026;M;T;O;N;D;D
M 20/01/2026;M;T;O;N;D;D
X 21/01/2026;T;N;O;D;D;M
J 22/01/2026;T;N;O;D;D;M
V 23/01/2026;N;D;O;D;M;T
S 24/01/2026;N;D;D;D;M;T
D 25/01/2026;D;D;D;M;T;N
L 26/01/2026;D;D;O;M;T;N
M 27/01/2026;D;M;O;T;N;D
X 28/01/2026;D;M;O;T;N;D
J 29/01/2026;M;T;O;N;D;D
V 30/01/2026;M;T;O;N;D;D
S 31/01/2026;T;N;D;D;D;M
D 01/02/2026;T;N;D;D;D;M
L 02/02/2026;N;D;M;D;O;T
M 03/02/2026;N;D;M;D;O;T
X 04/02/2026;D;D;T;M;O;N
J 05/02/2026;D;D;T;M;O;N
V 06/02/2026;D;M;N;T;O;D
S 07/02/2026;D;M;N;T;D;D
D 08/02/2026;M;T;D;N;D;D
L 09/02/2026;M;T;D;N;O;D
M 10/02/2026;T;N;D;D;O;M
X 11/02/2026;T;N;D;D;O;M
J 12/02/2026;N;D;M;D;O;T
V 13/02/2026;N;D;M;D;O;T
S 14/02/2026;D;D;T;M;D;N
D 15/02/2026;D;D;T;M;D;N
L 16/02/2026;D;O;N;T;M;D
M 17/02/2026;D;O;N;T;M;D
X 18/02/2026;M;O;D;N;T;D
J 19/02/2026;M;O;D;N;T;D
V 20/02/2026;T;O;D;D;N;M
S 21/02/2026;T;D;D;D;N;M
D 22/02/2026;N;D;M;D;D;T
L 23/02/2026;N;O;M;D;D;T
M 24/02/2026;D;O;T;M;D;N
X 25/02/2026;D;O;T;M;D;N
J 26/02/2026;D;O;N;T;M;D
V 27/02/2026;D;O;N;T;M;D
S 28/02/2026;M;D;D;N;T;D
D 01/03/2026;M;D;D;N;T;D
L 02/03/2026;T;M;D;D;N;O
M 03/03/2026;T;M;D;D;N;O
X 04/03/2026;N;T;M;D;D;O
J 05/03/2026;N;T;M;D;D;O
V 06/03/2026;D;N;T;M;D;O
S 07/03/2026;D;N;T;M;D;D
D 08/03/2026;D;D;N;T;M;D
L 09/03/2026;D;D;N;T;M;O
M 10/03/2026;M;D;D;N;T;O
X 11/03/2026;M;D;D;N;T;O
J 12/03/2026;T;M;D;D;N;O
V 13/03/2026;T;M;D;D;N;O
S 14/03/2026;N;T;M;D;D;D
D 15/03/2026;N;T;M;D;D;D
L 16/03/2026;D;N;T;O;D;M
M 17/03/2026;D;N;T;O;D;M
X 18/03/2026;D;D;N;O;M;T
J 19/03/2026;D;D;N;O;M;T
V 20/03/2026;M;D;D;O;T;N
S 21/03/2026;M;D;D;D;T;N
D 22/03/2026;T;M;D;D;N;D
L 23/03/2026;T;M;D;O;N;D
M 24/03/2026;N;T;M;O;D;D
X 25/03/2026;N;T;M;O;D;D
J 26/03/2026;D;N;T;O;D;M
V 27/03/2026;D;N;T;O;D;M
S 28/03/2026;D;D;N;D;M;T
D 29/03/2026;D;D;N;D;M;T
L 30/03/2026;O;D;D;M;T;N
M 31/03/2026;O;D;D;M;T;N
X 01/04/2026;O;M;D;T;N;D
J 02/04/2026;O;M;D;T;N;D
V 03/04/2026;O;T;M;N;D;D
S 04/04/2026;D;T;M;N;D;D
D 05/04/2026;D;N;T;D;D;M
L 06/04/2026;O;N;T;D;D;M
M 07/04/2026;O;D;N;D;M;T
X 08/04/2026;O;D;N;D;M;T
J 09/04/2026;O;D;D;M;T;N
V 10/04/2026;O;D;D;M;T;N
S 11/04/2026;D;M;D;T;N;D
D 12/04/2026;D;M;D;T;N;D
L 13/04/2026;M;T;O;N;D;D
M 14/04/2026;M;T;O;N;D;D
X 15/04/2026;T;N;O;D;D;M
J 16/04/2026;T;N;O;D;D;M
V 17/04/2026;N;D;O;D;M;T
S 18/04/2026;N;D;D;D;M;T
D 19/04/2026;D;D;D;M;T;N
L 20/04/2026;D;D;O;M;T;N
M 21/04/2026;D;M;O;T;N;D
X 22/04/2026;D;M;O;T;N;D
J 23/04/2026;M;T;O;N;D;D
V 24/04/2026;M;T;O;N;D;D
S 25/04/2026;T;N;D;D;D;M
D 26/04/2026;T;N;D;D;D;M
L 27/04/2026;N;D;M;D;O;T
M 28/04/2026;N;D;M;D;O;T
X 29/04/2026;D;D;T;M;O;N
J 30/04/2026;D;D;T;M;O;N
V 01/05/2026;D;M;N;T;O;D
S 02/05/2026;D;M;N;T;D;D
D 03/05/2026;M;T;D;N;D;D
L 04/05/2026;M;T;D;N;O;D
M 05/05/2026;T;N;D;D;O;M
X 06/05/2026;T;N;D;D;O;M
J 07/05/2026;N;D;M;D;O;T
V 08/05/2026;N;D;M;D;O;T
S 09/05/2026;D;D;T;M;D;N
D 10/05/2026;D;D;T;M;D;N
L 11/05/2026;D;M;N;T;O;D
M 12/05/2026;D;M;N;T;O;D
X 13/05/2026;M;T;D;N;O;D
J 14/05/2026;M;T;D;N;O;D
V 15/05/2026;T;N;D;D;O;M
S 16/05/2026;T;N;D;D;D;M
D 17/05/2026;N;D;M;D;D;T
L 18/05/2026;N;D;M;D;O;T
M 19/05/2026;D;D;T;M;O;N
X 20/05/2026;D;D;T;M;O;N
J 21/05/2026;D;M;N;T;O;D
V 22/05/2026;D;M;N;T;O;D
S 23/05/2026;M;T;D;N;D;D
D 24/05/2026;M;T;D;N;D;D
L 25/05/2026;T;N;D;D;M;O
M 26/05/2026;T;N;D;D;M;O
X 27/05/2026;N;D;M;D;T;O
J 28/05/2026;N;D;M;D;T;O
V 29/05/2026;D;D;T;M;N;O
S 30/05/2026;D;D;T;M;N;D
D 31/05/2026;D;M;N;T;D;D
L 01/06/2026;D;M;N;T;D;O
M 02/06/2026;M;T;D;N;D;O
X 03/06/2026;M;T;D;N;D;O
J 04/06/2026;T;N;D;D;M;O
V 05/06/2026;T;N;D;D;M;O
S 06/06/2026;N;D;M;D;T;D
D 07/06/2026;N;D;M;D;T;D
L 08/06/2026;D;D;T;M;N;O
M 09/06/2026;D;D;T;M;N;O
X 10/06/2026;D;M;N;T;D;O
J 11/06/2026;D;M;N;T;D;O
V 12/06/2026;M;T;D;N;D;O
S 13/06/2026;M;T;D;N;D;D
D 14/06/2026;T;N;D;D;M;D
L 15/06/2026;T;N;D;D;M;O
M 16/06/2026;N;D;M;D;T;O
X 17/06/2026;N;D;M;D;T;O
J 18/06/2026;D;D;T;M;N;O
V 19/06/2026;D;D;T;M;N;O
S 20/06/2026;D;M;N;T;D;D
D 21/06/2026;D;M;N;T;D;D
L 22/06/2026;O;T;D;N;D;M
M 23/06/2026;O;T;D;N;D;M
X 24/06/2026;O;N;D;D;M;T
J 25/06/2026;O;N;D;D;M;T
V 26/06/2026;O;D;M;D;T;N
S 27/06/2026;D;D;M;D;T;N
D 28/06/2026;D;D;T;M;N;D
L 29/06/2026;O;D;T;M;N;D
M 30/06/2026;O;M;N;T;D;D
X 01/07/2026;O;M;N;T;D;D
J 02/07/2026;O;T;D;N;D;M
V 03/07/2026;O;T;D;N;D;M
S 04/07/2026;D;N;D;D;M;T
D 05/07/2026;D;N;D;D;M;T
L 06/07/2026;O;D;M;D;T;N
M 07/07/2026;O;D;M;D;T;N
X 08/07/2026;O;D;T;M;N;D
J 09/07/2026;O;D;T;M;N;D
V 10/07/2026;O;M;N;T;D;D
S 11/07/2026;D;M;N;T;D;D
D 12/07/2026;D;T;D;N;D;M
L 13/07/2026;O;T;D;N;D;M
M 14/07/2026;O;N;D;D;M;T
X 15/07/2026;O;N;D;D;M;T
J 16/07/2026;O;D;M;D;T;N
V 17/07/2026;O;D;M;D;T;N
S 18/07/2026;D;D;T;M;N;D
D 19/07/2026;D;D;T;M;N;D
L 20/07/2026;M;O;N;T;D;D
M 21/07/2026;M;O;N;T;D;D
X 22/07/2026;T;O;D;N;D;M
J 23/07/2026;T;O;D;N;D;M
V 24/07/2026;N;O;D;D;M;T
S 25/07/2026;N;D;D;D;M;T
D 26/07/2026;D;D;M;D;T;N
L 27/07/2026;D;O;M;D;T;N
M 28/07/2026;D;O;T;M;N;D
X 29/07/2026;D;O;T;M;N;D
J 30/07/2026;M;O;N;T;D;D
V 31/07/2026;M;O;N;T;D;D
S 01/08/2026;T;D;D;N;D;M
D 02/08/2026;T;D;D;N;D;M
L 03/08/2026;N;O;D;D;M;T
M 04/08/2026;N;O;D;D;M;T
X 05/08/2026;D;O;M;D;T;N
J 06/08/2026;D;O;M;D;T;N
V 07/08/2026;D;O;T;M;N;D
S 08/08/2026;D;D;T;M;N;D
D 09/08/2026;M;D;N;T;D;D
L 10/08/2026;M;O;N;T;D;D
M 11/08/2026;T;O;D;N;D;M
X 12/08/2026;T;O;D;N;D;M
J 13/08/2026;N;O;D;D;M;T
V 14/08/2026;N;O;D;D;M;T
S 15/08/2026;D;D;M;D;T;N
D 16/08/2026;D;D;M;D;T;N
L 17/08/2026;D;M;T;O;N;D
M 18/08/2026;D;M;T;O;N;D
X 19/08/2026;M;T;N;O;D;D
J 20/08/2026;M;T;N;O;D;D
V 21/08/2026;T;N;D;O;D;M
S 22/08/2026;T;N;D;D;D;M
D 23/08/2026;N;D;D;D;M;T
L 24/08/2026;N;D;D;O;M;T
M 25/08/2026;D;D;M;O;T;N
X 26/08/2026;D;D;M;O;T;N
J 27/08/2026;D;M;T;O;N;D
V 28/08/2026;D;M;T;O;N;D
S 29/08/2026;M;T;N;D;D;D
D 30/08/2026;M;T;N;D;D;D
L 31/08/2026;T;N;D;O;D;M
M 01/09/2026;T;N;D;O;D;M
X 02/09/2026;N;D;D;O;M;T
J 03/09/2026;N;D;D;O;M;T
V 04/09/2026;D;D;M;O;T;N
S 05/09/2026;D;D;M;D;T;N
D 06/09/2026;D;M;T;D;N;D
L 07/09/2026;D;M;T;O;N;D
M 08/09/2026;M;T;N;O;D;D
X 09/09/2026;M;T;N;O;D;D
J 10/09/2026;T;N;D;O;D;M
V 11/09/2026;T;N;D;O;D;M
S 12/09/2026;N;D;D;D;M;T
D 13/09/2026;N;D;D;D;M;T
L 14/09/2026;D;D;O;M;T;N
M 15/09/2026;D;D;O;M;T;N
X 16/09/2026;D;M;O;T;N;D
J 17/09/2026;D;M;O;T;N;D
V 18/09/2026;M;T;O;N;D;D
S 19/09/2026;M;T;D;N;D;D
D 20/09/2026;T;N;D;D;D;M
L 21/09/2026;T;N;O;D;D;M
M 22/09/2026;N;D;O;D;M;T
X 23/09/2026;N;D;O;D;M;T
J 24/09/2026;D;D;O;M;T;N
V 25/09/2026;D;D;O;M;T;N
S 26/09/2026;D;M;D;T;N;D
D 27/09/2026;D;M;D;T;N;D
L 28/09/2026;M;T;O;N;D;D
M 29/09/2026;M;T;O;N;D;D
X 30/09/2026;T;N;O;D;D;M
J 01/10/2026;T;N;O;D;D;M
V 02/10/2026;N;D;O;D;M;T
S 03/10/2026;N;D;D;D;M;T
D 04/10/2026;D;D;D;M;T;N
L 05/10/2026;D;D;O;M;T;N
M 06/10/2026;D;M;O;T;N;D
X 07/10/2026;D;M;O;T;N;D
J 08/10/2026;M;T;O;N;D;D
V 09/10/2026;M;T;O;N;D;D
S 10/10/2026;T;N;D;D;D;M
D 11/10/2026;T;N;D;D;D;M
L 12/10/2026;N;D;M;D;O;T
M 13/10/2026;N;D;M;D;O;T
X 14/10/2026;D;D;T;M;O;N
J 15/10/2026;D;D;T;M;O;N
V 16/10/2026;D;M;N;T;O;D
S 17/10/2026;D;M;N;T;D;D
D 18/10/2026;M;T;D;N;D;D
L 19/10/2026;M;T;D;N;O;D
M 20/10/2026;T;N;D;D;O;M
X 21/10/2026;T;N;D;D;O;M
J 22/10/2026;N;D;M;D;O;T
V 23/10/2026;N;D;M;D;O;T
S 24/10/2026;D;D;T;M;D;N
D 25/10/2026;D;D;T;M;D;N
L 26/10/2026;D;O;N;T;M;D
M 27/10/2026;D;O;N;T;M;D
X 28/10/2026;M;O;D;N;T;D
J 29/10/2026;M;O;D;N;T;D
V 30/10/2026;T;O;D;D;N;M
S 31/10/2026;T;D;D;D;N;M
D 01/11/2026;N;D;M;D;D;T
L 02/11/2026;N;O;M;D;D;T
M 03/11/2026;D;O;T;M;D;N
X 04/11/2026;D;O;T;M;D;N
J 05/11/2026;D;O;N;T;M;D
V 06/11/2026;D;O;N;T;M;D
S 07/11/2026;M;D;D;N;T;D
D 08/11/2026;M;D;D;N;T;D
L 09/11/2026;T;M;D;D;N;O
M 10/11/2026;T;M;D;D;N;O
X 11/11/2026;N;T;M;D;D;O
J 12/11/2026;N;T;M;D;D;O
V 13/11/2026;D;N;T;M;D;O
S 14/11/2026;D;N;T;M;D;D
D 15/11/2026;D;D;N;T;M;D
L 16/11/2026;D;D;N;T;M;O
M 17/11/2026;M;D;D;N;T;O
X 18/11/2026;M;D;D;N;T;O
J 19/11/2026;T;M;D;D;N;O
V 20/11/2026;T;M;D;D;N;O
S 21/11/2026;N;T;M;D;D;D
D 22/11/2026;N;T;M;D;D;D
L 23/11/2026;D;N;T;O;D;M
M 24/11/2026;D;N;T;O;D;M
X 25/11/2026;D;D;N;O;M;T
J 26/11/2026;D;D;N;O;M;T
V 27/11/2026;M;D;D;O;T;N
S 28/11/2026;M;D;D;D;T;N
D 29/11/2026;T;M;D;D;N;D
L 30/11/2026;T;M;D;O;N;D
M 01/12/2026;N;T;M;O;D;D
X 02/12/2026;N;T;M;O;D;D
J 03/12/2026;D;N;T;O;D;M
V 04/12/2026;D;N;T;O;D;M
S 05/12/2026;D;D;N;D;M;T
D 06/12/2026;D;D;N;D;M;T
L 07/12/2026;O;D;D;M;T;N
M 08/12/2026;O;D;D;M;T;N
X 09/12/2026;O;M;D;T;N;D
J 10/12/2026;O;M;D;T;N;D
V 11/12/2026;O;T;M;N;D;D
S 12/12/2026;D;T;M;N;D;D
D 13/12/2026;D;N;T;D;D;M
L 14/12/2026;O;N;T;D;D;M
M 15/12/2026;O;D;N;D;M;T
X 16/12/2026;O;D;N;D;M;T
J 17/12/2026;O;D;D;M;T;N
V 18/12/2026;O;D;D;M;T;N
S 19/12/2026;D;M;D;T;N;D
D 20/12/2026;D;M;D;T;N;D
L 21/12/2026;M;T;O;N;D;D
M 22/12/2026;M;T;O;N;D;D
X 23/12/2026;T;N;O;D;D;M
J 24/12/2026;T;N;O;D;D;M
V 25/12/2026;N;D;O;D;M;T
S 26/12/2026;N;D;D;D;M;T
D 27/12/2026;D;D;D;M;T;N
L 28/12/2026;D;D;O;M;T;N
M 29/12/2026;D;M;O;T;N;D
X 30/12/2026;D;M;O;T;N;D
J 31/12/2026;M;T;O;N;D;D
V 01/01/2027;M;T;O;N;D;D
S 02/01/2027;T;N;D;D;D;M
D 03/01/2027;T;N;D;D;D;M
L 04/01/2027;N;D;M;D;O;T
M 05/01/2027;N;D;M;D;O;T
X 06/01/2027;D;D;T;M;O;N
J 07/01/2027;D;D;T;M;O;N
V 08/01/2027;D;M;N;T;O;D
S 09/01/2027;D;M;N;T;D;D
D 10/01/2027;M;T;D;N;D;D
L 11/01/2027;M;T;D;N;O;D
M 12/01/2027;T;N;D;D;O;M
X 13/01/2027;T;N;D;D;O;M
J 14/01/2027;N;D;M;D;O;T
V 15/01/2027;N;D;M;D;O;T
S 16/01/2027;D;D;T;M;D;N
D 17/01/2027;D;D;T;M;D;N
L 18/01/2027;D;O;N;T;M;D
M 19/01/2027;D;O;N;T;M;D
X 20/01/2027;M;O;D;N;T;D
J 21/01/2027;M;O;D;N;T;D
V 22/01/2027;T;O;D;D;N;M
S 23/01/2027;T;D;D;D;N;M
D 24/01/2027;N;D;M;D;D;T
L 25/01/2027;N;O;M;D;D;T
M 26/01/2027;D;O;T;M;D;N
X 27/01/2027;D;O;T;M;D;N
J 28/01/2027;D;O;N;T;M;D
V 29/01/2027;D;O;N;T;M;D
S 30/01/2027;M;D;D;N;T;D
D 31/01/2027;M;D;D;N;T;D
L 01/02/2027;T;M;D;D;N;O
M 02/02/2027;T;M;D;D;N;O
X 03/02/2027;N;T;M;D;D;O
J 04/02/2027;N;T;M;D;D;O
V 05/02/2027;D;N;T;M;D;O
S 06/02/2027;D;N;T;M;D;D
D 07/02/2027;D;D;N;T;M;D
L 08/02/2027;D;D;N;T;M;O
M 09/02/2027;M;D;D;N;T;O
X 10/02/2027;M;D;D;N;T;O
J 11/02/2027;T;M;D;D;N;O
V 12/02/2027;T;M;D;D;N;O
S 13/02/2027;N;T;M;D;D;D
D 14/02/2027;N;T;M;D;D;D
L 15/02/2027;D;N;T;O;D;M
M 16/02/2027;D;N;T;O;D;M
X 17/02/2027;D;D;N;O;M;T
J 18/02/2027;D;D;N;O;M;T
V 19/02/2027;M;D;D;O;T;N
S 20/02/2027;M;D;D;D;T;N
D 21/02/2027;T;M;D;D;N;D
L 22/02/2027;T;M;D;O;N;D
M 23/02/2027;N;T;M;O;D;D
X 24/02/2027;N;T;M;O;D;D
J 25/02/2027;D;N;T;O;D;M
V 26/02/2027;D;N;T;O;D;M
S 27/02/2027;D;D;N;D;M;T
D 28/02/2027;D;D;N;D;M;T
L 01/03/2027;O;D;D;M;T;N
M 02/03/2027;O;D;D;M;T;N
X 03/03/2027;O;M;D;T;N;D
J 04/03/2027;O;M;D;T;N;D
V 05/03/2027;O;T;M;N;D;D
S 06/03/2027;D;T;M;N;D;D
D 07/03/2027;D;N;T;D;D;M
L 08/03/2027;O;N;T;D;D;M
M 09/03/2027;O;D;N;D;M;T
X 10/03/2027;O;D;N;D;M;T
J 11/03/2027;O;D;D;M;T;N
V 12/03/2027;O;D;D;M;T;N
S 13/03/2027;D;M;D;T;N;D
D 14/03/2027;D;M;D;T;N;D
L 15/03/2027;M;T;O;N;D;D
M 16/03/2027;M;T;O;N;D;D
X 17/03/2027;T;N;O;D;D;M
J 18/03/2027;T;N;O;D;D;M
V 19/03/2027;N;D;O;D;M;T
S 20/03/2027;N;D;D;D;M;T
D 21/03/2027;D;D;D;M;T;N
L 22/03/2027;D;D;O;M;T;N
M 23/03/2027;D;M;O;T;N;D
X 24/03/2027;D;M;O;T;N;D
J 25/03/2027;M;T;O;N;D;D
V 26/03/2027;M;T;O;N;D;D
S 27/03/2027;T;N;D;D;D;M
D 28/03/2027;T;N;D;D;D;M
L 29/03/2027;N;D;M;D;O;T
M 30/03/2027;N;D;M;D;O;T
X 31/03/2027;D;D;T;M;O;N
J 01/04/2027;D;D;T;M;O;N
V 02/04/2027;D;M;N;T;O;D
S 03/04/2027;D;M;N;T;D;D
D 04/04/2027;M;T;D;N;D;D
L 05/04/2027;M;T;D;N;O;D
M 06/04/2027;T;N;D;D;O;M
X 07/04/2027;T;N;D;D;O;M
J 08/04/2027;N;D;M;D;O;T
V 09/04/2027;N;D;M;D;O;T
S 10/04/2027;D;D;T;M;D;N
D 11/04/2027;D;D;T;M;D;N
L 12/04/2027;D;O;N;T;M;D
M 13/04/2027;D;O;N;T;M;D
X 14/04/2027;M;O;D;N;T;D
J 15/04/2027;M;O;D;N;T;D
V 16/04/2027;T;O;D;D;N;M
S 17/04/2027;T;D;D;D;N;M
D 18/04/2027;N;D;M;D;D;T
L 19/04/2027;N;O;M;D;D;T
M 20/04/2027;D;O;T;M;D;N
X 21/04/2027;D;O;T;M;D;N
J 22/04/2027;D;O;N;T;M;D
V 23/04/2027;D;O;N;T;M;D
S 24/04/2027;M;D;D;N;T;D
D 25/04/2027;M;D;D;N;T;D
L 26/04/2027;T;M;D;D;N;O
M 27/04/2027;T;M;D;D;N;O
X 28/04/2027;N;T;M;D;D;O
J 29/04/2027;N;T;M;D;D;O
V 30/04/2027;D;N;T;M;D;O
S 01/05/2027;D;N;T;M;D;D
D 02/05/2027;D;D;N;T;M;D
L 03/05/2027;D;D;N;T;M;O
M 04/05/2027;M;D;D;N;T;O
X 05/05/2027;M;D;D;N;T;O
J 06/05/2027;T;M;D;D;N;O
V 07/05/2027;T;M;D;D;N;O
S 08/05/2027;N;T;M;D;D;D
D 09/05/2027;N;T;M;D;D;D
L 10/05/2027;D;N;T;M;D;O
M 11/05/2027;D;N;T;M;D;O
X 12/05/2027;D;D;N;T;M;O
J 13/05/2027;D;D;N;T;M;O
V 14/05/2027;M;D;D;N;T;O
S 15/05/2027;M;D;D;N;T;D
D 16/05/2027;T;M;D;D;N;D
L 17/05/2027;T;M;D;D;N;O
M 18/05/2027;N;T;M;D;D;O
X 19/05/2027;N;T;M;D;D;O
J 20/05/2027;D;N;T;M;D;O
V 21/05/2027;D;N;T;M;D;O
S 22/05/2027;D;D;N;T;M;D
D 23/05/2027;D;D;N;T;M;D
L 24/05/2027;O;D;D;N;T;M
M 25/05/2027;O;D;D;N;T;M
X 26/05/2027;O;M;D;D;N;T
J 27/05/2027;O;M;D;D;N;T
V 28/05/2027;O;T;M;D;D;N
S 29/05/2027;D;T;M;D;D;N
D 30/05/2027;D;N;T;M;D;D
L 31/05/2027;O;N;T;M;D;D
M 01/06/2027;O;D;N;T;M;D
X 02/06/2027;O;D;N;T;M;D
J 03/06/2027;O;D;D;N;T;M
V 04/06/2027;O;D;D;N;T;M
S 05/06/2027;D;M;D;D;N;T
D 06/06/2027;D;M;D;D;N;T
L 07/06/2027;O;T;M;D;D;N
M 08/06/2027;O;T;M;D;D;N
X 09/06/2027;O;N;T;M;D;D
J 10/06/2027;O;N;T;M;D;D
V 11/06/2027;O;D;N;T;M;D
S 12/06/2027;D;D;N;T;M;D
D 13/06/2027;D;D;D;N;T;M
L 14/06/2027;O;D;D;N;T;M
M 15/06/2027;O;M;D;D;N;T
X 16/06/2027;O;M;D;D;N;T
J 17/06/2027;O;T;M;D;D;N
V 18/06/2027;O;T;M;D;D;N
S 19/06/2027;D;N;T;M;D;D
D 20/06/2027;D;N;T;M;D;D
L 21/06/2027;M;D;N;T;O;D
M 22/06/2027;M;D;N;T;O;D
X 23/06/2027;T;D;D;N;O;M
J 24/06/2027;T;D;D;N;O;M
V 25/06/2027;N;M;D;D;O;T
S 26/06/2027;N;M;D;D;D;T
D 27/06/2027;D;T;M;D;D;N
L 28/06/2027;D;T;M;D;O;N
M 29/06/2027;D;N;T;M;O;D
X 30/06/2027;D;N;T;M;O;D
J 01/07/2027;M;D;N;T;O;D
V 02/07/2027;M;D;N;T;O;D
S 03/07/2027;T;D;D;N;D;M
D 04/07/2027;T;D;D;N;D;M
L 05/07/2027;N;M;D;D;O;T
M 06/07/2027;N;M;D;D;O;T
X 07/07/2027;D;T;M;D;O;N
J 08/07/2027;D;T;M;D;O;N
V 09/07/2027;D;N;T;M;O;D
S 10/07/2027;D;N;T;M;D;D
D 11/07/2027;M;D;N;T;D;D
L 12/07/2027;M;D;N;T;O;D
M 13/07/2027;T;D;D;N;O;M
X 14/07/2027;T;D;D;N;O;M
J 15/07/2027;N;M;D;D;O;T
V 16/07/2027;N;M;D;D;O;T
S 17/07/2027;D;T;M;D;D;N
D 18/07/2027;D;T;M;D;D;N
L 19/07/2027;D;N;T;O;M;D
M 20/07/2027;D;N;T;O;M;D
X 21/07/2027;M;D;N;O;T;D
J 22/07/2027;M;D;N;O;T;D
V 23/07/2027;T;D;D;O;N;M
S 24/07/2027;T;D;D;D;N;M
D 25/07/2027;N;M;D;D;D;T
L 26/07/2027;N;M;D;O;D;T
M 27/07/2027;D;T;M;O;D;N
X 28/07/2027;D;T;M;O;D;N
J 29/07/2027;D;N;T;O;M;D
V 30/07/2027;D;N;T;O;M;D
S 31/07/2027;M;D;N;D;T;D
D 01/08/2027;M;D;N;D;T;D
L 02/08/2027;T;D;D;O;N;M
M 03/08/2027;T;D;D;O;N;M
X 04/08/2027;N;M;D;O;D;T
J 05/08/2027;N;M;D;O;D;T
V 06/08/2027;D;T;M;O;D;N
S 07/08/2027;D;T;M;D;D;N
D 08/08/2027;D;N;T;D;M;D
L 09/08/2027;D;N;T;O;M;D
M 10/08/2027;M;D;N;O;T;D
X 11/08/2027;M;D;N;O;T;D
J 12/08/2027;T;D;D;O;N;M
V 13/08/2027;T;D;D;O;N;M
S 14/08/2027;N;M;D;D;D;T
D 15/08/2027;N;M;D;D;D;T
L 16/08/2027;D;T;O;M;D;N
M 17/08/2027;D;T;O;M;D;N
X 18/08/2027;D;N;O;T;M;D
J 19/08/2027;D;N;O;T;M;D
V 20/08/2027;M;D;O;N;T;D
S 21/08/2027;M;D;D;N;T;D
D 22/08/2027;T;D;D;D;N;M
L 23/08/2027;T;D;O;D;N;M
M 24/08/2027;N;M;O;D;D;T
X 25/08/2027;N;M;O;D;D;T
J 26/08/2027;D;T;O;M;D;N
V 27/08/2027;D;T;O;M;D;N
S 28/08/2027;D;N;D;T;M;D
D 29/08/2027;D;N;D;T;M;D
L 30/08/2027;M;D;O;N;T;D
M 31/08/2027;M;D;O;N;T;D
X 01/09/2027;T;D;O;D;N;M
J 02/09/2027;T;D;O;D;N;M
V 03/09/2027;N;M;O;D;D;T
S 04/09/2027;N;M;D;D;D;T
D 05/09/2027;D;T;D;M;D;N
L 06/09/2027;D;T;O;M;D;N
M 07/09/2027;D;N;O;T;M;D
X 08/09/2027;D;N;O;T;M;D
J 09/09/2027;M;D;O;N;T;D
V 10/09/2027;M;D;O;N;T;D
S 11/09/2027;T;D;D;D;N;M
D 12/09/2027;T;D;D;D;N;M
L 13/09/2027;N;O;M;D;D;T
M 14/09/2027;N;O;M;D;D;T
X 15/09/2027;D;O;T;M;D;N
J 16/09/2027;D;O;T;M;D;N
V 17/09/2027;D;O;N;T;M;D
S 18/09/2027;D;D;N;T;M;D
D 19/09/2027;M;D;D;N;T;D
L 20/09/2027;M;O;D;N;T;D
M 21/09/2027;T;O;D;D;N;M
X 22/09/2027;T;O;D;D;N;M
J 23/09/2027;N;O;M;D;D;T
V 24/09/2027;N;O;M;D;D;T
S 25/09/2027;D;D;T;M;D;N
D 26/09/2027;D;D;T;M;D;N
L 27/09/2027;D;O;N;T;M;D
M 28/09/2027;D;O;N;T;M;D
X 29/09/2027;M;O;D;N;T;D
J 30/09/2027;M;O;D;N;T;D
V 01/10/2027;T;O;D;D;N;M
S 02/10/2027;T;D;D;D;N;M
D 03/10/2027;N;D;M;D;D;T
L 04/10/2027;N;O;M;D;D;T
M 05/10/2027;D;O;T;M;D;N
X 06/10/2027;D;O;T;M;D;N
J 07/10/2027;D;O;N;T;M;D
V 08/10/2027;D;O;N;T;M;D
S 09/10/2027;M;D;D;N;T;D
D 10/10/2027;M;D;D;N;T;D
L 11/10/2027;T;M;D;D;N;O
M 12/10/2027;T;M;D;D;N;O
X 13/10/2027;N;T;M;D;D;O
J 14/10/2027;N;T;M;D;D;O
V 15/10/2027;D;N;T;M;D;O
S 16/10/2027;D;N;T;M;D;D
D 17/10/2027;D;D;N;T;M;D
L 18/10/2027;D;D;N;T;M;O
M 19/10/2027;M;D;D;N;T;O
X 20/10/2027;M;D;D;N;T;O
J 21/10/2027;T;M;D;D;N;O
V 22/10/2027;T;M;D;D;N;O
S 23/10/2027;N;T;M;D;D;D
D 24/10/2027;N;T;M;D;D;D
L 25/10/2027;D;N;T;O;D;M
M 26/10/2027;D;N;T;O;D;M
X 27/10/2027;D;D;N;O;M;T
J 28/10/2027;D;D;N;O;M;T
V 29/10/2027;M;D;D;O;T;N
S 30/10/2027;M;D;D;D;T;N
D 31/10/2027;T;M;D;D;N;D
L 01/11/2027;T;M;D;O;N;D
M 02/11/2027;N;T;M;O;D;D
X 03/11/2027;N;T;M;O;D;D
J 04/11/2027;D;N;T;O;D;M
V 05/11/2027;D;N;T;O;D;M
S 06/11/2027;D;D;N;D;M;T
D 07/11/2027;D;D;N;D;M;T
L 08/11/2027;O;D;D;M;T;N
M 09/11/2027;O;D;D;M;T;N
X 10/11/2027;O;M;D;T;N;D
J 11/11/2027;O;M;D;T;N;D
V 12/11/2027;O;T;M;N;D;D
S 13/11/2027;D;T;M;N;D;D
D 14/11/2027;D;N;T;D;D;M
L 15/11/2027;O;N;T;D;D;M
M 16/11/2027;O;D;N;D;M;T
X 17/11/2027;O;D;N;D;M;T
J 18/11/2027;O;D;D;M;T;N
V 19/11/2027;O;D;D;M;T;N
S 20/11/2027;D;M;D;T;N;D
D 21/11/2027;D;M;D;T;N;D
L 22/11/2027;M;T;O;N;D;D
M 23/11/2027;M;T;O;N;D;D
X 24/11/2027;T;N;O;D;D;M
J 25/11/2027;T;N;O;D;D;M
V 26/11/2027;N;D;O;D;M;T
S 27/11/2027;N;D;D;D;M;T
D 28/11/2027;D;D;D;M;T;N
L 29/11/2027;D;D;O;M;T;N
M 30/11/2027;D;M;O;T;N;D
X 01/12/2027;D;M;O;T;N;D
J 02/12/2027;M;T;O;N;D;D
V 03/12/2027;M;T;O;N;D;D
S 04/12/2027;T;N;D;D;D;M
D 05/12/2027;T;N;D;D;D;M
L 06/12/2027;N;D;M;D;O;T
M 07/12/2027;N;D;M;D;O;T
X 08/12/2027;D;D;T;M;O;N
J 09/12/2027;D;D;T;M;O;N
V 10/12/2027;D;M;N;T;O;D
S 11/12/2027;D;M;N;T;D;D
D 12/12/2027;M;T;D;N;D;D
L 13/12/2027;M;T;D;N;O;D
M 14/12/2027;T;N;D;D;O;M
X 15/12/2027;T;N;D;D;O;M
J 16/12/2027;N;D;M;D;O;T
V 17/12/2027;N;D;M;D;O;T
S 18/12/2027;D;D;T;M;D;N
D 19/12/2027;D;D;T;M;D;N
L 20/12/2027;D;O;N;T;M;D
M 21/12/2027;D;O;N;T;M;D
X 22/12/2027;M;O;D;N;T;D
J 23/12/2027;M;O;D;N;T;D
V 24/12/2027;T;O;D;D;N;M
S 25/12/2027;T;D;D;D;N;M
D 26/12/2027;N;D;M;D;D;T
L 27/12/2027;N;O;M;D;D;T
M 28/12/2027;D;O;T;M;D;N
X 29/12/2027;D;O;T;M;D;N
J 30/12/2027;D;O;N;T;M;D
V 31/12/2027;D;O;N;T;M;D
S 01/01/2028;M;D;D;N;T;D
D 02/01/2028;M;D;D;N;T;D
L 03/01/2028;T;M;D;D;N;O
M 04/01/2028;T;M;D;D;N;O
X 05/01/2028;N;T;M;D;D;O
J 06/01/2028;N;T;M;D;D;O
V 07/01/2028;D;N;T;M;D;O
S 08/01/2028;D;N;T;M;D;D
D 09/01/2028;D;D;N;T;M;D
L 10/01/2028;D;D;N;T;M;O
M 11/01/2028;M;D;D;N;T;O
X 12/01/2028;M;D;D;N;T;O
J 13/01/2028;T;M;D;D;N;O
V 14/01/2028;T;M;D;D;N;O
S 15/01/2028;N;T;M;D;D;D
D 16/01/2028;N;T;M;D;D;D
L 17/01/2028;D;N;T;O;D;M
M 18/01/2028;D;N;T;O;D;M
X 19/01/2028;D;D;N;O;M;T
J 20/01/2028;D;D;N;O;M;T
V 21/01/2028;M;D;D;O;T;N
S 22/01/2028;M;D;D;D;T;N
D 23/01/2028;T;M;D;D;N;D
L 24/01/2028;T;M;D;O;N;D
M 25/01/2028;N;T;M;O;D;D
X 26/01/2028;N;T;M;O;D;D
J 27/01/2028;D;N;T;O;D;M
V 28/01/2028;D;N;T;O;D;M
S 29/01/2028;D;D;N;D;M;T
D 30/01/2028;D;D;N;D;M;T
L 31/01/2028;O;D;D;M;T;N
M 01/02/2028;O;D;D;M;T;N
X 02/02/2028;O;M;D;T;N;D
J 03/02/2028;O;M;D;T;N;D
V 04/02/2028;O;T;M;N;D;D
S 05/02/2028;D;T;M;N;D;D
D 06/02/2028;D;N;T;D;D;M
L 07/02/2028;O;N;T;D;D;M
M 08/02/2028;O;D;N;D;M;T
X 09/02/2028;O;D;N;D;M;T
J 10/02/2028;O;D;D;M;T;N
V 11/02/2028;O;D;D;M;T;N
S 12/02/2028;D;M;D;T;N;D
D 13/02/2028;D;M;D;T;N;D
L 14/02/2028;M;T;O;N;D;D
M 15/02/2028;M;T;O;N;D;D
X 16/02/2028;T;N;O;D;D;M
J 17/02/2028;T;N;O;D;D;M
V 18/02/2028;N;D;O;D;M;T
S 19/02/2028;N;D;D;D;M;T
D 20/02/2028;D;D;D;M;T;N
L 21/02/2028;D;D;O;M;T;N
M 22/02/2028;D;M;O;T;N;D
X 23/02/2028;D;M;O;T;N;D
J 24/02/2028;M;T;O;N;D;D
V 25/02/2028;M;T;O;N;D;D
S 26/02/2028;T;N;D;D;D;M
D 27/02/2028;T;N;D;D;D;M
L 28/02/2028;N;D;M;D;O;T
M 29/02/2028;N;D;M;D;O;T
X 01/03/2028;D;D;T;M;O;N
J 02/03/2028;D;D;T;M;O;N
V 03/03/2028;D;M;N;T;O;D
S 04/03/2028;D;M;N;T;D;D
D 05/03/2028;M;T;D;N;D;D
L 06/03/2028;M;T;D;N;O;D
M 07/03/2028;T;N;D;D;O;M
X 08/03/2028;T;N;D;D;O;M
J 09/03/2028;N;D;M;D;O;T
V 10/03/2028;N;D;M;D;O;T
S 11/03/2028;D;D;T;M;D;N
D 12/03/2028;D;D;T;M;D;N
L 13/03/2028;D;O;N;T;M;D
M 14/03/2028;D;O;N;T;M;D
X 15/03/2028;M;O;D;N;T;D
J 16/03/2028;M;O;D;N;T;D
V 17/03/2028;T;O;D;D;N;M
S 18/03/2028;T;D;D;D;N;M
D 19/03/2028;N;D;M;D;D;T
L 20/03/2028;N;O;M;D;D;T
M 21/03/2028;D;O;T;M;D;N
X 22/03/2028;D;O;T;M;D;N
J 23/03/2028;D;O;N;T;M;D
V 24/03/2028;D;O;N;T;M;D
S 25/03/2028;M;D;D;N;T;D
D 26/03/2028;M;D;D;N;T;D
L 27/03/2028;T;M;D;D;N;O
M 28/03/2028;T;M;D;D;N;O
X 29/03/2028;N;T;M;D;D;O
J 30/03/2028;N;T;M;D;D;O
V 31/03/2028;D;N;T;M;D;O
S 01/04/2028;D;N;T;M;D;D
D 02/04/2028;D;D;N;T;M;D
L 03/04/2028;D;D;N;T;M;O
M 04/04/2028;M;D;D;N;T;O
X 05/04/2028;M;D;D;N;T;O
J 06/04/2028;T;M;D;D;N;O
V 07/04/2028;T;M;D;D;N;O
S 08/04/2028;N;T;M;D;D;D
D 09/04/2028;N;T;M;D;D;D
L 10/04/2028;D;N;T;O;D;M
M 11/04/2028;D;N;T;O;D;M
X 12/04/2028;D;D;N;O;M;T
J 13/04/2028;D;D;N;O;M;T
V 14/04/2028;M;D;D;O;T;N
S 15/04/2028;M;D;D;D;T;N
D 16/04/2028;T;M;D;D;N;D
L 17/04/2028;T;M;D;O;N;D
M 18/04/2028;N;T;M;O;D;D
X 19/04/2028;N;T;M;O;D;D
J 20/04/2028;D;N;T;O;D;M
V 21/04/2028;D;N;T;O;D;M
S 22/04/2028;D;D;N;D;M;T
D 23/04/2028;D;D;N;D;M;T
L 24/04/2028;O;D;D;M;T;N
M 25/04/2028;O;D;D;M;T;N
X 26/04/2028;O;M;D;T;N;D
J 27/04/2028;O;M;D;T;N;D
V 28/04/2028;O;T;M;N;D;D
S 29/04/2028;D;T;M;N;D;D
D 30/04/2028;D;N;T;D;D;M
L 01/05/2028;O;N;T;D;D;M
M 02/05/2028;O;D;N;D;M;T
X 03/05/2028;O;D;N;D;M;T
J 04/05/2028;O;D;D;M;T;N
V 05/05/2028;O;D;D;M;T;N
S 06/05/2028;D;M;D;T;N;D
D 07/05/2028;D;M;D;T;N;D
L 08/05/2028;O;T;M;N;D;D
M 09/05/2028;O;T;M;N;D;D
X 10/05/2028;O;N;T;D;D;M
J 11/05/2028;O;N;T;D;D;M
V 12/05/2028;O;D;N;D;M;T
S 13/05/2028;D;D;N;D;M;T
D 14/05/2028;D;D;D;M;T;N
L 15/05/2028;O;D;D;M;T;N
M 16/05/2028;O;M;D;T;N;D
X 17/05/2028;O;M;D;T;N;D
J 18/05/2028;O;T;M;N;D;D
V 19/05/2028;O;T;M;N;D;D
S 20/05/2028;D;N;T;D;D;M
D 21/05/2028;D;N;T;D;D;M
L 22/05/2028;M;D;N;D;O;T
M 23/05/2028;M;D;N;D;O;T
X 24/05/2028;T;D;D;M;O;N
J 25/05/2028;T;D;D;M;O;N
V 26/05/2028;N;M;D;T;O;D
S 27/05/2028;N;M;D;T;D;D
D 28/05/2028;D;T;M;N;D;D
L 29/05/2028;D;T;M;N;O;D
M 30/05/2028;D;N;T;D;O;M
X 31/05/2028;D;N;T;D;O;M
J 01/06/2028;M;D;N;D;O;T
V 02/06/2028;M;D;N;D;O;T
S 03/06/2028;T;D;D;M;D;N
D 04/06/2028;T;D;D;M;D;N
L 05/06/2028;N;M;D;T;O;D
M 06/06/2028;N;M;D;T;O;D
X 07/06/2028;D;T;M;N;O;D
J 08/06/2028;D;T;M;N;O;D
V 09/06/2028;D;N;T;D;O;M
S 10/06/2028;D;N;T;D;D;M
D 11/06/2028;M;D;N;D;D;T
L 12/06/2028;M;D;N;D;O;T
M 13/06/2028;T;D;D;M;O;N
X 14/06/2028;T;D;D;M;O;N
J 15/06/2028;N;M;D;T;O;D
V 16/06/2028;N;M;D;T;O;D
S 17/06/2028;D;T;M;N;D;D
D 18/06/2028;D;T;M;N;D;D
L 19/06/2028;D;N;T;D;M;O
M 20/06/2028;D;N;T;D;M;O
X 21/06/2028;M;D;N;D;T;O
J 22/06/2028;M;D;N;D;T;O
V 23/06/2028;T;D;D;M;N;O
S 24/06/2028;T;D;D;M;N;D
D 25/06/2028;N;M;D;T;D;D
L 26/06/2028;N;M;D;T;D;O
M 27/06/2028;D;T;M;N;D;O
X 28/06/2028;D;T;M;N;D;O
J 29/06/2028;D;N;T;D;M;O
V 30/06/2028;D;N;T;D;M;O
S 01/07/2028;M;D;N;D;T;D
D 02/07/2028;M;D;N;D;T;D
L 03/07/2028;T;D;D;M;N;O
M 04/07/2028;T;D;D;M;N;O
X 05/07/2028;N;M;D;T;D;O
J 06/07/2028;N;M;D;T;D;O
V 07/07/2028;D;T;M;N;D;O
S 08/07/2028;D;T;M;N;D;D
D 09/07/2028;D;N;T;D;M;D
L 10/07/2028;D;N;T;D;M;O
M 11/07/2028;M;D;N;D;T;O
X 12/07/2028;M;D;N;D;T;O
J 13/07/2028;T;D;D;M;N;O
V 14/07/2028;T;D;D;M;N;O
S 15/07/2028;N;M;D;T;D;D
D 16/07/2028;N;M;D;T;D;D
L 17/07/2028;D;T;O;N;D;M
M 18/07/2028;D;T;O;N;D;M
X 19/07/2028;D;N;O;D;M;T
J 20/07/2028;D;N;O;D;M;T
V 21/07/2028;M;D;O;D;T;N
S 22/07/2028;M;D;D;D;T;N
D 23/07/2028;T;D;D;M;N;D
L 24/07/2028;T;D;O;M;N;D
M 25/07/2028;N;M;O;T;D;D
X 26/07/2028;N;M;O;T;D;D
J 27/07/2028;D;T;O;N;D;M
V 28/07/2028;D;T;O;N;D;M
S 29/07/2028;D;N;D;D;M;T
D 30/07/2028;D;N;D;D;M;T
L 31/07/2028;M;D;O;D;T;N
M 01/08/2028;M;D;O;D;T;N
X 02/08/2028;T;D;O;M;N;D
J 03/08/2028;T;D;O;M;N;D
V 04/08/2028;N;M;O;T;D;D
S 05/08/2028;N;M;D;T;D;D
D 06/08/2028;D;T;D;N;D;M
L 07/08/2028;D;T;O;N;D;M
M 08/08/2028;D;N;O;D;M;T
X 09/08/2028;D;N;O;D;M;T
J 10/08/2028;M;D;O;D;T;N
V 11/08/2028;M;D;O;D;T;N
S 12/08/2028;T;D;D;M;N;D
D 13/08/2028;T;D;D;M;N;D
L 14/08/2028;N;O;M;T;D;D
M 15/08/2028;N;O;M;T;D;D
X 16/08/2028;D;O;T;N;D;M
J 17/08/2028;D;O;T;N;D;M
V 18/08/2028;D;O;N;D;M;T
S 19/08/2028;D;D;N;D;M;T
D 20/08/2028;M;D;D;D;T;N
L 21/08/2028;M;O;D;D;T;N
M 22/08/2028;T;O;D;M;N;D
X 23/08/2028;T;O;D;M;N;D
J 24/08/2028;N;O;M;T;D;D
V 25/08/2028;N;O;M;T;D;D
S 26/08/2028;D;D;T;N;D;M
D 27/08/2028;D;D;T;N;D;M
L 28/08/2028;D;O;N;D;M;T
M 29/08/2028;D;O;N;D;M;T
X 30/08/2028;M;O;D;D;T;N
J 31/08/2028;M;O;D;D;T;N
V 01/09/2028;T;O;D;M;N;D
S 02/09/2028;T;D;D;M;N;D
D 03/09/2028;N;D;M;T;D;D
L 04/09/2028;N;O;M;T;D;D
M 05/09/2028;D;O;T;N;D;M
X 06/09/2028;D;O;T;N;D;M
J 07/09/2028;D;O;N;D;M;T
V 08/09/2028;D;O;N;D;M;T
S 09/09/2028;M;D;D;D;T;N
D 10/09/2028;M;D;D;D;T;N
L 11/09/2028;T;M;D;O;N;D
M 12/09/2028;T;M;D;O;N;D
X 13/09/2028;N;T;M;O;D;D
J 14/09/2028;N;T;M;O;D;D
V 15/09/2028;D;N;T;O;D;M
S 16/09/2028;D;N;T;D;D;M
D 17/09/2028;D;D;N;D;M;T
L 18/09/2028;D;D;N;O;M;T
M 19/09/2028;M;D;D;O;T;N
X 20/09/2028;M;D;D;O;T;N
J 21/09/2028;T;M;D;O;N;D
V 22/09/2028;T;M;D;O;N;D
S 23/09/2028;N;T;M;D;D;D
D 24/09/2028;N;T;M;D;D;D
L 25/09/2028;D;N;T;O;D;M
M 26/09/2028;D;N;T;O;D;M
X 27/09/2028;D;D;N;O;M;T
J 28/09/2028;D;D;N;O;M;T
V 29/09/2028;M;D;D;O;T;N
S 30/09/2028;M;D;D;D;T;N
D 01/10/2028;T;M;D;D;N;D
L 02/10/2028;T;M;D;O;N;D
M 03/10/2028;N;T;M;O;D;D
X 04/10/2028;N;T;M;O;D;D
J 05/10/2028;D;N;T;O;D;M
V 06/10/2028;D;N;T;O;D;M
S 07/10/2028;D;D;N;D;M;T
D 08/10/2028;D;D;N;D;M;T
L 09/10/2028;O;D;D;M;T;N
M 10/10/2028;O;D;D;M;T;N
X 11/10/2028;O;M;D;T;N;D
J 12/10/2028;O;M;D;T;N;D
V 13/10/2028;O;T;M;N;D;D
S 14/10/2028;D;T;M;N;D;D
D 15/10/2028;D;N;T;D;D;M
L 16/10/2028;O;N;T;D;D;M
M 17/10/2028;O;D;N;D;M;T
X 18/10/2028;O;D;N;D;M;T
J 19/10/2028;O;D;D;M;T;N
V 20/10/2028;O;D;D;M;T;N
S 21/10/2028;D;M;D;T;N;D
D 22/10/2028;D;M;D;T;N;D
L 23/10/2028;M;T;O;N;D;D
M 24/10/2028;M;T;O;N;D;D
X 25/10/2028;T;N;O;D;D;M
J 26/10/2028;T;N;O;D;D;M
V 27/10/2028;N;D;O;D;M;T
S 28/10/2028;N;D;D;D;M;T
D 29/10/2028;D;D;D;M;T;N
L 30/10/2028;D;D;O;M;T;N
M 31/10/2028;D;M;O;T;N;D
X 01/11/2028;D;M;O;T;N;D
J 02/11/2028;M;T;O;N;D;D
V 03/11/2028;M;T;O;N;D;D
S 04/11/2028;T;N;D;D;D;M
D 05/11/2028;T;N;D;D;D;M
L 06/11/2028;N;D;M;D;O;T
M 07/11/2028;N;D;M;D;O;T
X 08/11/2028;D;D;T;M;O;N
J 09/11/2028;D;D;T;M;O;N
V 10/11/2028;D;M;N;T;O;D
S 11/11/2028;D;M;N;T;D;D
D 12/11/2028;M;T;D;N;D;D
L 13/11/2028;M;T;D;N;O;D
M 14/11/2028;T;N;D;D;O;M
X 15/11/2028;T;N;D;D;O;M
J 16/11/2028;N;D;M;D;O;T
V 17/11/2028;N;D;M;D;O;T
S 18/11/2028;D;D;T;M;D;N
D 19/11/2028;D;D;T;M;D;N
L 20/11/2028;D;O;N;T;M;D
M 21/11/2028;D;O;N;T;M;D
X 22/11/2028;M;O;D;N;T;D
J 23/11/2028;M;O;D;N;T;D
V 24/11/2028;T;O;D;D;N;M
S 25/11/2028;T;D;D;D;N;M
D 26/11/2028;N;D;M;D;D;T
L 27/11/2028;N;O;M;D;D;T
M 28/11/2028;D;O;T;M;D;N
X 29/11/2028;D;O;T;M;D;N
J 30/11/2028;D;O;N;T;M;D
V 01/12/2028;D;O;N;T;M;D
S 02/12/2028;M;D;D;N;T;D
D 03/12/2028;M;D;D;N;T;D
L 04/12/2028;T;M;D;D;N;O
M 05/12/2028;T;M;D;D;N;O
X 06/12/2028;N;T;M;D;D;O
J 07/12/2028;N;T;M;D;D;O
V 08/12/2028;D;N;T;M;D;O
S 09/12/2028;D;N;T;M;D;D
D 10/12/2028;D;D;N;T;M;D
L 11/12/2028;D;D;N;T;M;O
M 12/12/2028;M;D;D;N;T;O
X 13/12/2028;M;D;D;N;T;O
J 14/12/2028;T;M;D;D;N;O
V 15/12/2028;T;M;D;D;N;O
S 16/12/2028;N;T;M;D;D;D
D 17/12/2028;N;T;M;D;D;D
L 18/12/2028;D;N;T;O;D;M
M 19/12/2028;D;N;T;O;D;M
X 20/12/2028;D;D;N;O;M;T
J 21/12/2028;D;D;N;O;M;T
V 22/12/2028;M;D;D;O;T;N
S 23/12/2028;M;D;D;D;T;N
D 24/12/2028;T;M;D;D;N;D
L 25/12/2028;T;M;D;O;N;D
M 26/12/2028;N;T;M;O;D;D
X 27/12/2028;N;T;M;O;D;D
J 28/12/2028;D;N;T;O;D;M
V 29/12/2028;D;N;T;O;D;M
S 30/12/2028;D;D;N;D;M;T
D 31/12/2028;D;D;N;D;M;T
L 01/01/2029;O;D;D;M;T;N
M 02/01/2029;O;D;D;M;T;N
X 03/01/2029;O;M;D;T;N;D
J 04/01/2029;O;M;D;T;N;D
V 05/01/2029;O;T;M;N;D;D
S 06/01/2029;D;T;M;N;D;D
D 07/01/2029;D;N;T;D;D;M
L 08/01/2029;O;N;T;D;D;M
M 09/01/2029;O;D;N;D;M;T
X 10/01/2029;O;D;N;D;M;T
J 11/01/2029;O;D;D;M;T;N
V 12/01/2029;O;D;D;M;T;N
S 13/01/2029;D;M;D;T;N;D
D 14/01/2029;D;M;D;T;N;D
L 15/01/2029;M;T;O;N;D;D
M 16/01/2029;M;T;O;N;D;D
X 17/01/2029;T;N;O;D;D;M
J 18/01/2029;T;N;O;D;D;M
V 19/01/2029;N;D;O;D;M;T
S 20/01/2029;N;D;D;D;M;T
D 21/01/2029;D;D;D;M;T;N
L 22/01/2029;D;D;O;M;T;N
M 23/01/2029;D;M;O;T;N;D
X 24/01/2029;D;M;O;T;N;D
J 25/01/2029;M;T;O;N;D;D
V 26/01/2029;M;T;O;N;D;D
S 27/01/2029;T;N;D;D;D;M
D 28/01/2029;T;N;D;D;D;M
L 29/01/2029;N;D;M;D;O;T
M 30/01/2029;N;D;M;D;O;T
X 31/01/2029;D;D;T;M;O;N
J 01/02/2029;D;D;T;M;O;N
V 02/02/2029;D;M;N;T;O;D
S 03/02/2029;D;M;N;T;D;D
D 04/02/2029;M;T;D;N;D;D
L 05/02/2029;M;T;D;N;O;D
M 06/02/2029;T;N;D;D;O;M
X 07/02/2029;T;N;D;D;O;M
J 08/02/2029;N;D;M;D;O;T
V 09/02/2029;N;D;M;D;O;T
S 10/02/2029;D;D;T;M;D;N
D 11/02/2029;D;D;T;M;D;N
L 12/02/2029;D;O;N;T;M;D
M 13/02/2029;D;O;N;T;M;D
X 14/02/2029;M;O;D;N;T;D
J 15/02/2029;M;O;D;N;T;D
V 16/02/2029;T;O;D;D;N;M
S 17/02/2029;T;D;D;D;N;M
D 18/02/2029;N;D;M;D;D;T
L 19/02/2029;N;O;M;D;D;T
M 20/02/2029;D;O;T;M;D;N
X 21/02/2029;D;O;T;M;D;N
J 22/02/2029;D;O;N;T;M;D
V 23/02/2029;D;O;N;T;M;D
S 24/02/2029;M;D;D;N;T;D
D 25/02/2029;M;D;D;N;T;D
L 26/02/2029;T;M;D;D;N;O
M 27/02/2029;T;M;D;D;N;O
X 28/02/2029;N;T;M;D;D;O
J 01/03/2029;N;T;M;D;D;O
V 02/03/2029;D;N;T;M;D;O
S 03/03/2029;D;N;T;M;D;D
D 04/03/2029;D;D;N;T;M;D
L 05/03/2029;D;D;N;T;M;O
M 06/03/2029;M;D;D;N;T;O
X 07/03/2029;M;D;D;N;T;O
J 08/03/2029;T;M;D;D;N;O
V 09/03/2029;T;M;D;D;N;O
S 10/03/2029;N;T;M;D;D;D
D 11/03/2029;N;T;M;D;D;D
L 12/03/2029;D;N;T;O;D;M
M 13/03/2029;D;N;T;O;D;M
X 14/03/2029;D;D;N;O;M;T
J 15/03/2029;D;D;N;O;M;T
V 16/03/2029;M;D;D;O;T;N
S 17/03/2029;M;D;D;D;T;N
D 18/03/2029;T;M;D;D;N;D
L 19/03/2029;T;M;D;O;N;D
M 20/03/2029;N;T;M;O;D;D
X 21/03/2029;N;T;M;O;D;D
J 22/03/2029;D;N;T;O;D;M
V 23/03/2029;D;N;T;O;D;M
S 24/03/2029;D;D;N;D;M;T
D 25/03/2029;D;D;N;D;M;T
L 26/03/2029;O;D;D;M;T;N
M 27/03/2029;O;D;D;M;T;N
X 28/03/2029;O;M;D;T;N;D
J 29/03/2029;O;M;D;T;N;D
V 30/03/2029;O;T;M;N;D;D
S 31/03/2029;D;T;M;N;D;D
D 01/04/2029;D;N;T;D;D;M
L 02/04/2029;O;N;T;D;D;M
M 03/04/2029;O;D;N;D;M;T
X 04/04/2029;O;D;N;D;M;T
J 05/04/2029;O;D;D;M;T;N
V 06/04/2029;O;D;D;M;T;N
S 07/04/2029;D;M;D;T;N;D
D 08/04/2029;D;M;D;T;N;D
L 09/04/2029;M;T;O;N;D;D
M 10/04/2029;M;T;O;N;D;O
X 11/04/2029;T;N;O;D;D;M
J 12/04/2029;T;N;O;D;O;M
V 13/04/2029;N;D;O;D;M;T
S 14/04/2029;N;D;D;D;M;T
D 15/04/2029;D;D;D;M;T;N
L 16/04/2029;D;O;O;M;T;N
M 17/04/2029;D;M;O;T;N;D
X 18/04/2029;O;M;O;T;N;D
J 19/04/2029;M;T;O;N;D;D
V 20/04/2029;M;T;O;N;D;O
S 21/04/2029;T;N;D;D;D;M
D 22/04/2029;T;N;D;D;D;M
L 23/04/2029;N;D;O;D;M;T
M 24/04/2029;N;D;O;O;M;T
X 25/04/2029;D;D;O;M;T;N
J 26/04/2029;D;O;O;M;T;N
V 27/04/2029;D;M;O;T;N;D
S 28/04/2029;D;M;D;T;N;D
D 29/04/2029;M;T;D;N;D;D
L 30/04/2029;M;T;O;N;D;O
M 01/05/2029;T;N;O;D;D;M
X 02/05/2029;T;N;O;D;O;M
J 03/05/2029;N;D;O;D;M;T
V 04/05/2029;N;D;O;O;M;T
S 05/05/2029;D;D;D;M;T;N
D 06/05/2029;D;D;D;M;T;N
L 07/05/2029;D;O;M;T;N;D
M 08/05/2029;O;O;M;T;N;D
X 09/05/2029;M;O;T;N;D;D
J 10/05/2029;M;O;T;N;D;O
V 11/05/2029;T;O;N;D;D;M
S 12/05/2029;T;D;N;D;D;M
D 13/05/2029;N;D;D;D;M;T
L 14/05/2029;N;O;D;O;M;T
M 15/05/2029;D;O;D;M;T;N
X 16/05/2029;D;O;O;M;T;N
J 17/05/2029;D;O;M;T;N;D
V 18/05/2029;O;O;M;T;N;D
S 19/05/2029;M;D;T;N;D;D
D 20/05/2029;M;D;T;N;D;D
L 21/05/2029;T;O;N;D;D;M
M 22/05/2029;T;O;N;D;O;M
X 23/05/2029;N;O;D;D;M;T
J 24/05/2029;N;O;D;D;M;T
V 25/05/2029;D;O;D;M;T;N
S 26/05/2029;D;D;D;M;T;N
D 27/05/2029;D;D;M;T;N;D
L 28/05/2029;O;O;M;T;N;D
M 29/05/2029;M;O;T;N;D;D
X 30/05/2029;M;O;T;N;D;O
J 31/05/2029;T;O;N;D;D;M
V 01/06/2029;T;O;N;D;O;M
S 02/06/2029;N;D;D;D;M;T
D 03/06/2029;N;D;D;D;M;T
L 04/06/2029;D;M;D;O;T;N
M 05/06/2029;D;M;O;O;T;N
X 06/06/2029;D;T;M;O;N;D
J 07/06/2029;O;T;M;O;N;D
V 08/06/2029;M;N;T;O;D;D
S 09/06/2029;M;N;T;D;D;D
D 10/06/2029;T;D;N;D;D;M
L 11/06/2029;T;D;N;O;D;M
M 12/06/2029;N;D;D;O;M;T
X 13/06/2029;N;O;D;O;M;T
J 14/06/2029;D;M;D;O;T;N
V 15/06/2029;D;M;O;O;T;N
S 16/06/2029;D;T;M;D;N;D
D 17/06/2029;D;T;M;D;N;D
L 18/06/2029;M;N;T;O;D;D
M 19/06/2029;M;N;T;O;D;O
X 20/06/2029;T;D;N;O;D;M
J 21/06/2029;T;D;N;O;D;M
V 22/06/2029;N;D;D;O;M;T
S 23/06/2029;N;D;D;D;M;T
D 24/06/2029;D;M;D;D;T;N
L 25/06/2029;D;M;D;O;T;N
M 26/06/2029;D;T;M;O;N;D
X 27/06/2029;O;T;M;O;N;D
J 28/06/2029;M;N;T;O;D;D
V 29/06/2029;M;N;T;O;D;D
S 30/06/2029;T;D;N;D;D;M
D 01/07/2029;T;D;N;D;D;M
L 02/07/2029;N;D;D;M;O;T
M 03/07/2029;N;O;D;M;O;T
X 04/07/2029;D;M;D;T;O;N
J 05/07/2029;D;M;D;T;O;N
V 06/07/2029;D;T;M;N;O;D
S 07/07/2029;D;T;M;N;D;D
D 08/07/2029;M;N;T;D;D;D
L 09/07/2029;M;N;T;D;O;D
M 10/07/2029;T;D;N;D;O;M
X 11/07/2029;T;D;N;D;O;M
J 12/07/2029;N;D;D;M;O;T
V 13/07/2029;N;D;D;M;O;T
S 14/07/2029;D;M;D;T;D;N
D 15/07/2029;D;M;D;T;D;N
L 16/07/2029;D;T;M;N;O;D
M 17/07/2029;D;T;M;N;O;D
X 18/07/2029;M;N;T;D;O;D
J 19/07/2029;M;N;T;D;O;D
V 20/07/2029;T;D;N;D;O;M
S 21/07/2029;T;D;N;D;D;M
D 22/07/2029;N;D;D;M;D;T
L 23/07/2029;N;D;D;M;O;T
M 24/07/2029;D;M;D;T;O;N
X 25/07/2029;D;M;D;T;O;N
J 26/07/2029;D;T;M;N;O;D
V 27/07/2029;D;T;M;N;O;D
S 28/07/2029;M;N;T;D;D;D
D 29/07/2029;M;N;T;D;D;D
L 30/07/2029;T;D;N;D;M;O
M 31/07/2029;T;D;N;D;M;O
X 01/08/2029;N;D;D;M;T;O
J 02/08/2029;N;D;D;M;T;O
V 03/08/2029;D;M;D;T;N;O
S 04/08/2029;D;M;D;T;N;D
D 05/08/2029;D;T;M;N;D;D
L 06/08/2029;D;T;M;N;D;O
M 07/08/2029;M;N;T;D;D;O
X 08/08/2029;M;N;T;D;D;O
J 09/08/2029;T;D;N;D;M;O
V 10/08/2029;T;D;N;D;M;O
S 11/08/2029;N;D;D;M;T;D
D 12/08/2029;N;D;D;M;T;D
L 13/08/2029;D;M;D;T;N;O
M 14/08/2029;D;M;O;T;N;O
X 15/08/2029;D;T;M;N;D;O
J 16/08/2029;O;T;M;N;D;O
V 17/08/2029;M;N;T;D;D;O
S 18/08/2029;M;N;T;D;D;D
D 19/08/2029;T;D;N;D;M;D
L 20/08/2029;T;D;N;D;M;O
M 21/08/2029;N;D;D;M;T;O
X 22/08/2029;N;O;D;M;T;O
J 23/08/2029;D;M;D;T;N;O
V 24/08/2029;D;M;O;T;N;O
S 25/08/2029;D;T;M;N;D;D
D 26/08/2029;D;T;M;N;D;D
L 27/08/2029;O;N;T;D;D;M
M 28/08/2029;O;N;T;D;O;M
X 29/08/2029;O;D;N;D;M;T
J 30/08/2029;O;D;N;D;M;T
V 31/08/2029;O;D;D;M;T;N
S 01/09/2029;D;D;D;M;T;N
D 02/09/2029;D;M;D;T;N;D
L 03/09/2029;O;M;O;T;N;D
M 04/09/2029;O;T;M;N;D;D
X 05/09/2029;O;T;M;N;D;O
J 06/09/2029;O;N;T;D;D;M
V 07/09/2029;O;N;T;D;O;M
S 08/09/2029;D;D;N;D;M;T
D 09/09/2029;D;D;N;D;M;T
L 10/09/2029;O;D;D;M;T;N
M 11/09/2029;O;O;D;M;T;N
X 12/09/2029;O;M;D;T;N;D
J 13/09/2029;O;M;O;T;N;D
V 14/09/2029;O;T;M;N;D;D
S 15/09/2029;D;T;M;N;D;D
D 16/09/2029;D;N;T;D;D;M
L 17/09/2029;O;N;T;D;D;M
M 18/09/2029;O;D;N;D;M;T
X 19/09/2029;O;D;N;D;M;T
J 20/09/2029;O;D;D;M;T;N
V 21/09/2029;O;O;D;M;T;N
S 22/09/2029;D;M;D;T;N;D
D 23/09/2029;D;M;D;T;N;D
L 24/09/2029;M;T;O;N;D;D
M 25/09/2029;M;T;O;N;D;D
X 26/09/2029;T;N;O;D;D;M
J 27/09/2029;T;N;O;D;D;M
V 28/09/2029;N;D;O;D;M;T
S 29/09/2029;N;D;D;D;M;T
D 30/09/2029;D;D;D;M;T;N
L 01/10/2029;D;D;O;M;T;N
M 02/10/2029;D;M;O;T;N;D
X 03/10/2029;D;M;O;T;N;D
J 04/10/2029;M;T;O;N;D;D
V 05/10/2029;M;T;O;N;D;D
S 06/10/2029;T;N;D;D;D;M
D 07/10/2029;T;N;D;D;D;M
L 08/10/2029;N;D;M;D;O;T
M 09/10/2029;N;D;M;D;O;T
X 10/10/2029;D;D;T;M;O;N
J 11/10/2029;D;D;T;M;O;N
V 12/10/2029;D;M;N;T;O;D
S 13/10/2029;D;M;N;T;D;D
D 14/10/2029;M;T;D;N;D;D
L 15/10/2029;M;T;D;N;O;D
M 16/10/2029;T;N;D;D;O;M
X 17/10/2029;T;N;D;D;O;M
J 18/10/2029;N;D;M;D;O;T
V 19/10/2029;N;D;M;D;O;T
S 20/10/2029;D;D;T;M;D;N
D 21/10/2029;D;D;T;M;D;N
L 22/10/2029;D;O;N;T;M;D
M 23/10/2029;D;O;N;T;M;D
X 24/10/2029;M;O;D;N;T;D
J 25/10/2029;M;O;D;N;T;D
V 26/10/2029;T;O;D;D;N;M
S 27/10/2029;T;D;D;D;N;M
D 28/10/2029;N;D;M;D;D;T
L 29/10/2029;N;O;M;D;D;T
M 30/10/2029;D;O;T;M;D;N
X 31/10/2029;D;O;T;M;D;N
J 01/11/2029;D;O;N;T;M;D
V 02/11/2029;D;O;N;T;M;D
S 03/11/2029;M;D;D;N;T;D
D 04/11/2029;M;D;D;N;T;D
L 05/11/2029;T;M;D;D;N;O
M 06/11/2029;T;M;D;D;N;O
X 07/11/2029;N;T;M;D;D;O
J 08/11/2029;N;T;M;D;D;O
V 09/11/2029;D;N;T;M;D;O
S 10/11/2029;D;N;T;M;D;D
D 11/11/2029;D;D;N;T;M;D
L 12/11/2029;D;D;N;T;M;O
M 13/11/2029;M;D;D;N;T;O
X 14/11/2029;M;D;D;N;T;O
J 15/11/2029;T;M;D;D;N;O
V 16/11/2029;T;M;D;D;N;O
S 17/11/2029;N;T;M;D;D;D
D 18/11/2029;N;T;M;D;D;D
L 19/11/2029;D;N;T;O;D;M
M 20/11/2029;D;N;T;O;D;M
X 21/11/2029;D;D;N;O;M;T
J 22/11/2029;D;D;N;O;M;T
V 23/11/2029;M;D;D;O;T;N
S 24/11/2029;M;D;D;D;T;N
D 25/11/2029;T;M;D;D;N;D
L 26/11/2029;T;M;D;O;N;D
M 27/11/2029;N;T;M;O;D;D
X 28/11/2029;N;T;M;O;D;D
J 29/11/2029;D;N;T;O;D;M
V 30/11/2029;D;N;T;O;D;M
S 01/12/2029;D;D;N;D;M;T
D 02/12/2029;D;D;N;D;M;T
L 03/12/2029;O;D;D;M;T;N
M 04/12/2029;O;D;D;M;T;N
X 05/12/2029;O;M;D;T;N;D
J 06/12/2029;O;M;D;T;N;D
V 07/12/2029;O;T;M;N;D;D
S 08/12/2029;D;T;M;N;D;D
D 09/12/2029;D;N;T;D;D;M
L 10/12/2029;O;N;T;D;D;M
M 11/12/2029;O;D;N;D;M;T
X 12/12/2029;O;D;N;D;M;T
J 13/12/2029;O;D;D;M;T;N
V 14/12/2029;O;D;D;M;T;N
S 15/12/2029;D;M;D;T;N;D
D 16/12/2029;D;M;D;T;N;D
L 17/12/2029;M;T;O;N;D;D
M 18/12/2029;M;T;O;N;D;D
X 19/12/2029;T;N;O;D;D;M
J 20/12/2029;T;N;O;D;D;M
V 21/12/2029;N;D;O;D;M;T
S 22/12/2029;N;D;D;D;M;T
D 23/12/2029;D;D;D;M;T;N
L 24/12/2029;D;D;O;M;T;N
M 25/12/2029;D;M;O;T;N;D
X 26/12/2029;D;M;O;T;N;D
J 27/12/2029;M;T;O;N;D;D
V 28/12/2029;M;T;O;N;D;D
S 29/12/2029;T;N;D;D;D;M
D 30/12/2029;T;N;D;D;D;M
L 31/12/2029;N;D;M;D;O;T
M 01/01/2030;N;D;M;D;O;T
X 02/01/2030;D;D;T;M;O;N
J 03/01/2030;D;D;T;M;O;N
V 04/01/2030;D;M;N;T;O;D
S 05/01/2030;D;M;N;T;D;D
D 06/01/2030;M;T;D;N;D;D
L 07/01/2030;M;T;D;N;O;D
M 08/01/2030;T;N;D;D;O;M
X 09/01/2030;T;N;D;D;O;M
J 10/01/2030;N;D;M;D;O;T
V 11/01/2030;N;D;M;D;O;T
S 12/01/2030;D;D;T;M;D;N
D 13/01/2030;D;D;T;M;D;N
L 14/01/2030;D;O;N;T;M;D
M 15/01/2030;D;O;N;T;M;D
X 16/01/2030;M;O;D;N;T;D
J 17/01/2030;M;O;D;N;T;D
V 18/01/2030;T;O;D;D;N;M
S 19/01/2030;T;D;D;D;N;M
D 20/01/2030;N;D;M;D;D;T
L 21/01/2030;N;O;M;D;D;T
M 22/01/2030;D;O;T;M;D;N
X 23/01/2030;D;O;T;M;D;N
J 24/01/2030;D;O;N;T;M;D
V 25/01/2030;D;O;N;T;M;D
S 26/01/2030;M;D;D;N;T;D
D 27/01/2030;M;D;D;N;T;D
L 28/01/2030;T;M;D;D;N;O
M 29/01/2030;T;M;D;D;N;O
X 30/01/2030;N;T;M;D;D;O
J 31/01/2030;N;T;M;D;D;O
V 01/02/2030;D;N;T;M;D;O
S 02/02/2030;D;N;T;M;D;D
D 03/02/2030;D;D;N;T;M;D
L 04/02/2030;D;D;N;T;M;O
M 05/02/2030;M;D;D;N;T;O
X 06/02/2030;M;D;D;N;T;O
J 07/02/2030;T;M;D;D;N;O
V 08/02/2030;T;M;D;D;N;O
S 09/02/2030;N;T;M;D;D;D
D 10/02/2030;N;T;M;D;D;D
L 11/02/2030;D;N;T;O;D;M
M 12/02/2030;D;N;T;O;D;M
X 13/02/2030;D;D;N;O;M;T
J 14/02/2030;D;D;N;O;M;T
V 15/02/2030;M;D;D;O;T;N
S 16/02/2030;M;D;D;D;T;N
D 17/02/2030;T;M;D;D;N;D
L 18/02/2030;T;M;D;O;N;D
M 19/02/2030;N;T;M;O;D;D
X 20/02/2030;N;T;M;O;D;D
J 21/02/2030;D;N;T;O;D;M
V 22/02/2030;D;N;T;O;D;M
S 23/02/2030;D;D;N;D;M;T
D 24/02/2030;D;D;N;D;M;T
L 25/02/2030;O;D;D;M;T;N
M 26/02/2030;O;D;D;M;T;N
X 27/02/2030;O;M;D;T;N;D
J 28/02/2030;O;M;D;T;N;D
V 01/03/2030;O;T;M;N;D;D
S 02/03/2030;D;T;M;N;D;D
D 03/03/2030;D;N;T;D;D;M
L 04/03/2030;O;N;T;D;D;M
M 05/03/2030;O;D;N;D;M;T
X 06/03/2030;O;D;N;D;M;T
J 07/03/2030;O;D;D;M;T;N
V 08/03/2030;O;D;D;M;T;N
S 09/03/2030;D;M;D;T;N;D
D 10/03/2030;D;M;D;T;N;D
L 11/03/2030;M;T;O;N;D;D
M 12/03/2030;M;T;O;N;D;D
X 13/03/2030;T;N;O;D;D;M
J 14/03/2030;T;N;O;D;D;M
V 15/03/2030;N;D;O;D;M;T
S 16/03/2030;N;D;D;D;M;T
D 17/03/2030;D;D;D;M;T;N
L 18/03/2030;D;D;O;M;T;N
M 19/03/2030;D;M;O;T;N;D
X 20/03/2030;D;M;O;T;N;D
J 21/03/2030;M;T;O;N;D;D
V 22/03/2030;M;T;O;N;D;D
S 23/03/2030;T;N;D;D;D;M
D 24/03/2030;T;N;D;D;D;M
L 25/03/2030;N;D;M;D;O;T
M 26/03/2030;N;D;M;D;O;T
X 27/03/2030;D;D;T;M;O;N
J 28/03/2030;D;D;T;M;O;N
V 29/03/2030;D;M;N;T;O;D
S 30/03/2030;D;M;N;T;D;D
D 31/03/2030;M;T;D;N;D;D
L 01/04/2030;M;T;D;N;O;D
M 02/04/2030;T;N;D;D;O;M
X 03/04/2030;T;N;D;D;O;M
J 04/04/2030;N;D;M;D;O;T
V 05/04/2030;N;D;M;D;O;T
S 06/04/2030;D;D;T;M;D;N
D 07/04/2030;D;D;T;M;D;N
L 08/04/2030;D;O;N;T;M;D
M 09/04/2030;D;O;N;T;M;D
X 10/04/2030;M;O;D;N;T;D
J 11/04/2030;M;O;D;N;T;O
V 12/04/2030;T;O;D;D;N;M
S 13/04/2030;T;D;D;D;N;M
D 14/04/2030;N;D;M;D;D;T
L 15/04/2030;N;O;M;O;D;T
M 16/04/2030;D;O;T;M;D;N
X 17/04/2030;D;O;T;M;O;N
J 18/04/2030;D;O;N;T;M;D
V 19/04/2030;O;O;N;T;M;D
S 20/04/2030;M;D;D;N;T;D
D 21/04/2030;M;D;D;N;T;D
L 22/04/2030;T;O;D;D;N;M
M 23/04/2030;T;O;O;D;N;M
X 24/04/2030;N;O;M;D;D;T
J 25/04/2030;N;O;M;O;D;T
V 26/04/2030;D;O;T;M;D;N
S 27/04/2030;D;D;T;M;D;N
D 28/04/2030;D;D;N;T;M;D
L 29/04/2030;O;O;N;T;M;D
M 30/04/2030;M;O;D;N;T;D
X 01/05/2030;M;O;D;N;T;O
J 02/05/2030;T;O;D;D;N;M
V 03/05/2030;T;O;D;D;N;M
S 04/05/2030;N;D;M;D;D;T
D 05/05/2030;N;D;M;D;D;T
L 06/05/2030;D;M;T;O;D;N
M 07/05/2030;D;M;T;O;O;N
X 08/05/2030;D;T;N;O;M;D
J 09/05/2030;O;T;N;O;M;D
V 10/05/2030;M;N;D;O;T;D
S 11/05/2030;M;N;D;D;T;D
D 12/05/2030;T;D;D;D;N;M
L 13/05/2030;T;D;O;O;N;M
M 14/05/2030;N;D;M;O;D;T
X 15/05/2030;N;O;M;O;D;T
J 16/05/2030;D;M;T;O;D;N
V 17/05/2030;D;M;T;O;O;N
S 18/05/2030;D;T;N;D;M;D
D 19/05/2030;D;T;N;D;M;D
L 20/05/2030;M;N;D;O;T;D
M 21/05/2030;M;N;D;O;T;O
X 22/05/2030;T;D;D;O;N;M
J 23/05/2030;T;D;O;O;N;M
V 24/05/2030;N;D;M;O;D;T
S 25/05/2030;N;D;M;D;D;T
D 26/05/2030;D;M;T;D;D;N
L 27/05/2030;D;M;T;O;O;N
M 28/05/2030;D;T;N;O;M;D
X 29/05/2030;O;T;N;O;M;D
J 30/05/2030;M;N;D;O;T;D
V 31/05/2030;M;N;D;O;T;D
S 01/06/2030;T;D;D;D;N;M
D 02/06/2030;T;D;D;D;N;M
L 03/06/2030;N;D;O;M;D;T
M 04/06/2030;N;O;O;M;D;T
X 05/06/2030;D;M;O;T;D;N
J 06/06/2030;D;M;O;T;O;N
V 07/06/2030;D;T;O;N;M;D
S 08/06/2030;D;T;D;N;M;D
D 09/06/2030;M;N;D;D;T;D
L 10/06/2030;M;N;O;D;T;D
M 11/06/2030;T;D;O;D;N;M
X 12/06/2030;T;D;O;O;N;M
J 13/06/2030;N;D;O;M;D;T
V 14/06/2030;N;D;O;M;D;T
S 15/06/2030;D;M;D;T;D;N
D 16/06/2030;D;M;D;T;D;N
L 17/06/2030;D;T;O;N;M;D
M 18/06/2030;D;T;O;N;M;D
X 19/06/2030;M;N;O;D;T;D
J 20/06/2030;M;N;O;D;T;D
V 21/06/2030;T;D;O;D;N;M
S 22/06/2030;T;D;D;D;N;M
D 23/06/2030;N;D;D;M;D;T
L 24/06/2030;N;D;O;M;D;T
M 25/06/2030;D;M;O;T;D;N
X 26/06/2030;D;M;O;T;D;N
J 27/06/2030;D;T;O;N;M;D
V 28/06/2030;D;T;O;N;M;D
S 29/06/2030;M;N;D;D;T;D
D 30/06/2030;M;N;D;D;T;D
L 01/07/2030;T;D;M;D;N;O
M 02/07/2030;T;D;M;D;N;O
X 03/07/2030;N;D;T;M;D;O
J 04/07/2030;N;D;T;M;D;O
V 05/07/2030;D;M;N;T;D;O
S 06/07/2030;D;M;N;T;D;D
D 07/07/2030;D;T;D;N;M;D
L 08/07/2030;D;T;D;N;M;O
M 09/07/2030;M;N;D;D;T;O
X 10/07/2030;M;N;D;D;T;O
J 11/07/2030;T;D;M;D;N;O
V 12/07/2030;T;D;M;D;N;O
S 13/07/2030;N;D;T;M;D;D
D 14/07/2030;N;D;T;M;D;D
L 15/07/2030;D;M;N;T;D;O
M 16/07/2030;D;M;N;T;D;O
X 17/07/2030;D;T;D;N;M;O
J 18/07/2030;D;T;D;N;M;O
V 19/07/2030;M;N;D;D;T;O
S 20/07/2030;M;N;D;D;T;D
D 21/07/2030;T;D;M;D;N;D
L 22/07/2030;T;D;M;D;N;O
M 23/07/2030;N;D;T;M;D;O
X 24/07/2030;N;D;T;M;D;O
J 25/07/2030;D;M;N;T;D;O
V 26/07/2030;D;M;N;T;D;O
S 27/07/2030;D;T;D;N;M;D
D 28/07/2030;D;T;D;N;M;D
L 29/07/2030;O;N;D;D;T;M
M 30/07/2030;O;N;D;D;T;M
X 31/07/2030;O;D;M;D;N;T
J 01/08/2030;O;D;M;D;N;T
V 02/08/2030;O;D;T;M;D;N
S 03/08/2030;D;D;T;M;D;N
D 04/08/2030;D;M;N;T;D;D
L 05/08/2030;O;M;N;T;D;D
M 06/08/2030;O;T;D;N;M;D
X 07/08/2030;O;T;D;N;M;D
J 08/08/2030;O;N;D;D;T;M
V 09/08/2030;O;N;D;D;T;M
S 10/08/2030;D;D;M;D;N;T
D 11/08/2030;D;D;M;D;N;T
L 12/08/2030;O;D;T;M;D;N
M 13/08/2030;O;O;T;M;D;N
X 14/08/2030;O;M;N;T;D;D
J 15/08/2030;O;M;N;T;O;D
V 16/08/2030;O;T;D;N;M;D
S 17/08/2030;D;T;D;N;M;D
D 18/08/2030;D;N;D;D;T;M
L 19/08/2030;O;N;D;D;T;M
M 20/08/2030;O;D;M;D;N;T
X 21/08/2030;O;D;M;O;N;T
J 22/08/2030;O;D;T;M;D;N
V 23/08/2030;O;O;T;M;D;N
S 24/08/2030;D;M;N;T;D;D
D 25/08/2030;D;M;N;T;D;D
L 26/08/2030;M;T;D;N;O;D
M 27/08/2030;M;T;D;N;O;O
X 28/08/2030;T;N;D;D;O;M
J 29/08/2030;T;N;D;D;O;M
V 30/08/2030;N;D;M;D;O;T
S 31/08/2030;N;D;M;D;D;T
D 01/09/2030;D;D;T;M;D;N
L 02/09/2030;D;O;T;M;O;N
M 03/09/2030;D;M;N;T;O;D
X 04/09/2030;O;M;N;T;O;D
J 05/09/2030;M;T;D;N;O;D
V 06/09/2030;M;T;D;N;O;O
S 07/09/2030;T;N;D;D;D;M
D 08/09/2030;T;N;D;D;D;M
L 09/09/2030;N;D;M;D;O;T
M 10/09/2030;N;D;M;O;O;T
X 11/09/2030;D;D;T;M;O;N
J 12/09/2030;D;O;T;M;O;N
V 13/09/2030;D;M;N;T;O;D
S 14/09/2030;D;M;N;T;D;D
D 15/09/2030;M;T;D;N;D;D
L 16/09/2030;M;T;D;N;O;O
M 17/09/2030;T;N;D;D;O;M
X 18/09/2030;T;N;O;D;O;M
J 19/09/2030;N;D;M;D;O;T
V 20/09/2030;N;D;M;O;O;T
S 21/09/2030;D;D;T;M;D;N
D 22/09/2030;D;D;T;M;D;N
L 23/09/2030;D;O;N;T;M;D
M 24/09/2030;D;O;N;T;M;D
X 25/09/2030;M;O;D;N;T;D
J 26/09/2030;M;O;D;N;T;D
V 27/09/2030;T;O;D;D;N;M
S 28/09/2030;T;D;D;D;N;M
D 29/09/2030;N;D;M;D;D;T
L 30/09/2030;N;O;M;D;D;T
M 01/10/2030;D;O;T;M;D;N
X 02/10/2030;D;O;T;M;D;N
J 03/10/2030;D;O;N;T;M;D
V 04/10/2030;D;O;N;T;M;D
S 05/10/2030;M;D;D;N;T;D
D 06/10/2030;M;D;D;N;T;D
L 07/10/2030;T;M;D;D;N;O
M 08/10/2030;T;M;D;D;N;O
X 09/10/2030;N;T;M;D;D;O
J 10/10/2030;N;T;M;D;D;O
V 11/10/2030;D;N;T;M;D;O
S 12/10/2030;D;N;T;M;D;D
D 13/10/2030;D;D;N;T;M;D
L 14/10/2030;D;D;N;T;M;O
M 15/10/2030;M;D;D;N;T;O
X 16/10/2030;M;D;D;N;T;O
J 17/10/2030;T;M;D;D;N;O
V 18/10/2030;T;M;D;D;N;O
S 19/10/2030;N;T;M;D;D;D
D 20/10/2030;N;T;M;D;D;D
L 21/10/2030;D;N;T;O;D;M
M 22/10/2030;D;N;T;O;D;M
X 23/10/2030;D;D;N;O;M;T
J 24/10/2030;D;D;N;O;M;T
V 25/10/2030;M;D;D;O;T;N
S 26/10/2030;M;D;D;D;T;N
D 27/10/2030;T;M;D;D;N;D
L 28/10/2030;T;M;D;O;N;D
M 29/10/2030;N;T;M;O;D;D
X 30/10/2030;N;T;M;O;D;D
J 31/10/2030;D;N;T;O;D;M
V 01/11/2030;D;N;T;O;D;M
S 02/11/2030;D;D;N;D;M;T
D 03/11/2030;D;D;N;D;M;T
L 04/11/2030;O;D;D;M;T;N
M 05/11/2030;O;D;D;M;T;N
X 06/11/2030;O;M;D;T;N;D
J 07/11/2030;O;M;D;T;N;D
V 08/11/2030;O;T;M;N;D;D
S 09/11/2030;D;T;M;N;D;D
D 10/11/2030;D;N;T;D;D;M
L 11/11/2030;O;N;T;D;D;M
M 12/11/2030;O;D;N;D;M;T
X 13/11/2030;O;D;N;D;M;T
J 14/11/2030;O;D;D;M;T;N
V 15/11/2030;O;D;D;M;T;N
S 16/11/2030;D;M;D;T;N;D
D 17/11/2030;D;M;D;T;N;D
L 18/11/2030;M;T;O;N;D;D
M 19/11/2030;M;T;O;N;D;D
X 20/11/2030;T;N;O;D;D;M
J 21/11/2030;T;N;O;D;D;M
V 22/11/2030;N;D;O;D;M;T
S 23/11/2030;N;D;D;D;M;T
D 24/11/2030;D;D;D;M;T;N
L 25/11/2030;D;D;O;M;T;N
M 26/11/2030;D;M;O;T;N;D
X 27/11/2030;D;M;O;T;N;D
J 28/11/2030;M;T;O;N;D;D
V 29/11/2030;M;T;O;N;D;D
S 30/11/2030;T;N;D;D;D;M
D 01/12/2030;T;N;D;D;D;M
L 02/12/2030;N;D;M;D;O;T
M 03/12/2030;N;D;M;D;O;T
X 04/12/2030;D;D;T;M;O;N
J 05/12/2030;D;D;T;M;O;N
V 06/12/2030;D;M;N;T;O;D
S 07/12/2030;D;M;N;T;D;D
D 08/12/2030;M;T;D;N;D;D
L 09/12/2030;M;T;D;N;O;D
M 10/12/2030;T;N;D;D;O;M
X 11/12/2030;T;N;D;D;O;M
J 12/12/2030;N;D;M;D;O;T
V 13/12/2030;N;D;M;D;O;T
S 14/12/2030;D;D;T;M;D;N
D 15/12/2030;D;D;T;M;D;N
L 16/12/2030;D;O;N;T;M;D
M 17/12/2030;D;O;N;T;M;D
X 18/12/2030;M;O;D;N;T;D
J 19/12/2030;M;O;D;N;T;D
V 20/12/2030;T;O;D;D;N;M
S 21/12/2030;T;D;D;D;N;M
D 22/12/2030;N;D;M;D;D;T
L 23/12/2030;N;O;M;D;D;T
M 24/12/2030;D;O;T;M;D;N
X 25/12/2030;D;O;T;M;D;N
J 26/12/2030;D;O;N;T;M;D
V 27/12/2030;D;O;N;T;M;D
S 28/12/2030;M;D;D;N;T;D
D 29/12/2030;M;D;D;N;T;D
L 30/12/2030;T;M;D;D;N;O
M 31/12/2030;T;M;D;D;N;O
X 01/01/2031;N;T;M;D;D;O
J 02/01/2031;N;T;M;D;D;O
V 03/01/2031;D;N;T;M;D;O
S 04/01/2031;D;N;T;M;D;D
D 05/01/2031;D;D;N;T;M;D
L 06/01/2031;D;D;N;T;M;O
M 07/01/2031;M;D;D;N;T;O
X 08/01/2031;M;D;D;N;T;O
J 09/01/2031;T;M;D;D;N;O
V 10/01/2031;T;M;D;D;N;O
S 11/01/2031;N;T;M;D;D;D
D 12/01/2031;N;T;M;D;D;D
L 13/01/2031;D;N;T;O;D;M
M 14/01/2031;D;N;T;O;D;M
X 15/01/2031;D;D;N;O;M;T
J 16/01/2031;D;D;N;O;M;T
V 17/01/2031;M;D;D;O;T;N
S 18/01/2031;M;D;D;D;T;N
D 19/01/2031;T;M;D;D;N;D
L 20/01/2031;T;M;D;O;N;D
M 21/01/2031;N;T;M;O;D;D
X 22/01/2031;N;T;M;O;D;D
J 23/01/2031;D;N;T;O;D;M
V 24/01/2031;D;N;T;O;D;M
S 25/01/2031;D;D;N;D;M;T
D 26/01/2031;D;D;N;D;M;T
L 27/01/2031;O;D;D;M;T;N
M 28/01/2031;O;D;D;M;T;N
X 29/01/2031;O;M;D;T;N;D
J 30/01/2031;O;M;D;T;N;D
V 31/01/2031;O;T;M;N;D;D
S 01/02/2031;D;T;M;N;D;D
D 02/02/2031;D;N;T;D;D;M
L 03/02/2031;O;N;T;D;D;M
M 04/02/2031;O;D;N;D;M;T
X 05/02/2031;O;D;N;D;M;T
J 06/02/2031;O;D;D;M;T;N
V 07/02/2031;O;D;D;M;T;N
S 08/02/2031;D;M;D;T;N;D
D 09/02/2031;D;M;D;T;N;D
L 10/02/2031;M;T;O;N;D;D
M 11/02/2031;M;T;O;N;D;D
X 12/02/2031;T;N;O;D;D;M
J 13/02/2031;T;N;O;D;D;M
V 14/02/2031;N;D;O;D;M;T
S 15/02/2031;N;D;D;D;M;T
D 16/02/2031;D;D;D;M;T;N
L 17/02/2031;D;D;O;M;T;N
M 18/02/2031;D;M;O;T;N;D
X 19/02/2031;D;M;O;T;N;D
J 20/02/2031;M;T;O;N;D;D
V 21/02/2031;M;T;O;N;D;D
S 22/02/2031;T;N;D;D;D;M
D 23/02/2031;T;N;D;D;D;M
L 24/02/2031;N;D;M;D;O;T
M 25/02/2031;N;D;M;D;O;T
X 26/02/2031;D;D;T;M;O;N
J 27/02/2031;D;D;T;M;O;N
V 28/02/2031;D;M;N;T;O;D
S 01/03/2031;D;M;N;T;D;D
D 02/03/2031;M;T;D;N;D;D
L 03/03/2031;M;T;D;N;O;D
M 04/03/2031;T;N;D;D;O;M
X 05/03/2031;T;N;D;D;O;M
J 06/03/2031;N;D;M;D;O;T
V 07/03/2031;N;D;M;D;O;T
S 08/03/2031;D;D;T;M;D;N
D 09/03/2031;D;D;T;M;D;N
L 10/03/2031;D;O;N;T;M;D
M 11/03/2031;D;O;N;T;M;D
X 12/03/2031;M;O;D;N;T;D
J 13/03/2031;M;O;D;N;T;D
V 14/03/2031;T;O;D;D;N;M
S 15/03/2031;T;D;D;D;N;M
D 16/03/2031;N;D;M;D;D;T
L 17/03/2031;N;O;M;D;D;T
M 18/03/2031;D;O;T;M;D;N
X 19/03/2031;D;O;T;M;D;N
J 20/03/2031;D;O;N;T;M;D
V 21/03/2031;D;O;N;T;M;D
S 22/03/2031;M;D;D;N;T;D
D 23/03/2031;M;D;D;N;T;D
L 24/03/2031;T;M;D;D;N;O
M 25/03/2031;T;M;D;D;N;O
X 26/03/2031;N;T;M;D;D;O
J 27/03/2031;N;T;M;D;D;O
V 28/03/2031;D;N;T;M;D;O
S 29/03/2031;D;N;T;M;D;D
D 30/03/2031;D;D;N;T;M;D
L 31/03/2031;D;D;N;T;M;O
M 01/04/2031;M;D;D;N;T;O
X 02/04/2031;M;D;D;N;T;O
J 03/04/2031;T;M;D;D;N;O
V 04/04/2031;T;M;D;D;N;O
S 05/04/2031;N;T;M;D;D;D
D 06/04/2031;N;T;M;D;D;D
L 07/04/2031;D;N;T;O;D;M
M 08/04/2031;D;N;T;O;O;M
X 09/04/2031;D;D;N;O;M;T
J 10/04/2031;O;D;N;O;M;T
V 11/04/2031;M;D;D;O;T;N
S 12/04/2031;M;D;D;D;T;N
D 13/04/2031;T;M;D;D;N;D
L 14/04/2031;T;M;O;O;N;D
M 15/04/2031;N;T;M;O;D;D
X 16/04/2031;N;T;M;O;D;O
J 17/04/2031;D;N;T;O;D;M
V 18/04/2031;D;N;T;O;O;M
S 19/04/2031;D;D;N;D;M;T
D 20/04/2031;D;D;N;D;M;T
L 21/04/2031;M;D;D;O;T;N
M 22/04/2031;M;O;D;O;T;N
X 23/04/2031;T;M;D;O;N;D
J 24/04/2031;T;M;O;O;N;D
V 25/04/2031;N;T;M;O;D;D
S 26/04/2031;N;T;M;D;D;D
D 27/04/2031;D;N;T;D;D;M
L 28/04/2031;D;N;T;O;O;M
M 29/04/2031;D;D;N;O;M;T
X 30/04/2031;O;D;N;O;M;T
J 01/05/2031;M;D;D;O;T;N
V 02/05/2031;M;O;D;O;T;N
S 03/05/2031;T;M;D;D;N;D
D 04/05/2031;T;M;D;D;N;D
L 05/05/2031;N;T;O;M;D;D
M 06/05/2031;N;T;O;M;D;O
X 07/05/2031;D;N;O;T;D;M
J 08/05/2031;D;N;O;T;D;M
V 09/05/2031;D;D;O;N;M;T
S 10/05/2031;D;D;D;N;M;T
D 11/05/2031;M;D;D;D;T;N
L 12/05/2031;M;O;O;D;T;N
M 13/05/2031;T;M;O;D;N;D
X 14/05/2031;T;M;O;O;N;D
J 15/05/2031;N;T;O;M;D;D
V 16/05/2031;N;T;O;M;D;D
S 17/05/2031;D;N;D;T;D;M
D 18/05/2031;D;N;D;T;D;M
L 19/05/2031;D;D;O;N;M;T
M 20/05/2031;O;D;O;N;M;T
X 21/05/2031;M;D;O;D;T;N
J 22/05/2031;M;D;O;D;T;N
V 23/05/2031;T;M;O;D;N;D
S 24/05/2031;T;M;D;D;N;D
D 25/05/2031;N;T;D;M;D;D
L 26/05/2031;N;T;O;M;D;O
M 27/05/2031;D;N;O;T;D;M
X 28/05/2031;D;N;O;T;O;M
J 29/05/2031;D;D;O;N;M;T
V 30/05/2031;O;D;O;N;M;T
S 31/05/2031;M;D;D;D;T;N
D 01/06/2031;M;D;D;D;T;N
L 02/06/2031;T;O;M;D;N;D
M 03/06/2031;T;O;M;O;N;D
X 04/06/2031;N;O;T;M;D;D
J 05/06/2031;N;O;T;M;D;O
V 06/06/2031;D;O;N;T;D;M
S 07/06/2031;D;D;N;T;D;M
D 08/06/2031;D;D;D;N;M;T
L 09/06/2031;D;O;D;N;M;T
M 10/06/2031;M;O;D;D;T;N
X 11/06/2031;M;O;O;D;T;N
J 12/06/2031;T;O;M;D;N;D
V 13/06/2031;T;O;M;O;N;D
S 14/06/2031;N;D;T;M;D;D
D 15/06/2031;N;D;T;M;D;D
L 16/06/2031;D;O;N;T;D;M
M 17/06/2031;D;O;N;T;D;M
X 18/06/2031;D;O;D;N;M;T
J 19/06/2031;D;O;D;N;M;T
V 20/06/2031;M;O;D;D;T;N
S 21/06/2031;M;D;D;D;T;N
D 22/06/2031;T;D;M;D;N;D
L 23/06/2031;T;O;M;D;N;D
M 24/06/2031;N;O;T;M;D;D
X 25/06/2031;N;O;T;M;D;D
J 26/06/2031;D;O;N;T;D;M
V 27/06/2031;D;O;N;T;D;M
S 28/06/2031;D;D;D;N;M;T
D 29/06/2031;D;D;D;N;M;T
L 30/06/2031;O;M;D;D;T;N
M 01/07/2031;O;M;D;D;T;N
X 02/07/2031;O;T;M;D;N;D
J 03/07/2031;O;T;M;D;N;D
V 04/07/2031;O;N;T;M;D;D
S 05/07/2031;D;N;T;M;D;D
D 06/07/2031;D;D;N;T;D;M
L 07/07/2031;O;D;N;T;D;M
M 08/07/2031;O;D;D;N;M;T
X 09/07/2031;O;D;D;N;M;T
J 10/07/2031;O;M;D;D;T;N
V 11/07/2031;O;M;D;D;T;N
S 12/07/2031;D;T;M;D;N;D
D 13/07/2031;D;T;M;D;N;D
L 14/07/2031;O;N;T;M;D;D
M 15/07/2031;O;N;T;M;D;D
X 16/07/2031;O;D;N;T;D;M
J 17/07/2031;O;D;N;T;D;M
V 18/07/2031;O;D;D;N;M;T
S 19/07/2031;D;D;D;N;M;T
D 20/07/2031;D;M;D;D;T;N
L 21/07/2031;O;M;D;D;T;N
M 22/07/2031;O;T;M;D;N;D
X 23/07/2031;O;T;M;D;N;D
J 24/07/2031;O;N;T;M;D;D
V 25/07/2031;O;N;T;M;D;D
S 26/07/2031;D;D;N;T;D;M
D 27/07/2031;D;D;N;T;D;M
L 28/07/2031;M;D;D;N;O;T
M 29/07/2031;M;D;D;N;O;T
X 30/07/2031;T;M;D;D;O;N
J 31/07/2031;T;M;D;D;O;N
V 01/08/2031;N;T;M;D;O;D
S 02/08/2031;N;T;M;D;D;D
D 03/08/2031;D;N;T;M;D;D
L 04/08/2031;D;N;T;M;O;D
M 05/08/2031;D;D;N;T;O;M
X 06/08/2031;D;D;N;T;O;M
J 07/08/2031;M;D;D;N;O;T
V 08/08/2031;M;D;D;N;O;T
S 09/08/2031;T;M;D;D;D;N
D 10/08/2031;T;M;D;D;D;N
L 11/08/2031;N;T;M;D;O;D
M 12/08/2031;N;T;M;O;O;D
X 13/08/2031;D;N;T;M;O;D
J 14/08/2031;D;N;T;M;O;O
V 15/08/2031;D;D;N;T;O;M
S 16/08/2031;D;D;N;T;D;M
D 17/08/2031;M;D;D;N;D;T
L 18/08/2031;M;O;D;N;O;T
M 19/08/2031;T;M;D;D;O;N
X 20/08/2031;T;M;O;D;O;N
J 21/08/2031;N;T;M;D;O;D
V 22/08/2031;N;T;M;O;O;D
S 23/08/2031;D;N;T;M;D;D
D 24/08/2031;D;N;T;M;D;D
L 25/08/2031;D;D;N;T;M;O
M 26/08/2031;O;D;N;T;M;O
X 27/08/2031;M;D;D;N;T;O
J 28/08/2031;M;O;D;N;T;O
V 29/08/2031;T;M;D;D;N;O
S 30/08/2031;T;M;D;D;N;D
D 31/08/2031;N;T;M;D;D;D
L 01/09/2031;N;T;M;O;D;O
M 02/09/2031;D;N;T;M;D;O
X 03/09/2031;D;N;T;M;O;O
J 04/09/2031;D;D;N;T;M;O
V 05/09/2031;O;D;N;T;M;O
S 06/09/2031;M;D;D;N;T;D
D 07/09/2031;M;D;D;N;T;D
L 08/09/2031;T;M;D;D;N;O
M 09/09/2031;T;M;O;D;N;O
X 10/09/2031;N;T;M;D;D;O
J 11/09/2031;N;T;M;O;D;O
V 12/09/2031;D;N;T;M;D;O
S 13/09/2031;D;N;T;M;D;D
D 14/09/2031;D;D;N;T;M;D
L 15/09/2031;O;D;N;T;M;O
M 16/09/2031;M;D;D;N;T;O
X 17/09/2031;M;O;D;N;T;O
J 18/09/2031;T;M;D;D;N;O
V 19/09/2031;T;M;O;D;N;O
S 20/09/2031;N;T;M;D;D;D
D 21/09/2031;N;T;M;D;D;D
L 22/09/2031;D;N;T;O;D;M
M 23/09/2031;D;N;T;O;D;M
X 24/09/2031;D;D;N;O;M;T
J 25/09/2031;D;D;N;O;M;T
V 26/09/2031;M;D;D;O;T;N
S 27/09/2031;M;D;D;D;T;N
D 28/09/2031;T;M;D;D;N;D
L 29/09/2031;T;M;D;O;N;D
M 30/09/2031;N;T;M;O;D;D
X 01/10/2031;N;T;M;O;D;D
J 02/10/2031;D;N;T;O;D;M
V 03/10/2031;D;N;T;O;D;M
S 04/10/2031;D;D;N;D;M;T
D 05/10/2031;D;D;N;D;M;T
L 06/10/2031;O;D;D;M;T;N
M 07/10/2031;O;D;D;M;T;N
X 08/10/2031;O;M;D;T;N;D
J 09/10/2031;O;M;D;T;N;D
V 10/10/2031;O;T;M;N;D;D
S 11/10/2031;D;T;M;N;D;D
D 12/10/2031;D;N;T;D;D;M
L 13/10/2031;O;N;T;D;D;M
M 14/10/2031;O;D;N;D;M;T
X 15/10/2031;O;D;N;D;M;T
J 16/10/2031;O;D;D;M;T;N
V 17/10/2031;O;D;D;M;T;N
S 18/10/2031;D;M;D;T;N;D
D 19/10/2031;D;M;D;T;N;D
L 20/10/2031;M;T;O;N;D;D
M 21/10/2031;M;T;O;N;D;D
X 22/10/2031;T;N;O;D;D;M
J 23/10/2031;T;N;O;D;D;M
V 24/10/2031;N;D;O;D;M;T
S 25/10/2031;N;D;D;D;M;T
D 26/10/2031;D;D;D;M;T;N
L 27/10/2031;D;D;O;M;T;N
M 28/10/2031;D;M;O;T;N;D
X 29/10/2031;D;M;O;T;N;D
J 30/10/2031;M;T;O;N;D;D
V 31/10/2031;M;T;O;N;D;D
S 01/11/2031;T;N;D;D;D;M
D 02/11/2031;T;N;D;D;D;M
L 03/11/2031;N;D;M;D;O;T
M 04/11/2031;N;D;M;D;O;T
X 05/11/2031;D;D;T;M;O;N
J 06/11/2031;D;D;T;M;O;N
V 07/11/2031;D;M;N;T;O;D
S 08/11/2031;D;M;N;T;D;D
D 09/11/2031;M;T;D;N;D;D
L 10/11/2031;M;T;D;N;O;D
M 11/11/2031;T;N;D;D;O;M
X 12/11/2031;T;N;D;D;O;M
J 13/11/2031;N;D;M;D;O;T
V 14/11/2031;N;D;M;D;O;T
S 15/11/2031;D;D;T;M;D;N
D 16/11/2031;D;D;T;M;D;N
L 17/11/2031;D;O;N;T;M;D
M 18/11/2031;D;O;N;T;M;D
X 19/11/2031;M;O;D;N;T;D
J 20/11/2031;M;O;D;N;T;D
V 21/11/2031;T;O;D;D;N;M
S 22/11/2031;T;D;D;D;N;M
D 23/11/2031;N;D;M;D;D;T
L 24/11/2031;N;O;M;D;D;T
M 25/11/2031;D;O;T;M;D;N
X 26/11/2031;D;O;T;M;D;N
J 27/11/2031;D;O;N;T;M;D
V 28/11/2031;D;O;N;T;M;D
S 29/11/2031;M;D;D;N;T;D
D 30/11/2031;M;D;D;N;T;D
L 01/12/2031;T;M;D;D;N;O
M 02/12/2031;T;M;D;D;N;O
X 03/12/2031;N;T;M;D;D;O
J 04/12/2031;N;T;M;D;D;O
V 05/12/2031;D;N;T;M;D;O
S 06/12/2031;D;N;T;M;D;D
D 07/12/2031;D;D;N;T;M;D
L 08/12/2031;D;D;N;T;M;O
M 09/12/2031;M;D;D;N;T;O
X 10/12/2031;M;D;D;N;T;O
J 11/12/2031;T;M;D;D;N;O
V 12/12/2031;T;M;D;D;N;O
S 13/12/2031;N;T;M;D;D;D
D 14/12/2031;N;T;M;D;D;D
L 15/12/2031;D;N;T;O;D;M
M 16/12/2031;D;N;T;O;D;M
X 17/12/2031;D;D;N;O;M;T
J 18/12/2031;D;D;N;O;M;T
V 19/12/2031;M;D;D;O;T;N
S 20/12/2031;M;D;D;D;T;N
D 21/12/2031;T;M;D;D;N;D
L 22/12/2031;T;M;D;O;N;D
M 23/12/2031;N;T;M;O;D;D
X 24/12/2031;N;T;M;O;D;D
J 25/12/2031;D;N;T;O;D;M
V 26/12/2031;D;N;T;O;D;M
S 27/12/2031;D;D;N;D;M;T
D 28/12/2031;D;D;N;D;M;T
L 29/12/2031;O;D;D;M;T;N
M 30/12/2031;O;D;D;M;T;N
X 31/12/2031;O;M;D;T;N;D
J 01/01/2032;O;M;D;T;N;D
V 02/01/2032;O;T;M;N;D;D
S 03/01/2032;D;T;M;N;D;D
D 04/01/2032;D;N;T;D;D;M
L 05/01/2032;O;N;T;D;D;M
M 06/01/2032;O;D;N;D;M;T
X 07/01/2032;O;D;N;D;M;T
J 08/01/2032;O;D;D;M;T;N
V 09/01/2032;O;D;D;M;T;N
S 10/01/2032;D;M;D;T;N;D
D 11/01/2032;D;M;D;T;N;D
L 12/01/2032;M;T;O;N;D;D
M 13/01/2032;M;T;O;N;D;D
X 14/01/2032;T;N;O;D;D;M
J 15/01/2032;T;N;O;D;D;M
V 16/01/2032;N;D;O;D;M;T
S 17/01/2032;N;D;D;D;M;T
D 18/01/2032;D;D;D;M;T;N
L 19/01/2032;D;D;O;M;T;N
M 20/01/2032;D;M;O;T;N;D
X 21/01/2032;D;M;O;T;N;D
J 22/01/2032;M;T;O;N;D;D
V 23/01/2032;M;T;O;N;D;D
S 24/01/2032;T;N;D;D;D;M
D 25/01/2032;T;N;D;D;D;M
L 26/01/2032;N;D;M;D;O;T
M 27/01/2032;N;D;M;D;O;T
X 28/01/2032;D;D;T;M;O;N
J 29/01/2032;D;D;T;M;O;N
V 30/01/2032;D;M;N;T;O;D
S 31/01/2032;D;M;N;T;D;D
D 01/02/2032;M;T;D;N;D;D
L 02/02/2032;M;T;D;N;O;D
M 03/02/2032;T;N;D;D;O;M
X 04/02/2032;T;N;D;D;O;M
J 05/02/2032;N;D;M;D;O;T
V 06/02/2032;N;D;M;D;O;T
S 07/02/2032;D;D;T;M;D;N
D 08/02/2032;D;D;T;M;D;N
L 09/02/2032;D;O;N;T;M;D
M 10/02/2032;D;O;N;T;M;D
X 11/02/2032;M;O;D;N;T;D
J 12/02/2032;M;O;D;N;T;D
V 13/02/2032;T;O;D;D;N;M
S 14/02/2032;T;D;D;D;N;M
D 15/02/2032;N;D;M;D;D;T
L 16/02/2032;N;O;M;D;D;T
M 17/02/2032;D;O;T;M;D;N
X 18/02/2032;D;O;T;M;D;N
J 19/02/2032;D;O;N;T;M;D
V 20/02/2032;D;O;N;T;M;D
S 21/02/2032;M;D;D;N;T;D
D 22/02/2032;M;D;D;N;T;D
L 23/02/2032;T;M;D;D;N;O
M 24/02/2032;T;M;D;D;N;O
X 25/02/2032;N;T;M;D;D;O
J 26/02/2032;N;T;M;D;D;O
V 27/02/2032;D;N;T;M;D;O
S 28/02/2032;D;N;T;M;D;D
D 29/02/2032;D;D;N;T;M;D
L 01/03/2032;D;D;N;T;M;O
M 02/03/2032;M;D;D;N;T;O
X 03/03/2032;M;D;D;N;T;O
J 04/03/2032;T;M;D;D;N;O
V 05/03/2032;T;M;D;D;N;O
S 06/03/2032;N;T;M;D;D;D
D 07/03/2032;N;T;M;D;D;D
L 08/03/2032;D;N;T;O;D;M
M 09/03/2032;D;N;T;O;D;M
X 10/03/2032;D;D;N;O;M;T
J 11/03/2032;D;D;N;O;M;T
V 12/03/2032;M;D;D;O;T;N
S 13/03/2032;M;D;D;D;T;N
D 14/03/2032;T;M;D;D;N;D
L 15/03/2032;T;M;D;O;N;D
M 16/03/2032;N;T;M;O;D;D
X 17/03/2032;N;T;M;O;D;D
J 18/03/2032;D;N;T;O;D;M
V 19/03/2032;D;N;T;O;D;M
S 20/03/2032;D;D;N;D;M;T
D 21/03/2032;D;D;N;D;M;T
L 22/03/2032;O;D;D;M;T;N
M 23/03/2032;O;D;D;M;T;N
X 24/03/2032;O;M;D;T;N;D
J 25/03/2032;O;M;D;T;N;D
V 26/03/2032;O;T;M;N;D;D
S 27/03/2032;D;T;M;N;D;D
D 28/03/2032;D;N;T;D;D;M
L 29/03/2032;O;N;T;D;D;M
M 30/03/2032;O;D;N;D;M;T
X 31/03/2032;O;D;N;D;M;T
J 01/04/2032;O;D;D;M;T;N
V 02/04/2032;O;D;D;M;T;N
S 03/04/2032;D;M;D;T;N;D
D 04/04/2032;D;M;D;T;N;D
L 05/04/2032;M;T;O;N;D;D
M 06/04/2032;M;T;O;N;D;D
X 07/04/2032;T;N;O;D;D;M
J 08/04/2032;T;N;O;D;D;M
V 09/04/2032;N;D;O;D;M;T
S 10/04/2032;N;D;D;D;M;T
D 11/04/2032;D;D;D;M;T;N
L 12/04/2032;D;D;O;M;T;N
M 13/04/2032;D;M;O;T;N;D
X 14/04/2032;D;M;O;T;N;D
J 15/04/2032;M;T;O;N;D;D
V 16/04/2032;M;T;O;N;D;D
S 17/04/2032;T;N;D;D;D;M
D 18/04/2032;T;N;D;D;D;M
L 19/04/2032;N;D;M;D;O;T
M 20/04/2032;N;D;M;D;O;T
X 21/04/2032;D;D;T;M;O;N
J 22/04/2032;D;D;T;M;O;N
V 23/04/2032;D;M;N;T;O;D
S 24/04/2032;D;M;N;T;D;D
D 25/04/2032;M;T;D;N;D;D
L 26/04/2032;M;T;D;N;O;D
M 27/04/2032;T;N;D;D;O;M
X 28/04/2032;T;N;D;D;O;M
J 29/04/2032;N;D;M;D;O;T
V 30/04/2032;N;D;M;D;O;T
S 01/05/2032;D;D;T;M;D;N
D 02/05/2032;D;D;T;M;D;N
L 03/05/2032;D;M;N;T;O;D
M 04/05/2032;D;M;N;T;O;D
X 05/05/2032;M;T;D;N;O;D
J 06/05/2032;M;T;D;N;O;D
V 07/05/2032;T;N;D;D;O;M
S 08/05/2032;T;N;D;D;D;M
D 09/05/2032;N;D;M;D;D;T
L 10/05/2032;N;D;M;D;O;T
M 11/05/2032;D;D;T;M;O;N
X 12/05/2032;D;D;T;M;O;N
J 13/05/2032;D;M;N;T;O;D
V 14/05/2032;D;M;N;T;O;D
S 15/05/2032;M;T;D;N;D;D
D 16/05/2032;M;T;D;N;D;D
L 17/05/2032;T;N;D;D;M;O
M 18/05/2032;T;N;D;D;M;O
X 19/05/2032;N;D;M;D;T;O
J 20/05/2032;N;D;M;D;T;O
V 21/05/2032;D;D;T;M;N;O
S 22/05/2032;D;D;T;M;N;D
D 23/05/2032;D;M;N;T;D;D
L 24/05/2032;D;M;N;T;D;O
M 25/05/2032;M;T;D;N;D;O
X 26/05/2032;M;T;D;N;D;O
J 27/05/2032;T;N;D;D;M;O
V 28/05/2032;T;N;D;D;M;O
S 29/05/2032;N;D;M;D;T;D
D 30/05/2032;N;D;M;D;T;D
L 31/05/2032;D;D;T;M;N;O
M 01/06/2032;D;D;T;M;N;O
X 02/06/2032;D;M;N;T;D;O
J 03/06/2032;D;M;N;T;D;O
V 04/06/2032;M;T;D;N;D;O
S 05/06/2032;M;T;D;N;D;D
D 06/06/2032;T;N;D;D;M;D
L 07/06/2032;T;N;D;D;M;O
M 08/06/2032;N;D;M;D;T;O
X 09/06/2032;N;D;M;D;T;O
J 10/06/2032;D;D;T;M;N;O
V 11/06/2032;D;D;T;M;N;O
S 12/06/2032;D;M;N;T;D;D
D 13/06/2032;D;M;N;T;D;D
L 14/06/2032;O;T;D;N;D;M
M 15/06/2032;O;T;D;N;D;M
X 16/06/2032;O;N;D;D;M;T
J 17/06/2032;O;N;D;D;M;T
V 18/06/2032;O;D;M;D;T;N
S 19/06/2032;D;D;M;D;T;N
D 20/06/2032;D;D;T;M;N;D
L 21/06/2032;O;D;T;M;N;D
M 22/06/2032;O;M;N;T;D;D
X 23/06/2032;O;M;N;T;D;D
J 24/06/2032;O;T;D;N;D;M
V 25/06/2032;O;T;D;N;D;M
S 26/06/2032;D;N;D;D;M;T
D 27/06/2032;D;N;D;D;M;T
L 28/06/2032;O;D;M;D;T;N
M 29/06/2032;O;D;M;D;T;N
X 30/06/2032;O;D;T;M;N;D
J 01/07/2032;O;D;T;M;N;D
V 02/07/2032;O;M;N;T;D;D
S 03/07/2032;D;M;N;T;D;D
D 04/07/2032;D;T;D;N;D;M
L 05/07/2032;O;T;D;N;D;M
M 06/07/2032;O;N;D;D;M;T
X 07/07/2032;O;N;D;D;M;T
J 08/07/2032;O;D;M;D;T;N
V 09/07/2032;O;D;M;D;T;N
S 10/07/2032;D;D;T;M;N;D
D 11/07/2032;D;D;T;M;N;D
L 12/07/2032;M;O;N;T;D;D
M 13/07/2032;M;O;N;T;D;D
X 14/07/2032;T;O;D;N;D;M
J 15/07/2032;T;O;D;N;D;M
V 16/07/2032;N;O;D;D;M;T
S 17/07/2032;N;D;D;D;M;T
D 18/07/2032;D;D;M;D;T;N
L 19/07/2032;D;O;M;D;T;N
M 20/07/2032;D;O;T;M;N;D
X 21/07/2032;D;O;T;M;N;D
J 22/07/2032;M;O;N;T;D;D
V 23/07/2032;M;O;N;T;D;D
S 24/07/2032;T;D;D;N;D;M
D 25/07/2032;T;D;D;N;D;M
L 26/07/2032;N;O;D;D;M;T
M 27/07/2032;N;O;D;D;M;T
X 28/07/2032;D;O;M;D;T;N
J 29/07/2032;D;O;M;D;T;N
V 30/07/2032;D;O;T;M;N;D
S 31/07/2032;D;D;T;M;N;D
D 01/08/2032;M;D;N;T;D;D
L 02/08/2032;M;O;N;T;D;D
M 03/08/2032;T;O;D;N;D;M
X 04/08/2032;T;O;D;N;D;M
J 05/08/2032;N;O;D;D;M;T
V 06/08/2032;N;O;D;D;M;T
S 07/08/2032;D;D;M;D;T;N
D 08/08/2032;D;D;M;D;T;N
L 09/08/2032;D;M;T;O;N;D
M 10/08/2032;D;M;T;O;N;D
X 11/08/2032;M;T;N;O;D;D
J 12/08/2032;M;T;N;O;D;D
V 13/08/2032;T;N;D;O;D;M
S 14/08/2032;T;N;D;D;D;M
D 15/08/2032;N;D;D;D;M;T
L 16/08/2032;N;D;D;O;M;T
M 17/08/2032;D;D;M;O;T;N
X 18/08/2032;D;D;M;O;T;N
J 19/08/2032;D;M;T;O;N;D
V 20/08/2032;D;M;T;O;N;D
S 21/08/2032;M;T;N;D;D;D
D 22/08/2032;M;T;N;D;D;D
L 23/08/2032;T;N;D;O;D;M
M 24/08/2032;T;N;D;O;D;M
X 25/08/2032;N;D;D;O;M;T
J 26/08/2032;N;D;D;O;M;T
V 27/08/2032;D;D;M;O;T;N
S 28/08/2032;D;D;M;D;T;N
D 29/08/2032;D;M;T;D;N;D
L 30/08/2032;D;M;T;O;N;D
M 31/08/2032;M;T;N;O;D;D
X 01/09/2032;M;T;N;O;D;D
J 02/09/2032;T;N;D;O;D;M
V 03/09/2032;T;N;D;O;D;M
S 04/09/2032;N;D;D;D;M;T
D 05/09/2032;N;D;D;D;M;T
L 06/09/2032;D;D;O;M;T;N
M 07/09/2032;D;D;O;M;T;N
X 08/09/2032;D;M;O;T;N;D
J 09/09/2032;D;M;O;T;N;D
V 10/09/2032;M;T;O;N;D;D
S 11/09/2032;M;T;D;N;D;D
D 12/09/2032;T;N;D;D;D;M
L 13/09/2032;T;N;O;D;D;M
M 14/09/2032;N;D;O;D;M;T
X 15/09/2032;N;D;O;D;M;T
J 16/09/2032;D;D;O;M;T;N
V 17/09/2032;D;D;O;M;T;N
S 18/09/2032;D;M;D;T;N;D
D 19/09/2032;D;M;D;T;N;D
L 20/09/2032;M;T;O;N;D;D
M 21/09/2032;M;T;O;N;D;D
X 22/09/2032;T;N;O;D;D;M
J 23/09/2032;T;N;O;D;D;M
V 24/09/2032;N;D;O;D;M;T
S 25/09/2032;N;D;D;D;M;T
D 26/09/2032;D;D;D;M;T;N
L 27/09/2032;D;D;O;M;T;N
M 28/09/2032;D;M;O;T;N;D
X 29/09/2032;D;M;O;T;N;D
J 30/09/2032;M;T;O;N;D;D
V 01/10/2032;M;T;O;N;D;D
S 02/10/2032;T;N;D;D;D;M
D 03/10/2032;T;N;D;D;D;M
L 04/10/2032;N;D;M;D;O;T
M 05/10/2032;N;D;M;D;O;T
X 06/10/2032;D;D;T;M;O;N
J 07/10/2032;D;D;T;M;O;N
V 08/10/2032;D;M;N;T;O;D
S 09/10/2032;D;M;N;T;D;D
D 10/10/2032;M;T;D;N;D;D
L 11/10/2032;M;T;D;N;O;D
M 12/10/2032;T;N;D;D;O;M
X 13/10/2032;T;N;D;D;O;M
J 14/10/2032;N;D;M;D;O;T
V 15/10/2032;N;D;M;D;O;T
S 16/10/2032;D;D;T;M;D;N
D 17/10/2032;D;D;T;M;D;N
L 18/10/2032;D;O;N;T;M;D
M 19/10/2032;D;O;N;T;M;D
X 20/10/2032;M;O;D;N;T;D
J 21/10/2032;M;O;D;N;T;D
V 22/10/2032;T;O;D;D;N;M
S 23/10/2032;T;D;D;D;N;M
D 24/10/2032;N;D;M;D;D;T
L 25/10/2032;N;O;M;D;D;T
M 26/10/2032;D;O;T;M;D;N
X 27/10/2032;D;O;T;M;D;N
J 28/10/2032;D;O;N;T;M;D
V 29/10/2032;D;O;N;T;M;D
S 30/10/2032;M;D;D;N;T;D
D 31/10/2032;M;D;D;N;T;D
L 01/11/2032;T;M;D;D;N;O
M 02/11/2032;T;M;D;D;N;O
X 03/11/2032;N;T;M;D;D;O
J 04/11/2032;N;T;M;D;D;O
V 05/11/2032;D;N;T;M;D;O
S 06/11/2032;D;N;T;M;D;D
D 07/11/2032;D;D;N;T;M;D
L 08/11/2032;D;D;N;T;M;O
M 09/11/2032;M;D;D;N;T;O
X 10/11/2032;M;D;D;N;T;O
J 11/11/2032;T;M;D;D;N;O
V 12/11/2032;T;M;D;D;N;O
S 13/11/2032;N;T;M;D;D;D
D 14/11/2032;N;T;M;D;D;D
L 15/11/2032;D;N;T;O;D;M
M 16/11/2032;D;N;T;O;D;M
X 17/11/2032;D;D;N;O;M;T
J 18/11/2032;D;D;N;O;M;T
V 19/11/2032;M;D;D;O;T;N
S 20/11/2032;M;D;D;D;T;N
D 21/11/2032;T;M;D;D;N;D
L 22/11/2032;T;M;D;O;N;D
M 23/11/2032;N;T;M;O;D;D
X 24/11/2032;N;T;M;O;D;D
J 25/11/2032;D;N;T;O;D;M
V 26/11/2032;D;N;T;O;D;M
S 27/11/2032;D;D;N;D;M;T
D 28/11/2032;D;D;N;D;M;T
L 29/11/2032;O;D;D;M;T;N
M 30/11/2032;O;D;D;M;T;N
X 01/12/2032;O;M;D;T;N;D
J 02/12/2032;O;M;D;T;N;D
V 03/12/2032;O;T;M;N;D;D
S 04/12/2032;D;T;M;N;D;D
D 05/12/2032;D;N;T;D;D;M
L 06/12/2032;O;N;T;D;D;M
M 07/12/2032;O;D;N;D;M;T
X 08/12/2032;O;D;N;D;M;T
J 09/12/2032;O;D;D;M;T;N
V 10/12/2032;O;D;D;M;T;N
S 11/12/2032;D;M;D;T;N;D
D 12/12/2032;D;M;D;T;N;D
L 13/12/2032;M;T;O;N;D;D
M 14/12/2032;M;T;O;N;D;D
X 15/12/2032;T;N;O;D;D;M
J 16/12/2032;T;N;O;D;D;M
V 17/12/2032;N;D;O;D;M;T
S 18/12/2032;N;D;D;D;M;T
D 19/12/2032;D;D;D;M;T;N
L 20/12/2032;D;D;O;M;T;N
M 21/12/2032;D;M;O;T;N;D
X 22/12/2032;D;M;O;T;N;D
J 23/12/2032;M;T;O;N;D;D
V 24/12/2032;M;T;O;N;D;D
S 25/12/2032;T;N;D;D;D;M
D 26/12/2032;T;N;D;D;D;M
L 27/12/2032;N;D;M;D;O;T
M 28/12/2032;N;D;M;D;O;T
X 29/12/2032;D;D;T;M;O;N
J 30/12/2032;D;D;T;M;O;N
V 31/12/2032;D;M;N;T;O;D
S 01/01/2033;D;M;N;T;D;D
D 02/01/2033;M;T;D;N;D;D
L 03/01/2033;M;T;D;N;O;D
M 04/01/2033;T;N;D;D;O;M
X 05/01/2033;T;N;D;D;O;M
J 06/01/2033;N;D;M;D;O;T
V 07/01/2033;N;D;M;D;O;T
S 08/01/2033;D;D;T;M;D;N
D 09/01/2033;D;D;T;M;D;N
L 10/01/2033;D;O;N;T;M;D
M 11/01/2033;D;O;N;T;M;D
X 12/01/2033;M;O;D;N;T;D
J 13/01/2033;M;O;D;N;T;D
V 14/01/2033;T;O;D;D;N;M
S 15/01/2033;T;D;D;D;N;M
D 16/01/2033;N;D;M;D;D;T
L 17/01/2033;N;O;M;D;D;T
M 18/01/2033;D;O;T;M;D;N
X 19/01/2033;D;O;T;M;D;N
J 20/01/2033;D;O;N;T;M;D
V 21/01/2033;D;O;N;T;M;D
S 22/01/2033;M;D;D;N;T;D
D 23/01/2033;M;D;D;N;T;D
L 24/01/2033;T;M;D;D;N;O
M 25/01/2033;T;M;D;D;N;O
X 26/01/2033;N;T;M;D;D;O
J 27/01/2033;N;T;M;D;D;O
V 28/01/2033;D;N;T;M;D;O
S 29/01/2033;D;N;T;M;D;D
D 30/01/2033;D;D;N;T;M;D
L 31/01/2033;D;D;N;T;M;O
M 01/02/2033;M;D;D;N;T;O
X 02/02/2033;M;D;D;N;T;O
J 03/02/2033;T;M;D;D;N;O
V 04/02/2033;T;M;D;D;N;O
S 05/02/2033;N;T;M;D;D;D
D 06/02/2033;N;T;M;D;D;D
L 07/02/2033;D;N;T;O;D;M
M 08/02/2033;D;N;T;O;D;M
X 09/02/2033;D;D;N;O;M;T
J 10/02/2033;D;D;N;O;M;T
V 11/02/2033;M;D;D;O;T;N
S 12/02/2033;M;D;D;D;T;N
D 13/02/2033;T;M;D;D;N;D
L 14/02/2033;T;M;D;O;N;D
M 15/02/2033;N;T;M;O;D;D
X 16/02/2033;N;T;M;O;D;D
J 17/02/2033;D;N;T;O;D;M
V 18/02/2033;D;N;T;O;D;M
S 19/02/2033;D;D;N;D;M;T
D 20/02/2033;D;D;N;D;M;T
L 21/02/2033;O;D;D;M;T;N
M 22/02/2033;O;D;D;M;T;N
X 23/02/2033;O;M;D;T;N;D
J 24/02/2033;O;M;D;T;N;D
V 25/02/2033;O;T;M;N;D;D
S 26/02/2033;D;T;M;N;D;D
D 27/02/2033;D;N;T;D;D;M
L 28/02/2033;O;N;T;D;D;M
M 01/03/2033;O;D;N;D;M;T
X 02/03/2033;O;D;N;D;M;T
J 03/03/2033;O;D;D;M;T;N
V 04/03/2033;O;D;D;M;T;N
S 05/03/2033;D;M;D;T;N;D
D 06/03/2033;D;M;D;T;N;D
L 07/03/2033;M;T;O;N;D;D
M 08/03/2033;M;T;O;N;D;D
X 09/03/2033;T;N;O;D;D;M
J 10/03/2033;T;N;O;D;D;M
V 11/03/2033;N;D;O;D;M;T
S 12/03/2033;N;D;D;D;M;T
D 13/03/2033;D;D;D;M;T;N
L 14/03/2033;D;D;O;M;T;N
M 15/03/2033;D;M;O;T;N;D
X 16/03/2033;D;M;O;T;N;D
J 17/03/2033;M;T;O;N;D;D
V 18/03/2033;M;T;O;N;D;D
S 19/03/2033;T;N;D;D;D;M
D 20/03/2033;T;N;D;D;D;M
L 21/03/2033;N;D;M;D;O;T
M 22/03/2033;N;D;M;D;O;T
X 23/03/2033;D;D;T;M;O;N
J 24/03/2033;D;D;T;M;O;N
V 25/03/2033;D;M;N;T;O;D
S 26/03/2033;D;M;N;T;D;D
D 27/03/2033;M;T;D;N;D;D
L 28/03/2033;M;T;D;N;O;D
M 29/03/2033;T;N;D;D;O;M
X 30/03/2033;T;N;D;D;O;M
J 31/03/2033;N;D;M;D;O;T
V 01/04/2033;N;D;M;D;O;T
S 02/04/2033;D;D;T;M;D;N
D 03/04/2033;D;D;T;M;D;N
L 04/04/2033;D;O;N;T;M;D
M 05/04/2033;D;O;N;T;M;D
X 06/04/2033;M;O;D;N;T;D
J 07/04/2033;M;O;D;N;T;D
V 08/04/2033;T;O;D;D;N;M
S 09/04/2033;T;D;D;D;N;M
D 10/04/2033;N;D;M;D;D;T
L 11/04/2033;N;O;M;D;D;T
M 12/04/2033;D;O;T;M;D;N
X 13/04/2033;D;O;T;M;D;N
J 14/04/2033;D;O;N;T;M;D
V 15/04/2033;D;O;N;T;M;D
S 16/04/2033;M;D;D;N;T;D
D 17/04/2033;M;D;D;N;T;D
L 18/04/2033;T;M;D;D;N;O
M 19/04/2033;T;M;D;D;N;O
X 20/04/2033;N;T;M;D;D;O
J 21/04/2033;N;T;M;D;D;O
V 22/04/2033;D;N;T;M;D;O
S 23/04/2033;D;N;T;M;D;D
D 24/04/2033;D;D;N;T;M;D
L 25/04/2033;D;D;N;T;M;O
M 26/04/2033;M;D;D;N;T;O
X 27/04/2033;M;D;D;N;T;O
J 28/04/2033;T;M;D;D;N;O
V 29/04/2033;T;M;D;D;N;O
S 30/04/2033;N;T;M;D;D;D
D 01/05/2033;N;T;M;D;D;D
L 02/05/2033;D;N;T;M;D;O
M 03/05/2033;D;N;T;M;D;O
X 04/05/2033;D;D;N;T;M;O
J 05/05/2033;D;D;N;T;M;O
V 06/05/2033;M;D;D;N;T;O
S 07/05/2033;M;D;D;N;T;D
D 08/05/2033;T;M;D;D;N;D
L 09/05/2033;T;M;D;D;N;O
M 10/05/2033;N;T;M;D;D;O
X 11/05/2033;N;T;M;D;D;O
J 12/05/2033;D;N;T;M;D;O
V 13/05/2033;D;N;T;M;D;O
S 14/05/2033;D;D;N;T;M;D
D 15/05/2033;D;D;N;T;M;D
L 16/05/2033;O;D;D;N;T;M
M 17/05/2033;O;D;D;N;T;M
X 18/05/2033;O;M;D;D;N;T
J 19/05/2033;O;M;D;D;N;T
V 20/05/2033;O;T;M;D;D;N
S 21/05/2033;D;T;M;D;D;N
D 22/05/2033;D;N;T;M;D;D
L 23/05/2033;O;N;T;M;D;D
M 24/05/2033;O;D;N;T;M;D
X 25/05/2033;O;D;N;T;M;D
J 26/05/2033;O;D;D;N;T;M
V 27/05/2033;O;D;D;N;T;M
S 28/05/2033;D;M;D;D;N;T
D 29/05/2033;D;M;D;D;N;T
L 30/05/2033;O;T;M;D;D;N
M 31/05/2033;O;T;M;D;D;N
X 01/06/2033;O;N;T;M;D;D
J 02/06/2033;O;N;T;M;D;D
V 03/06/2033;O;D;N;T;M;D
S 04/06/2033;D;D;N;T;M;D
D 05/06/2033;D;D;D;N;T;M
L 06/06/2033;O;D;D;N;T;M
M 07/06/2033;O;M;D;D;N;T
X 08/06/2033;O;M;D;D;N;T
J 09/06/2033;O;T;M;D;D;N
V 10/06/2033;O;T;M;D;D;N
S 11/06/2033;D;N;T;M;D;D
D 12/06/2033;D;N;T;M;D;D
L 13/06/2033;M;D;N;T;O;D
M 14/06/2033;M;D;N;T;O;D
X 15/06/2033;T;D;D;N;O;M
J 16/06/2033;T;D;D;N;O;M
V 17/06/2033;N;M;D;D;O;T
S 18/06/2033;N;M;D;D;D;T
D 19/06/2033;D;T;M;D;D;N
L 20/06/2033;D;T;M;D;O;N
M 21/06/2033;D;N;T;M;O;D
X 22/06/2033;D;N;T;M;O;D
J 23/06/2033;M;D;N;T;O;D
V 24/06/2033;M;D;N;T;O;D
S 25/06/2033;T;D;D;N;D;M
D 26/06/2033;T;D;D;N;D;M
L 27/06/2033;N;M;D;D;O;T
M 28/06/2033;N;M;D;D;O;T
X 29/06/2033;D;T;M;D;O;N
J 30/06/2033;D;T;M;D;O;N
V 01/07/2033;D;N;T;M;O;D
S 02/07/2033;D;N;T;M;D;D
D 03/07/2033;M;D;N;T;D;D
L 04/07/2033;M;D;N;T;O;D
M 05/07/2033;T;D;D;N;O;M
X 06/07/2033;T;D;D;N;O;M
J 07/07/2033;N;M;D;D;O;T
V 08/07/2033;N;M;D;D;O;T
S 09/07/2033;D;T;M;D;D;N
D 10/07/2033;D;T;M;D;D;N
L 11/07/2033;D;N;T;O;M;D
M 12/07/2033;D;N;T;O;M;D
X 13/07/2033;M;D;N;O;T;D
J 14/07/2033;M;D;N;O;T;D
V 15/07/2033;T;D;D;O;N;M
S 16/07/2033;T;D;D;D;N;M
D 17/07/2033;N;M;D;D;D;T
L 18/07/2033;N;M;D;O;D;T
M 19/07/2033;D;T;M;O;D;N
X 20/07/2033;D;T;M;O;D;N
J 21/07/2033;D;N;T;O;M;D
V 22/07/2033;D;N;T;O;M;D
S 23/07/2033;M;D;N;D;T;D
D 24/07/2033;M;D;N;D;T;D
L 25/07/2033;T;D;D;O;N;M
M 26/07/2033;T;D;D;O;N;M
X 27/07/2033;N;M;D;O;D;T
J 28/07/2033;N;M;D;O;D;T
V 29/07/2033;D;T;M;O;D;N
S 30/07/2033;D;T;M;D;D;N
D 31/07/2033;D;N;T;D;M;D
L 01/08/2033;D;N;T;O;M;D
M 02/08/2033;M;D;N;O;T;D
X 03/08/2033;M;D;N;O;T;D
J 04/08/2033;T;D;D;O;N;M
V 05/08/2033;T;D;D;O;N;M
S 06/08/2033;N;M;D;D;D;T
D 07/08/2033;N;M;D;D;D;T
L 08/08/2033;D;T;O;M;D;N
M 09/08/2033;D;T;O;M;D;N
X 10/08/2033;D;N;O;T;M;D
J 11/08/2033;D;N;O;T;M;D
V 12/08/2033;M;D;O;N;T;D
S 13/08/2033;M;D;D;N;T;D
D 14/08/2033;T;D;D;D;N;M
L 15/08/2033;T;D;O;D;N;M
M 16/08/2033;N;M;O;D;D;T
X 17/08/2033;N;M;O;D;D;T
J 18/08/2033;D;T;O;M;D;N
V 19/08/2033;D;T;O;M;D;N
S 20/08/2033;D;N;D;T;M;D
D 21/08/2033;D;N;D;T;M;D
L 22/08/2033;M;D;O;N;T;D
M 23/08/2033;M;D;O;N;T;D
X 24/08/2033;T;D;O;D;N;M
J 25/08/2033;T;D;O;D;N;M
V 26/08/2033;N;M;O;D;D;T
S 27/08/2033;N;M;D;D;D;T
D 28/08/2033;D;T;D;M;D;N
L 29/08/2033;D;T;O;M;D;N
M 30/08/2033;D;N;O;T;M;D
X 31/08/2033;D;N;O;T;M;D
J 01/09/2033;M;D;O;N;T;D
V 02/09/2033;M;D;O;N;T;D
S 03/09/2033;T;D;D;D;N;M
D 04/09/2033;T;D;D;D;N;M
L 05/09/2033;N;O;M;D;D;T
M 06/09/2033;N;O;M;D;D;T
X 07/09/2033;D;O;T;M;D;N
J 08/09/2033;D;O;T;M;D;N
V 09/09/2033;D;O;N;T;M;D
S 10/09/2033;D;D;N;T;M;D
D 11/09/2033;M;D;D;N;T;D
L 12/09/2033;M;O;D;N;T;D
M 13/09/2033;T;O;D;D;N;M
X 14/09/2033;T;O;D;D;N;M
J 15/09/2033;N;O;M;D;D;T
V 16/09/2033;N;O;M;D;D;T
S 17/09/2033;D;D;T;M;D;N
D 18/09/2033;D;D;T;M;D;N
L 19/09/2033;D;O;N;T;M;D
M 20/09/2033;D;O;N;T;M;D
X 21/09/2033;M;O;D;N;T;D
J 22/09/2033;M;O;D;N;T;D
V 23/09/2033;T;O;D;D;N;M
S 24/09/2033;T;D;D;D;N;M
D 25/09/2033;N;D;M;D;D;T
L 26/09/2033;N;O;M;D;D;T
M 27/09/2033;D;O;T;M;D;N
X 28/09/2033;D;O;T;M;D;N
J 29/09/2033;D;O;N;T;M;D
V 30/09/2033;D;O;N;T;M;D
S 01/10/2033;M;D;D;N;T;D
D 02/10/2033;M;D;D;N;T;D
L 03/10/2033;T;M;D;D;N;O
M 04/10/2033;T;M;D;D;N;O
X 05/10/2033;N;T;M;D;D;O
J 06/10/2033;N;T;M;D;D;O
V 07/10/2033;D;N;T;M;D;O
S 08/10/2033;D;N;T;M;D;D
D 09/10/2033;D;D;N;T;M;D
L 10/10/2033;D;D;N;T;M;O
M 11/10/2033;M;D;D;N;T;O
X 12/10/2033;M;D;D;N;T;O
J 13/10/2033;T;M;D;D;N;O
V 14/10/2033;T;M;D;D;N;O
S 15/10/2033;N;T;M;D;D;D
D 16/10/2033;N;T;M;D;D;D
L 17/10/2033;D;N;T;O;D;M
M 18/10/2033;D;N;T;O;D;M
X 19/10/2033;D;D;N;O;M;T
J 20/10/2033;D;D;N;O;M;T
V 21/10/2033;M;D;D;O;T;N
S 22/10/2033;M;D;D;D;T;N
D 23/10/2033;T;M;D;D;N;D
L 24/10/2033;T;M;D;O;N;D
M 25/10/2033;N;T;M;O;D;D
X 26/10/2033;N;T;M;O;D;D
J 27/10/2033;D;N;T;O;D;M
V 28/10/2033;D;N;T;O;D;M
S 29/10/2033;D;D;N;D;M;T
D 30/10/2033;D;D;N;D;M;T
L 31/10/2033;O;D;D;M;T;N
M 01/11/2033;O;D;D;M;T;N
X 02/11/2033;O;M;D;T;N;D
J 03/11/2033;O;M;D;T;N;D
V 04/11/2033;O;T;M;N;D;D
S 05/11/2033;D;T;M;N;D;D
D 06/11/2033;D;N;T;D;D;M
L 07/11/2033;O;N;T;D;D;M
M 08/11/2033;O;D;N;D;M;T
X 09/11/2033;O;D;N;D;M;T
J 10/11/2033;O;D;D;M;T;N
V 11/11/2033;O;D;D;M;T;N
S 12/11/2033;D;M;D;T;N;D
D 13/11/2033;D;M;D;T;N;D
L 14/11/2033;M;T;O;N;D;D
M 15/11/2033;M;T;O;N;D;D
X 16/11/2033;T;N;O;D;D;M
J 17/11/2033;T;N;O;D;D;M
V 18/11/2033;N;D;O;D;M;T
S 19/11/2033;N;D;D;D;M;T
D 20/11/2033;D;D;D;M;T;N
L 21/11/2033;D;D;O;M;T;N
M 22/11/2033;D;M;O;T;N;D
X 23/11/2033;D;M;O;T;N;D
J 24/11/2033;M;T;O;N;D;D
V 25/11/2033;M;T;O;N;D;D
S 26/11/2033;T;N;D;D;D;M
D 27/11/2033;T;N;D;D;D;M
L 28/11/2033;N;D;M;D;O;T
M 29/11/2033;N;D;M;D;O;T
X 30/11/2033;D;D;T;M;O;N
J 01/12/2033;D;D;T;M;O;N
V 02/12/2033;D;M;N;T;O;D
S 03/12/2033;D;M;N;T;D;D
D 04/12/2033;M;T;D;N;D;D
L 05/12/2033;M;T;D;N;O;D
M 06/12/2033;T;N;D;D;O;M
X 07/12/2033;T;N;D;D;O;M
J 08/12/2033;N;D;M;D;O;T
V 09/12/2033;N;D;M;D;O;T
S 10/12/2033;D;D;T;M;D;N
D 11/12/2033;D;D;T;M;D;N
L 12/12/2033;D;O;N;T;M;D
M 13/12/2033;D;O;N;T;M;D
X 14/12/2033;M;O;D;N;T;D
J 15/12/2033;M;O;D;N;T;D
V 16/12/2033;T;O;D;D;N;M
S 17/12/2033;T;D;D;D;N;M
D 18/12/2033;N;D;M;D;D;T
L 19/12/2033;N;O;M;D;D;T
M 20/12/2033;D;O;T;M;D;N
X 21/12/2033;D;O;T;M;D;N
J 22/12/2033;D;O;N;T;M;D
V 23/12/2033;D;O;N;T;M;D
S 24/12/2033;M;D;D;N;T;D
D 25/12/2033;M;D;D;N;T;D
L 26/12/2033;T;M;D;D;N;O
M 27/12/2033;T;M;D;D;N;O
X 28/12/2033;N;T;M;D;D;O
J 29/12/2033;N;T;M;D;D;O
V 30/12/2033;D;N;T;M;D;O
S 31/12/2033;D;N;T;M;D;D
D 01/01/2034;D;D;N;T;M;D
L 02/01/2034;D;D;N;T;M;O
M 03/01/2034;M;D;D;N;T;O
X 04/01/2034;M;D;D;N;T;O
J 05/01/2034;T;M;D;D;N;O
V 06/01/2034;T;M;D;D;N;O
S 07/01/2034;N;T;M;D;D;D
D 08/01/2034;N;T;M;D;D;D
L 09/01/2034;D;N;T;O;D;M
M 10/01/2034;D;N;T;O;D;M
X 11/01/2034;D;D;N;O;M;T
J 12/01/2034;D;D;N;O;M;T
V 13/01/2034;M;D;D;O;T;N
S 14/01/2034;M;D;D;D;T;N
D 15/01/2034;T;M;D;D;N;D
L 16/01/2034;T;M;D;O;N;D
M 17/01/2034;N;T;M;O;D;D
X 18/01/2034;N;T;M;O;D;D
J 19/01/2034;D;N;T;O;D;M
V 20/01/2034;D;N;T;O;D;M
S 21/01/2034;D;D;N;D;M;T
D 22/01/2034;D;D;N;D;M;T
L 23/01/2034;O;D;D;M;T;N
M 24/01/2034;O;D;D;M;T;N
X 25/01/2034;O;M;D;T;N;D
J 26/01/2034;O;M;D;T;N;D
V 27/01/2034;O;T;M;N;D;D
S 28/01/2034;D;T;M;N;D;D
D 29/01/2034;D;N;T;D;D;M
L 30/01/2034;O;N;T;D;D;M
M 31/01/2034;O;D;N;D;M;T
X 01/02/2034;O;D;N;D;M;T
J 02/02/2034;O;D;D;M;T;N
V 03/02/2034;O;D;D;M;T;N
S 04/02/2034;D;M;D;T;N;D
D 05/02/2034;D;M;D;T;N;D
L 06/02/2034;M;T;O;N;D;D
M 07/02/2034;M;T;O;N;D;D
X 08/02/2034;T;N;O;D;D;M
J 09/02/2034;T;N;O;D;D;M
V 10/02/2034;N;D;O;D;M;T
S 11/02/2034;N;D;D;D;M;T
D 12/02/2034;D;D;D;M;T;N
L 13/02/2034;D;D;O;M;T;N
M 14/02/2034;D;M;O;T;N;D
X 15/02/2034;D;M;O;T;N;D
J 16/02/2034;M;T;O;N;D;D
V 17/02/2034;M;T;O;N;D;D
S 18/02/2034;T;N;D;D;D;M
D 19/02/2034;T;N;D;D;D;M
L 20/02/2034;N;D;M;D;O;T
M 21/02/2034;N;D;M;D;O;T
X 22/02/2034;D;D;T;M;O;N
J 23/02/2034;D;D;T;M;O;N
V 24/02/2034;D;M;N;T;O;D
S 25/02/2034;D;M;N;T;D;D
D 26/02/2034;M;T;D;N;D;D
L 27/02/2034;M;T;D;N;O;D
M 28/02/2034;T;N;D;D;O;M
X 01/03/2034;T;N;D;D;O;M
J 02/03/2034;N;D;M;D;O;T
V 03/03/2034;N;D;M;D;O;T
S 04/03/2034;D;D;T;M;D;N
D 05/03/2034;D;D;T;M;D;N
L 06/03/2034;D;O;N;T;M;D
M 07/03/2034;D;O;N;T;M;D
X 08/03/2034;M;O;D;N;T;D
J 09/03/2034;M;O;D;N;T;D
V 10/03/2034;T;O;D;D;N;M
S 11/03/2034;T;D;D;D;N;M
D 12/03/2034;N;D;M;D;D;T
L 13/03/2034;N;O;M;D;D;T
M 14/03/2034;D;O;T;M;D;N
X 15/03/2034;D;O;T;M;D;N
J 16/03/2034;D;O;N;T;M;D
V 17/03/2034;D;O;N;T;M;D
S 18/03/2034;M;D;D;N;T;D
D 19/03/2034;M;D;D;N;T;D
L 20/03/2034;T;M;D;D;N;O
M 21/03/2034;T;M;D;D;N;O
X 22/03/2034;N;T;M;D;D;O
J 23/03/2034;N;T;M;D;D;O
V 24/03/2034;D;N;T;M;D;O
S 25/03/2034;D;N;T;M;D;D
D 26/03/2034;D;D;N;T;M;D
L 27/03/2034;D;D;N;T;M;O
M 28/03/2034;M;D;D;N;T;O
X 29/03/2034;M;D;D;N;T;O
J 30/03/2034;T;M;D;D;N;O
V 31/03/2034;T;M;D;D;N;O
S 01/04/2034;N;T;M;D;D;D
D 02/04/2034;N;T;M;D;D;D
L 03/04/2034;D;N;T;O;D;M
M 04/04/2034;D;N;T;O;D;M
X 05/04/2034;D;D;N;O;M;T
J 06/04/2034;D;D;N;O;M;T
V 07/04/2034;M;D;D;O;T;N
S 08/04/2034;M;D;D;D;T;N
D 09/04/2034;T;M;D;D;N;D
L 10/04/2034;T;M;D;O;N;D
M 11/04/2034;N;T;M;O;D;D
X 12/04/2034;N;T;M;O;D;D
J 13/04/2034;D;N;T;O;D;M
V 14/04/2034;D;N;T;O;D;M
S 15/04/2034;D;D;N;D;M;T
D 16/04/2034;D;D;N;D;M;T
L 17/04/2034;O;D;D;M;T;N
M 18/04/2034;O;D;D;M;T;N
X 19/04/2034;O;M;D;T;N;D
J 20/04/2034;O;M;D;T;N;D
V 21/04/2034;O;T;M;N;D;D
S 22/04/2034;D;T;M;N;D;D
D 23/04/2034;D;N;T;D;D;M
L 24/04/2034;O;N;T;D;D;M
M 25/04/2034;O;D;N;D;M;T
X 26/04/2034;O;D;N;D;M;T
J 27/04/2034;O;D;D;M;T;N
V 28/04/2034;O;D;D;M;T;N
S 29/04/2034;D;M;D;T;N;D
D 30/04/2034;D;M;D;T;N;D
L 01/05/2034;O;T;M;N;D;D
M 02/05/2034;O;T;M;N;D;D
X 03/05/2034;O;N;T;D;D;M
J 04/05/2034;O;N;T;D;D;M
V 05/05/2034;O;D;N;D;M;T
S 06/05/2034;D;D;N;D;M;T
D 07/05/2034;D;D;D;M;T;N
L 08/05/2034;O;D;D;M;T;N
M 09/05/2034;O;M;D;T;N;D
X 10/05/2034;O;M;D;T;N;D
J 11/05/2034;O;T;M;N;D;D
V 12/05/2034;O;T;M;N;D;D
S 13/05/2034;D;N;T;D;D;M
D 14/05/2034;D;N;T;D;D;M
L 15/05/2034;M;D;N;D;O;T
M 16/05/2034;M;D;N;D;O;T
X 17/05/2034;T;D;D;M;O;N
J 18/05/2034;T;D;D;M;O;N
V 19/05/2034;N;M;D;T;O;D
S 20/05/2034;N;M;D;T;D;D
D 21/05/2034;D;T;M;N;D;D
L 22/05/2034;D;T;M;N;O;D
M 23/05/2034;D;N;T;D;O;M
X 24/05/2034;D;N;T;D;O;M
J 25/05/2034;M;D;N;D;O;T
V 26/05/2034;M;D;N;D;O;T
S 27/05/2034;T;D;D;M;D;N
D 28/05/2034;T;D;D;M;D;N
L 29/05/2034;N;M;D;T;O;D
M 30/05/2034;N;M;D;T;O;D
X 31/05/2034;D;T;M;N;O;D
J 01/06/2034;D;T;M;N;O;D
V 02/06/2034;D;N;T;D;O;M
S 03/06/2034;D;N;T;D;D;M
D 04/06/2034;M;D;N;D;D;T
L 05/06/2034;M;D;N;D;O;T
M 06/06/2034;T;D;D;M;O;N
X 07/06/2034;T;D;D;M;O;N
J 08/06/2034;N;M;D;T;O;D
V 09/06/2034;N;M;D;T;O;D
S 10/06/2034;D;T;M;N;D;D
D 11/06/2034;D;T;M;N;D;D
L 12/06/2034;D;N;T;D;M;O
M 13/06/2034;D;N;T;D;M;O
X 14/06/2034;M;D;N;D;T;O
J 15/06/2034;M;D;N;D;T;O
V 16/06/2034;T;D;D;M;N;O
S 17/06/2034;T;D;D;M;N;D
D 18/06/2034;N;M;D;T;D;D
L 19/06/2034;N;M;D;T;D;O
M 20/06/2034;D;T;M;N;D;O
X 21/06/2034;D;T;M;N;D;O
J 22/06/2034;D;N;T;D;M;O
V 23/06/2034;D;N;T;D;M;O
S 24/06/2034;M;D;N;D;T;D
D 25/06/2034;M;D;N;D;T;D
L 26/06/2034;T;D;D;M;N;O
M 27/06/2034;T;D;D;M;N;O
X 28/06/2034;N;M;D;T;D;O
J 29/06/2034;N;M;D;T;D;O
V 30/06/2034;D;T;M;N;D;O
S 01/07/2034;D;T;M;N;D;D
D 02/07/2034;D;N;T;D;M;D
L 03/07/2034;D;N;T;D;M;O
M 04/07/2034;M;D;N;D;T;O
X 05/07/2034;M;D;N;D;T;O
J 06/07/2034;T;D;D;M;N;O
V 07/07/2034;T;D;D;M;N;O
S 08/07/2034;N;M;D;T;D;D
D 09/07/2034;N;M;D;T;D;D
L 10/07/2034;D;T;O;N;D;M
M 11/07/2034;D;T;O;N;D;M
X 12/07/2034;D;N;O;D;M;T
J 13/07/2034;D;N;O;D;M;T
V 14/07/2034;M;D;O;D;T;N
S 15/07/2034;M;D;D;D;T;N
D 16/07/2034;T;D;D;M;N;D
L 17/07/2034;T;D;O;M;N;D
M 18/07/2034;N;M;O;T;D;D
X 19/07/2034;N;M;O;T;D;D
J 20/07/2034;D;T;O;N;D;M
V 21/07/2034;D;T;O;N;D;M
S 22/07/2034;D;N;D;D;M;T
D 23/07/2034;D;N;D;D;M;T
L 24/07/2034;M;D;O;D;T;N
M 25/07/2034;M;D;O;D;T;N
X 26/07/2034;T;D;O;M;N;D
J 27/07/2034;T;D;O;M;N;D
V 28/07/2034;N;M;O;T;D;D
S 29/07/2034;N;M;D;T;D;D
D 30/07/2034;D;T;D;N;D;M
L 31/07/2034;D;T;O;N;D;M
M 01/08/2034;D;N;O;D;M;T
X 02/08/2034;D;N;O;D;M;T
J 03/08/2034;M;D;O;D;T;N
V 04/08/2034;M;D;O;D;T;N
S 05/08/2034;T;D;D;M;N;D
D 06/08/2034;T;D;D;M;N;D
L 07/08/2034;N;O;M;T;D;D
M 08/08/2034;N;O;M;T;D;D
X 09/08/2034;D;O;T;N;D;M
J 10/08/2034;D;O;T;N;D;M
V 11/08/2034;D;O;N;D;M;T
S 12/08/2034;D;D;N;D;M;T
D 13/08/2034;M;D;D;D;T;N
L 14/08/2034;M;O;D;D;T;N
M 15/08/2034;T;O;D;M;N;D
X 16/08/2034;T;O;D;M;N;D
J 17/08/2034;N;O;M;T;D;D
V 18/08/2034;N;O;M;T;D;D
S 19/08/2034;D;D;T;N;D;M
D 20/08/2034;D;D;T;N;D;M
L 21/08/2034;D;O;N;D;M;T
M 22/08/2034;D;O;N;D;M;T
X 23/08/2034;M;O;D;D;T;N
J 24/08/2034;M;O;D;D;T;N
V 25/08/2034;T;O;D;M;N;D
S 26/08/2034;T;D;D;M;N;D
D 27/08/2034;N;D;M;T;D;D
L 28/08/2034;N;O;M;T;D;D
M 29/08/2034;D;O;T;N;D;M
X 30/08/2034;D;O;T;N;D;M
J 31/08/2034;D;O;N;D;M;T
V 01/09/2034;D;O;N;D;M;T
S 02/09/2034;M;D;D;D;T;N
D 03/09/2034;M;D;D;D;T;N
L 04/09/2034;T;M;D;O;N;D
M 05/09/2034;T;M;D;O;N;D
X 06/09/2034;N;T;M;O;D;D
J 07/09/2034;N;T;M;O;D;D
V 08/09/2034;D;N;T;O;D;M
S 09/09/2034;D;N;T;D;D;M
D 10/09/2034;D;D;N;D;M;T
L 11/09/2034;D;D;N;O;M;T
M 12/09/2034;M;D;D;O;T;N
X 13/09/2034;M;D;D;O;T;N
J 14/09/2034;T;M;D;O;N;D
V 15/09/2034;T;M;D;O;N;D
S 16/09/2034;N;T;M;D;D;D
D 17/09/2034;N;T;M;D;D;D
L 18/09/2034;D;N;T;O;D;M
M 19/09/2034;D;N;T;O;D;M
X 20/09/2034;D;D;N;O;M;T
J 21/09/2034;D;D;N;O;M;T
V 22/09/2034;M;D;D;O;T;N
S 23/09/2034;M;D;D;D;T;N
D 24/09/2034;T;M;D;D;N;D
L 25/09/2034;T;M;D;O;N;D
M 26/09/2034;N;T;M;O;D;D
X 27/09/2034;N;T;M;O;D;D
J 28/09/2034;D;N;T;O;D;M
V 29/09/2034;D;N;T;O;D;M
S 30/09/2034;D;D;N;D;M;T
D 01/10/2034;D;D;N;D;M;T
L 02/10/2034;O;D;D;M;T;N
M 03/10/2034;O;D;D;M;T;N
X 04/10/2034;O;M;D;T;N;D
J 05/10/2034;O;M;D;T;N;D
V 06/10/2034;O;T;M;N;D;D
S 07/10/2034;D;T;M;N;D;D
D 08/10/2034;D;N;T;D;D;M
L 09/10/2034;O;N;T;D;D;M
M 10/10/2034;O;D;N;D;M;T
X 11/10/2034;O;D;N;D;M;T
J 12/10/2034;O;D;D;M;T;N
V 13/10/2034;O;D;D;M;T;N
S 14/10/2034;D;M;D;T;N;D
D 15/10/2034;D;M;D;T;N;D
L 16/10/2034;M;T;O;N;D;D
M 17/10/2034;M;T;O;N;D;D
X 18/10/2034;T;N;O;D;D;M
J 19/10/2034;T;N;O;D;D;M
V 20/10/2034;N;D;O;D;M;T
S 21/10/2034;N;D;D;D;M;T
D 22/10/2034;D;D;D;M;T;N
L 23/10/2034;D;D;O;M;T;N
M 24/10/2034;D;M;O;T;N;D
X 25/10/2034;D;M;O;T;N;D
J 26/10/2034;M;T;O;N;D;D
V 27/10/2034;M;T;O;N;D;D
S 28/10/2034;T;N;D;D;D;M
D 29/10/2034;T;N;D;D;D;M
L 30/10/2034;N;D;M;D;O;T
M 31/10/2034;N;D;M;D;O;T
X 01/11/2034;D;D;T;M;O;N
J 02/11/2034;D;D;T;M;O;N
V 03/11/2034;D;M;N;T;O;D
S 04/11/2034;D;M;N;T;D;D
D 05/11/2034;M;T;D;N;D;D
L 06/11/2034;M;T;D;N;O;D
M 07/11/2034;T;N;D;D;O;M
X 08/11/2034;T;N;D;D;O;M
J 09/11/2034;N;D;M;D;O;T
V 10/11/2034;N;D;M;D;O;T
S 11/11/2034;D;D;T;M;D;N
D 12/11/2034;D;D;T;M;D;N
L 13/11/2034;D;O;N;T;M;D
M 14/11/2034;D;O;N;T;M;D
X 15/11/2034;M;O;D;N;T;D
J 16/11/2034;M;O;D;N;T;D
V 17/11/2034;T;O;D;D;N;M
S 18/11/2034;T;D;D;D;N;M
D 19/11/2034;N;D;M;D;D;T
L 20/11/2034;N;O;M;D;D;T
M 21/11/2034;D;O;T;M;D;N
X 22/11/2034;D;O;T;M;D;N
J 23/11/2034;D;O;N;T;M;D
V 24/11/2034;D;O;N;T;M;D
S 25/11/2034;M;D;D;N;T;D
D 26/11/2034;M;D;D;N;T;D
L 27/11/2034;T;M;D;D;N;O
M 28/11/2034;T;M;D;D;N;O
X 29/11/2034;N;T;M;D;D;O
J 30/11/2034;N;T;M;D;D;O
V 01/12/2034;D;N;T;M;D;O
S 02/12/2034;D;N;T;M;D;D
D 03/12/2034;D;D;N;T;M;D
L 04/12/2034;D;D;N;T;M;O
M 05/12/2034;M;D;D;N;T;O
X 06/12/2034;M;D;D;N;T;O
J 07/12/2034;T;M;D;D;N;O
V 08/12/2034;T;M;D;D;N;O
S 09/12/2034;N;T;M;D;D;D
D 10/12/2034;N;T;M;D;D;D
L 11/12/2034;D;N;T;O;D;M
M 12/12/2034;D;N;T;O;D;M
X 13/12/2034;D;D;N;O;M;T
J 14/12/2034;D;D;N;O;M;T
V 15/12/2034;M;D;D;O;T;N
S 16/12/2034;M;D;D;D;T;N
D 17/12/2034;T;M;D;D;N;D
L 18/12/2034;T;M;D;O;N;D
M 19/12/2034;N;T;M;O;D;D
X 20/12/2034;N;T;M;O;D;D
J 21/12/2034;D;N;T;O;D;M
V 22/12/2034;D;N;T;O;D;M
S 23/12/2034;D;D;N;D;M;T
D 24/12/2034;D;D;N;D;M;T
L 25/12/2034;O;D;D;M;T;N
M 26/12/2034;O;D;D;M;T;N
X 27/12/2034;O;M;D;T;N;D
J 28/12/2034;O;M;D;T;N;D
V 29/12/2034;O;T;M;N;D;D
S 30/12/2034;D;T;M;N;D;D
D 31/12/2034;D;N;T;D;D;M
L 01/01/2035;O;N;T;D;D;M
M 02/01/2035;O;D;N;D;M;T
X 03/01/2035;O;D;N;D;M;T
J 04/01/2035;O;D;D;M;T;N
V 05/01/2035;O;D;D;M;T;N
S 06/01/2035;D;M;D;T;N;D
D 07/01/2035;D;M;D;T;N;D
L 08/01/2035;M;T;O;N;D;D
M 09/01/2035;M;T;O;N;D;D
X 10/01/2035;T;N;O;D;D;M
J 11/01/2035;T;N;O;D;D;M
V 12/01/2035;N;D;O;D;M;T
S 13/01/2035;N;D;D;D;M;T
D 14/01/2035;D;D;D;M;T;N
L 15/01/2035;D;D;O;M;T;N
M 16/01/2035;D;M;O;T;N;D
X 17/01/2035;D;M;O;T;N;D
J 18/01/2035;M;T;O;N;D;D
V 19/01/2035;M;T;O;N;D;D
S 20/01/2035;T;N;D;D;D;M
D 21/01/2035;T;N;D;D;D;M
L 22/01/2035;N;D;M;D;O;T
M 23/01/2035;N;D;M;D;O;T
X 24/01/2035;D;D;T;M;O;N
J 25/01/2035;D;D;T;M;O;N
V 26/01/2035;D;M;N;T;O;D
S 27/01/2035;D;M;N;T;D;D
D 28/01/2035;M;T;D;N;D;D
L 29/01/2035;M;T;D;N;O;D
M 30/01/2035;T;N;D;D;O;M
X 31/01/2035;T;N;D;D;O;M
J 01/02/2035;N;D;M;D;O;T
V 02/02/2035;N;D;M;D;O;T
S 03/02/2035;D;D;T;M;D;N
D 04/02/2035;D;D;T;M;D;N
L 05/02/2035;D;O;N;T;M;D
M 06/02/2035;D;O;N;T;M;D
X 07/02/2035;M;O;D;N;T;D
J 08/02/2035;M;O;D;N;T;D
V 09/02/2035;T;O;D;D;N;M
S 10/02/2035;T;D;D;D;N;M
D 11/02/2035;N;D;M;D;D;T
L 12/02/2035;N;O;M;D;D;T
M 13/02/2035;D;O;T;M;D;N
X 14/02/2035;D;O;T;M;D;N
J 15/02/2035;D;O;N;T;M;D
V 16/02/2035;D;O;N;T;M;D
S 17/02/2035;M;D;D;N;T;D
D 18/02/2035;M;D;D;N;T;D
L 19/02/2035;T;M;D;D;N;O
M 20/02/2035;T;M;D;D;N;O
X 21/02/2035;N;T;M;D;D;O
J 22/02/2035;N;T;M;D;D;O
V 23/02/2035;D;N;T;M;D;O
S 24/02/2035;D;N;T;M;D;D
D 25/02/2035;D;D;N;T;M;D
L 26/02/2035;D;D;N;T;M;O
M 27/02/2035;M;D;D;N;T;O
X 28/02/2035;M;D;D;N;T;O
J 01/03/2035;T;M;D;D;N;O
V 02/03/2035;T;M;D;D;N;O
S 03/03/2035;N;T;M;D;D;D
D 04/03/2035;N;T;M;D;D;D
L 05/03/2035;D;N;T;O;D;M
M 06/03/2035;D;N;T;O;D;M
X 07/03/2035;D;D;N;O;M;T
J 08/03/2035;D;D;N;O;M;T
V 09/03/2035;M;D;D;O;T;N
S 10/03/2035;M;D;D;D;T;N
D 11/03/2035;T;M;D;D;N;D
L 12/03/2035;T;M;D;O;N;D
M 13/03/2035;N;T;M;O;D;D
X 14/03/2035;N;T;M;O;D;D
J 15/03/2035;D;N;T;O;D;M
V 16/03/2035;D;N;T;O;D;M
S 17/03/2035;D;D;N;D;M;T
D 18/03/2035;D;D;N;D;M;T
L 19/03/2035;O;D;D;M;T;N
M 20/03/2035;O;D;D;M;T;N
X 21/03/2035;O;M;D;T;N;D
J 22/03/2035;O;M;D;T;N;D
V 23/03/2035;O;T;M;N;D;D
S 24/03/2035;D;T;M;N;D;D
D 25/03/2035;D;N;T;D;D;M
L 26/03/2035;O;N;T;D;D;M
M 27/03/2035;O;D;N;D;M;T
X 28/03/2035;O;D;N;D;M;T
J 29/03/2035;O;D;D;M;T;N
V 30/03/2035;O;D;D;M;T;N
S 31/03/2035;D;M;D;T;N;D
D 01/04/2035;D;M;D;T;N;D
L 02/04/2035;M;T;O;N;D;D
M 03/04/2035;M;T;O;N;D;O
X 04/04/2035;T;N;O;D;D;M
J 05/04/2035;T;N;O;D;O;M
V 06/04/2035;N;D;O;D;M;T
S 07/04/2035;N;D;D;D;M;T
D 08/04/2035;D;D;D;M;T;N
L 09/04/2035;D;O;O;M;T;N
M 10/04/2035;D;M;O;T;N;D
X 11/04/2035;O;M;O;T;N;D
J 12/04/2035;M;T;O;N;D;D
V 13/04/2035;M;T;O;N;D;O
S 14/04/2035;T;N;D;D;D;M
D 15/04/2035;T;N;D;D;D;M
L 16/04/2035;N;D;O;D;M;T
M 17/04/2035;N;D;O;O;M;T
X 18/04/2035;D;D;O;M;T;N
J 19/04/2035;D;O;O;M;T;N
V 20/04/2035;D;M;O;T;N;D
S 21/04/2035;D;M;D;T;N;D
D 22/04/2035;M;T;D;N;D;D
L 23/04/2035;M;T;O;N;D;O
M 24/04/2035;T;N;O;D;D;M
X 25/04/2035;T;N;O;D;O;M
J 26/04/2035;N;D;O;D;M;T
V 27/04/2035;N;D;O;O;M;T
S 28/04/2035;D;D;D;M;T;N
D 29/04/2035;D;D;D;M;T;N
L 30/04/2035;D;O;M;T;N;D
M 01/05/2035;O;O;M;T;N;D
X 02/05/2035;M;O;T;N;D;D
J 03/05/2035;M;O;T;N;D;O
V 04/05/2035;T;O;N;D;D;M
S 05/05/2035;T;D;N;D;D;M
D 06/05/2035;N;D;D;D;M;T
L 07/05/2035;N;O;D;O;M;T
M 08/05/2035;D;O;D;M;T;N
X 09/05/2035;D;O;O;M;T;N
J 10/05/2035;D;O;M;T;N;D
V 11/05/2035;O;O;M;T;N;D
S 12/05/2035;M;D;T;N;D;D
D 13/05/2035;M;D;T;N;D;D
L 14/05/2035;T;O;N;D;D;M
M 15/05/2035;T;O;N;D;O;M
X 16/05/2035;N;O;D;D;M;T
J 17/05/2035;N;O;D;D;M;T
V 18/05/2035;D;O;D;M;T;N
S 19/05/2035;D;D;D;M;T;N
D 20/05/2035;D;D;M;T;N;D
L 21/05/2035;O;O;M;T;N;D
M 22/05/2035;M;O;T;N;D;D
X 23/05/2035;M;O;T;N;D;O
J 24/05/2035;T;O;N;D;D;M
V 25/05/2035;T;O;N;D;O;M
S 26/05/2035;N;D;D;D;M;T
D 27/05/2035;N;D;D;D;M;T
L 28/05/2035;D;M;D;O;T;N
M 29/05/2035;D;M;O;O;T;N
X 30/05/2035;D;T;M;O;N;D
J 31/05/2035;O;T;M;O;N;D
V 01/06/2035;M;N;T;O;D;D
S 02/06/2035;M;N;T;D;D;D
D 03/06/2035;T;D;N;D;D;M
L 04/06/2035;T;D;N;O;D;M
M 05/06/2035;N;D;D;O;M;T
X 06/06/2035;N;O;D;O;M;T
J 07/06/2035;D;M;D;O;T;N
V 08/06/2035;D;M;O;O;T;N
S 09/06/2035;D;T;M;D;N;D
D 10/06/2035;D;T;M;D;N;D
L 11/06/2035;M;N;T;O;D;D
M 12/06/2035;M;N;T;O;D;O
X 13/06/2035;T;D;N;O;D;M
J 14/06/2035;T;D;N;O;D;M
V 15/06/2035;N;D;D;O;M;T
S 16/06/2035;N;D;D;D;M;T
D 17/06/2035;D;M;D;D;T;N
L 18/06/2035;D;M;D;O;T;N
M 19/06/2035;D;T;M;O;N;D
X 20/06/2035;O;T;M;O;N;D
J 21/06/2035;M;N;T;O;D;D
V 22/06/2035;M;N;T;O;D;D
S 23/06/2035;T;D;N;D;D;M
D 24/06/2035;T;D;N;D;D;M
L 25/06/2035;N;D;D;M;O;T
M 26/06/2035;N;O;D;M;O;T
X 27/06/2035;D;M;D;T;O;N
J 28/06/2035;D;M;D;T;O;N
V 29/06/2035;D;T;M;N;O;D
S 30/06/2035;D;T;M;N;D;D
D 01/07/2035;M;N;T;D;D;D
L 02/07/2035;M;N;T;D;O;D
M 03/07/2035;T;D;N;D;O;M
X 04/07/2035;T;D;N;D;O;M
J 05/07/2035;N;D;D;M;O;T
V 06/07/2035;N;D;D;M;O;T
S 07/07/2035;D;M;D;T;D;N
D 08/07/2035;D;M;D;T;D;N
L 09/07/2035;D;T;M;N;O;D
M 10/07/2035;D;T;M;N;O;D
X 11/07/2035;M;N;T;D;O;D
J 12/07/2035;M;N;T;D;O;D
V 13/07/2035;T;D;N;D;O;M
S 14/07/2035;T;D;N;D;D;M
D 15/07/2035;N;D;D;M;D;T
L 16/07/2035;N;D;D;M;O;T
M 17/07/2035;D;M;D;T;O;N
X 18/07/2035;D;M;D;T;O;N
J 19/07/2035;D;T;M;N;O;D
V 20/07/2035;D;T;M;N;O;D
S 21/07/2035;M;N;T;D;D;D
D 22/07/2035;M;N;T;D;D;D
L 23/07/2035;T;D;N;D;M;O
M 24/07/2035;T;D;N;D;M;O
X 25/07/2035;N;D;D;M;T;O
J 26/07/2035;N;D;D;M;T;O
V 27/07/2035;D;M;D;T;N;O
S 28/07/2035;D;M;D;T;N;D
D 29/07/2035;D;T;M;N;D;D
L 30/07/2035;D;T;M;N;D;O
M 31/07/2035;M;N;T;D;D;O
X 01/08/2035;M;N;T;D;D;O
J 02/08/2035;T;D;N;D;M;O
V 03/08/2035;T;D;N;D;M;O
S 04/08/2035;N;D;D;M;T;D
D 05/08/2035;N;D;D;M;T;D
L 06/08/2035;D;M;D;T;N;O
M 07/08/2035;D;M;O;T;N;O
X 08/08/2035;D;T;M;N;D;O
J 09/08/2035;O;T;M;N;D;O
V 10/08/2035;M;N;T;D;D;O
S 11/08/2035;M;N;T;D;D;D
D 12/08/2035;T;D;N;D;M;D
L 13/08/2035;T;D;N;D;M;O
M 14/08/2035;N;D;D;M;T;O
X 15/08/2035;N;O;D;M;T;O
J 16/08/2035;D;M;D;T;N;O
V 17/08/2035;D;M;O;T;N;O
S 18/08/2035;D;T;M;N;D;D
D 19/08/2035;D;T;M;N;D;D
L 20/08/2035;O;N;T;D;D;M
M 21/08/2035;O;N;T;D;O;M
X 22/08/2035;O;D;N;D;M;T
J 23/08/2035;O;D;N;D;M;T
V 24/08/2035;O;D;D;M;T;N
S 25/08/2035;D;D;D;M;T;N
D 26/08/2035;D;M;D;T;N;D
L 27/08/2035;O;M;O;T;N;D
M 28/08/2035;O;T;M;N;D;D
X 29/08/2035;O;T;M;N;D;O
J 30/08/2035;O;N;T;D;D;M
V 31/08/2035;O;N;T;D;O;M
S 01/09/2035;D;D;N;D;M;T
D 02/09/2035;D;D;N;D;M;T
L 03/09/2035;O;D;D;M;T;N
M 04/09/2035;O;O;D;M;T;N
X 05/09/2035;O;M;D;T;N;D
J 06/09/2035;O;M;O;T;N;D
V 07/09/2035;O;T;M;N;D;D
S 08/09/2035;D;T;M;N;D;D
D 09/09/2035;D;N;T;D;D;M
L 10/09/2035;O;N;T;D;D;M
M 11/09/2035;O;D;N;D;M;T
X 12/09/2035;O;D;N;D;M;T
J 13/09/2035;O;D;D;M;T;N
V 14/09/2035;O;O;D;M;T;N
S 15/09/2035;D;M;D;T;N;D
D 16/09/2035;D;M;D;T;N;D
L 17/09/2035;M;T;O;N;D;D
M 18/09/2035;M;T;O;N;D;D
X 19/09/2035;T;N;O;D;D;M
J 20/09/2035;T;N;O;D;D;M
V 21/09/2035;N;D;O;D;M;T
S 22/09/2035;N;D;D;D;M;T
D 23/09/2035;D;D;D;M;T;N
L 24/09/2035;D;D;O;M;T;N
M 25/09/2035;D;M;O;T;N;D
X 26/09/2035;D;M;O;T;N;D
J 27/09/2035;M;T;O;N;D;D
V 28/09/2035;M;T;O;N;D;D
S 29/09/2035;T;N;D;D;D;M
D 30/09/2035;T;N;D;D;D;M
L 01/10/2035;N;D;M;D;O;T
M 02/10/2035;N;D;M;D;O;T
X 03/10/2035;D;D;T;M;O;N
J 04/10/2035;D;D;T;M;O;N
V 05/10/2035;D;M;N;T;O;D
S 06/10/2035;D;M;N;T;D;D
D 07/10/2035;M;T;D;N;D;D
L 08/10/2035;M;T;D;N;O;D
M 09/10/2035;T;N;D;D;O;M
X 10/10/2035;T;N;D;D;O;M
J 11/10/2035;N;D;M;D;O;T
V 12/10/2035;N;D;M;D;O;T
S 13/10/2035;D;D;T;M;D;N
D 14/10/2035;D;D;T;M;D;N
L 15/10/2035;D;O;N;T;M;D
M 16/10/2035;D;O;N;T;M;D
X 17/10/2035;M;O;D;N;T;D
J 18/10/2035;M;O;D;N;T;D
V 19/10/2035;T;O;D;D;N;M
S 20/10/2035;T;D;D;D;N;M
D 21/10/2035;N;D;M;D;D;T
L 22/10/2035;N;O;M;D;D;T
M 23/10/2035;D;O;T;M;D;N
X 24/10/2035;D;O;T;M;D;N
J 25/10/2035;D;O;N;T;M;D
V 26/10/2035;D;O;N;T;M;D
S 27/10/2035;M;D;D;N;T;D
D 28/10/2035;M;D;D;N;T;D
L 29/10/2035;T;M;D;D;N;O
M 30/10/2035;T;M;D;D;N;O
X 31/10/2035;N;T;M;D;D;O
J 01/11/2035;N;T;M;D;D;O
V 02/11/2035;D;N;T;M;D;O
S 03/11/2035;D;N;T;M;D;D
D 04/11/2035;D;D;N;T;M;D
L 05/11/2035;D;D;N;T;M;O
M 06/11/2035;M;D;D;N;T;O
X 07/11/2035;M;D;D;N;T;O
J 08/11/2035;T;M;D;D;N;O
V 09/11/2035;T;M;D;D;N;O
S 10/11/2035;N;T;M;D;D;D
D 11/11/2035;N;T;M;D;D;D
L 12/11/2035;D;N;T;O;D;M
M 13/11/2035;D;N;T;O;D;M
X 14/11/2035;D;D;N;O;M;T
J 15/11/2035;D;D;N;O;M;T
V 16/11/2035;M;D;D;O;T;N
S 17/11/2035;M;D;D;D;T;N
D 18/11/2035;T;M;D;D;N;D
L 19/11/2035;T;M;D;O;N;D
M 20/11/2035;N;T;M;O;D;D
X 21/11/2035;N;T;M;O;D;D
J 22/11/2035;D;N;T;O;D;M
V 23/11/2035;D;N;T;O;D;M
S 24/11/2035;D;D;N;D;M;T
D 25/11/2035;D;D;N;D;M;T
L 26/11/2035;O;D;D;M;T;N
M 27/11/2035;O;D;D;M;T;N
X 28/11/2035;O;M;D;T;N;D
J 29/11/2035;O;M;D;T;N;D
V 30/11/2035;O;T;M;N;D;D
S 01/12/2035;D;T;M;N;D;D
D 02/12/2035;D;N;T;D;D;M
L 03/12/2035;O;N;T;D;D;M
M 04/12/2035;O;D;N;D;M;T
X 05/12/2035;O;D;N;D;M;T
J 06/12/2035;O;D;D;M;T;N
V 07/12/2035;O;D;D;M;T;N
S 08/12/2035;D;M;D;T;N;D
D 09/12/2035;D;M;D;T;N;D
L 10/12/2035;M;T;O;N;D;D
M 11/12/2035;M;T;O;N;D;D
X 12/12/2035;T;N;O;D;D;M
J 13/12/2035;T;N;O;D;D;M
V 14/12/2035;N;D;O;D;M;T
S 15/12/2035;N;D;D;D;M;T
D 16/12/2035;D;D;D;M;T;N
L 17/12/2035;D;D;O;M;T;N
M 18/12/2035;D;M;O;T;N;D
X 19/12/2035;D;M;O;T;N;D
J 20/12/2035;M;T;O;N;D;D
V 21/12/2035;M;T;O;N;D;D
S 22/12/2035;T;N;D;D;D;M
D 23/12/2035;T;N;D;D;D;M
L 24/12/2035;N;D;M;D;O;T
M 25/12/2035;N;D;M;D;O;T
X 26/12/2035;D;D;T;M;O;N
J 27/12/2035;D;D;T;M;O;N
V 28/12/2035;D;M;N;T;O;D
S 29/12/2035;D;M;N;T;D;D
D 30/12/2035;M;T;D;N;D;D
L 31/12/2035;M;T;D;N;O;D
M 01/01/2036;T;N;D;D;O;M
X 02/01/2036;T;N;D;D;O;M
J 03/01/2036;N;D;M;D;O;T
V 04/01/2036;N;D;M;D;O;T
S 05/01/2036;D;D;T;M;D;N
D 06/01/2036;D;D;T;M;D;N
L 07/01/2036;D;O;N;T;M;D
M 08/01/2036;D;O;N;T;M;D
X 09/01/2036;M;O;D;N;T;D
J 10/01/2036;M;O;D;N;T;D
V 11/01/2036;T;O;D;D;N;M
S 12/01/2036;T;D;D;D;N;M
D 13/01/2036;N;D;M;D;D;T
L 14/01/2036;N;O;M;D;D;T
M 15/01/2036;D;O;T;M;D;N
X 16/01/2036;D;O;T;M;D;N
J 17/01/2036;D;O;N;T;M;D
V 18/01/2036;D;O;N;T;M;D
S 19/01/2036;M;D;D;N;T;D
D 20/01/2036;M;D;D;N;T;D
L 21/01/2036;T;M;D;D;N;O
M 22/01/2036;T;M;D;D;N;O
X 23/01/2036;N;T;M;D;D;O
J 24/01/2036;N;T;M;D;D;O
V 25/01/2036;D;N;T;M;D;O
S 26/01/2036;D;N;T;M;D;D
D 27/01/2036;D;D;N;T;M;D
L 28/01/2036;D;D;N;T;M;O
M 29/01/2036;M;D;D;N;T;O
X 30/01/2036;M;D;D;N;T;O
J 31/01/2036;T;M;D;D;N;O
V 01/02/2036;T;M;D;D;N;O
S 02/02/2036;N;T;M;D;D;D
D 03/02/2036;N;T;M;D;D;D
L 04/02/2036;D;N;T;O;D;M
M 05/02/2036;D;N;T;O;D;M
X 06/02/2036;D;D;N;O;M;T
J 07/02/2036;D;D;N;O;M;T
V 08/02/2036;M;D;D;O;T;N
S 09/02/2036;M;D;D;D;T;N
D 10/02/2036;T;M;D;D;N;D
L 11/02/2036;T;M;D;O;N;D
M 12/02/2036;N;T;M;O;D;D
X 13/02/2036;N;T;M;O;D;D
J 14/02/2036;D;N;T;O;D;M
V 15/02/2036;D;N;T;O;D;M
S 16/02/2036;D;D;N;D;M;T
D 17/02/2036;D;D;N;D;M;T
L 18/02/2036;O;D;D;M;T;N
M 19/02/2036;O;D;D;M;T;N
X 20/02/2036;O;M;D;T;N;D
J 21/02/2036;O;M;D;T;N;D
V 22/02/2036;O;T;M;N;D;D
S 23/02/2036;D;T;M;N;D;D
D 24/02/2036;D;N;T;D;D;M
L 25/02/2036;O;N;T;D;D;M
M 26/02/2036;O;D;N;D;M;T
X 27/02/2036;O;D;N;D;M;T
J 28/02/2036;O;D;D;M;T;N
V 29/02/2036;O;D;D;M;T;N
S 01/03/2036;D;M;D;T;N;D
D 02/03/2036;D;M;D;T;N;D
L 03/03/2036;M;T;O;N;D;D
M 04/03/2036;M;T;O;N;D;D
X 05/03/2036;T;N;O;D;D;M
J 06/03/2036;T;N;O;D;D;M
V 07/03/2036;N;D;O;D;M;T
S 08/03/2036;N;D;D;D;M;T
D 09/03/2036;D;D;D;M;T;N
L 10/03/2036;D;D;O;M;T;N
M 11/03/2036;D;M;O;T;N;D
X 12/03/2036;D;M;O;T;N;D
J 13/03/2036;M;T;O;N;D;D
V 14/03/2036;M;T;O;N;D;D
S 15/03/2036;T;N;D;D;D;M
D 16/03/2036;T;N;D;D;D;M
L 17/03/2036;N;D;M;D;O;T
M 18/03/2036;N;D;M;D;O;T
X 19/03/2036;D;D;T;M;O;N
J 20/03/2036;D;D;T;M;O;N
V 21/03/2036;D;M;N;T;O;D
S 22/03/2036;D;M;N;T;D;D
D 23/03/2036;M;T;D;N;D;D
L 24/03/2036;M;T;D;N;O;D
M 25/03/2036;T;N;D;D;O;M
X 26/03/2036;T;N;D;D;O;M
J 27/03/2036;N;D;M;D;O;T
V 28/03/2036;N;D;M;D;O;T
S 29/03/2036;D;D;T;M;D;N
D 30/03/2036;D;D;T;M;D;N
L 31/03/2036;D;O;N;T;M;D
M 01/04/2036;D;O;N;T;M;D
X 02/04/2036;M;O;D;N;T;D
J 03/04/2036;M;O;D;N;T;O
V 04/04/2036;T;O;D;D;N;M
S 05/04/2036;T;D;D;D;N;M
D 06/04/2036;N;D;M;D;D;T
L 07/04/2036;N;O;M;O;D;T
M 08/04/2036;D;O;T;M;D;N
X 09/04/2036;D;O;T;M;O;N
J 10/04/2036;D;O;N;T;M;D
V 11/04/2036;O;O;N;T;M;D
S 12/04/2036;M;D;D;N;T;D
D 13/04/2036;M;D;D;N;T;D
L 14/04/2036;T;O;D;D;N;M
M 15/04/2036;T;O;O;D;N;M
X 16/04/2036;N;O;M;D;D;T
J 17/04/2036;N;O;M;O;D;T
V 18/04/2036;D;O;T;M;D;N
S 19/04/2036;D;D;T;M;D;N
D 20/04/2036;D;D;N;T;M;D
L 21/04/2036;O;O;N;T;M;D
M 22/04/2036;M;O;D;N;T;D
X 23/04/2036;M;O;D;N;T;O
J 24/04/2036;T;O;D;D;N;M
V 25/04/2036;T;O;D;D;N;M
S 26/04/2036;N;D;M;D;D;T
D 27/04/2036;N;D;M;D;D;T
L 28/04/2036;D;M;T;O;D;N
M 29/04/2036;D;M;T;O;O;N
X 30/04/2036;D;T;N;O;M;D
J 01/05/2036;O;T;N;O;M;D
V 02/05/2036;M;N;D;O;T;D
S 03/05/2036;M;N;D;D;T;D
D 04/05/2036;T;D;D;D;N;M
L 05/05/2036;T;D;O;O;N;M
M 06/05/2036;N;D;M;O;D;T
X 07/05/2036;N;O;M;O;D;T
J 08/05/2036;D;M;T;O;D;N
V 09/05/2036;D;M;T;O;O;N
S 10/05/2036;D;T;N;D;M;D
D 11/05/2036;D;T;N;D;M;D
L 12/05/2036;M;N;D;O;T;D
M 13/05/2036;M;N;D;O;T;O
X 14/05/2036;T;D;D;O;N;M
J 15/05/2036;T;D;O;O;N;M
V 16/05/2036;N;D;M;O;D;T
S 17/05/2036;N;D;M;D;D;T
D 18/05/2036;D;M;T;D;D;N
L 19/05/2036;D;M;T;O;O;N
M 20/05/2036;D;T;N;O;M;D
X 21/05/2036;O;T;N;O;M;D
J 22/05/2036;M;N;D;O;T;D
V 23/05/2036;M;N;D;O;T;D
S 24/05/2036;T;D;D;D;N;M
D 25/05/2036;T;D;D;D;N;M
L 26/05/2036;N;D;O;M;D;T
M 27/05/2036;N;O;O;M;D;T
X 28/05/2036;D;M;O;T;D;N
J 29/05/2036;D;M;O;T;O;N
V 30/05/2036;D;T;O;N;M;D
S 31/05/2036;D;T;D;N;M;D
D 01/06/2036;M;N;D;D;T;D
L 02/06/2036;M;N;O;D;T;D
M 03/06/2036;T;D;O;D;N;M
X 04/06/2036;T;D;O;O;N;M
J 05/06/2036;N;D;O;M;D;T
V 06/06/2036;N;D;O;M;D;T
S 07/06/2036;D;M;D;T;D;N
D 08/06/2036;D;M;D;T;D;N
L 09/06/2036;D;T;O;N;M;D
M 10/06/2036;D;T;O;N;M;D
X 11/06/2036;M;N;O;D;T;D
J 12/06/2036;M;N;O;D;T;D
V 13/06/2036;T;D;O;D;N;M
S 14/06/2036;T;D;D;D;N;M
D 15/06/2036;N;D;D;M;D;T
L 16/06/2036;N;D;O;M;D;T
M 17/06/2036;D;M;O;T;D;N
X 18/06/2036;D;M;O;T;D;N
J 19/06/2036;D;T;O;N;M;D
V 20/06/2036;D;T;O;N;M;D
S 21/06/2036;M;N;D;D;T;D
D 22/06/2036;M;N;D;D;T;D
L 23/06/2036;T;D;M;D;N;O
M 24/06/2036;T;D;M;D;N;O
X 25/06/2036;N;D;T;M;D;O
J 26/06/2036;N;D;T;M;D;O
V 27/06/2036;D;M;N;T;D;O
S 28/06/2036;D;M;N;T;D;D
D 29/06/2036;D;T;D;N;M;D
L 30/06/2036;D;T;D;N;M;O
M 01/07/2036;M;N;D;D;T;O
X 02/07/2036;M;N;D;D;T;O
J 03/07/2036;T;D;M;D;N;O
V 04/07/2036;T;D;M;D;N;O
S 05/07/2036;N;D;T;M;D;D
D 06/07/2036;N;D;T;M;D;D
L 07/07/2036;D;M;N;T;D;O
M 08/07/2036;D;M;N;T;D;O
X 09/07/2036;D;T;D;N;M;O
J 10/07/2036;D;T;D;N;M;O
V 11/07/2036;M;N;D;D;T;O
S 12/07/2036;M;N;D;D;T;D
D 13/07/2036;T;D;M;D;N;D
L 14/07/2036;T;D;M;D;N;O
M 15/07/2036;N;D;T;M;D;O
X 16/07/2036;N;D;T;M;D;O
J 17/07/2036;D;M;N;T;D;O
V 18/07/2036;D;M;N;T;D;O
S 19/07/2036;D;T;D;N;M;D
D 20/07/2036;D;T;D;N;M;D
L 21/07/2036;O;N;D;D;T;M
M 22/07/2036;O;N;D;D;T;M
X 23/07/2036;O;D;M;D;N;T
J 24/07/2036;O;D;M;D;N;T
V 25/07/2036;O;D;T;M;D;N
S 26/07/2036;D;D;T;M;D;N
D 27/07/2036;D;M;N;T;D;D
L 28/07/2036;O;M;N;T;D;D
M 29/07/2036;O;T;D;N;M;D
X 30/07/2036;O;T;D;N;M;D
J 31/07/2036;O;N;D;D;T;M
V 01/08/2036;O;N;D;D;T;M
S 02/08/2036;D;D;M;D;N;T
D 03/08/2036;D;D;M;D;N;T
L 04/08/2036;O;D;T;M;D;N
M 05/08/2036;O;O;T;M;D;N
X 06/08/2036;O;M;N;T;D;D
J 07/08/2036;O;M;N;T;O;D
V 08/08/2036;O;T;D;N;M;D
S 09/08/2036;D;T;D;N;M;D
D 10/08/2036;D;N;D;D;T;M
L 11/08/2036;O;N;D;D;T;M
M 12/08/2036;O;D;M;D;N;T
X 13/08/2036;O;D;M;O;N;T
J 14/08/2036;O;D;T;M;D;N
V 15/08/2036;O;O;T;M;D;N
S 16/08/2036;D;M;N;T;D;D
D 17/08/2036;D;M;N;T;D;D
L 18/08/2036;M;T;D;N;O;D
M 19/08/2036;M;T;D;N;O;O
X 20/08/2036;T;N;D;D;O;M
J 21/08/2036;T;N;D;D;O;M
V 22/08/2036;N;D;M;D;O;T
S 23/08/2036;N;D;M;D;D;T
D 24/08/2036;D;D;T;M;D;N
L 25/08/2036;D;O;T;M;O;N
M 26/08/2036;D;M;N;T;O;D
X 27/08/2036;O;M;N;T;O;D
J 28/08/2036;M;T;D;N;O;D
V 29/08/2036;M;T;D;N;O;O
S 30/08/2036;T;N;D;D;D;M
D 31/08/2036;T;N;D;D;D;M
L 01/09/2036;N;D;M;D;O;T
M 02/09/2036;N;D;M;O;O;T
X 03/09/2036;D;D;T;M;O;N
J 04/09/2036;D;O;T;M;O;N
V 05/09/2036;D;M;N;T;O;D
S 06/09/2036;D;M;N;T;D;D
D 07/09/2036;M;T;D;N;D;D
L 08/09/2036;M;T;D;N;O;O
M 09/09/2036;T;N;D;D;O;M
X 10/09/2036;T;N;O;D;O;M
J 11/09/2036;N;D;M;D;O;T
V 12/09/2036;N;D;M;O;O;T
S 13/09/2036;D;D;T;M;D;N
D 14/09/2036;D;D;T;M;D;N
L 15/09/2036;D;O;N;T;M;D
M 16/09/2036;D;O;N;T;M;D
X 17/09/2036;M;O;D;N;T;D
J 18/09/2036;M;O;D;N;T;D
V 19/09/2036;T;O;D;D;N;M
S 20/09/2036;T;D;D;D;N;M
D 21/09/2036;N;D;M;D;D;T
L 22/09/2036;N;O;M;D;D;T
M 23/09/2036;D;O;T;M;D;N
X 24/09/2036;D;O;T;M;D;N
J 25/09/2036;D;O;N;T;M;D
V 26/09/2036;D;O;N;T;M;D
S 27/09/2036;M;D;D;N;T;D
D 28/09/2036;M;D;D;N;T;D
L 29/09/2036;T;M;D;D;N;O
M 30/09/2036;T;M;D;D;N;O
X 01/10/2036;N;T;M;D;D;O
J 02/10/2036;N;T;M;D;D;O
V 03/10/2036;D;N;T;M;D;O
S 04/10/2036;D;N;T;M;D;D
D 05/10/2036;D;D;N;T;M;D
L 06/10/2036;D;D;N;T;M;O
M 07/10/2036;M;D;D;N;T;O
X 08/10/2036;M;D;D;N;T;O
J 09/10/2036;T;M;D;D;N;O
V 10/10/2036;T;M;D;D;N;O
S 11/10/2036;N;T;M;D;D;D
D 12/10/2036;N;T;M;D;D;D
L 13/10/2036;D;N;T;O;D;M
M 14/10/2036;D;N;T;O;D;M
X 15/10/2036;D;D;N;O;M;T
J 16/10/2036;D;D;N;O;M;T
V 17/10/2036;M;D;D;O;T;N
S 18/10/2036;M;D;D;D;T;N
D 19/10/2036;T;M;D;D;N;D
L 20/10/2036;T;M;D;O;N;D
M 21/10/2036;N;T;M;O;D;D
X 22/10/2036;N;T;M;O;D;D
J 23/10/2036;D;N;T;O;D;M
V 24/10/2036;D;N;T;O;D;M
S 25/10/2036;D;D;N;D;M;T
D 26/10/2036;D;D;N;D;M;T
L 27/10/2036;O;D;D;M;T;N
M 28/10/2036;O;D;D;M;T;N
X 29/10/2036;O;M;D;T;N;D
J 30/10/2036;O;M;D;T;N;D
V 31/10/2036;O;T;M;N;D;D
S 01/11/2036;D;T;M;N;D;D
D 02/11/2036;D;N;T;D;D;M
L 03/11/2036;O;N;T;D;D;M
M 04/11/2036;O;D;N;D;M;T
X 05/11/2036;O;D;N;D;M;T
J 06/11/2036;O;D;D;M;T;N
V 07/11/2036;O;D;D;M;T;N
S 08/11/2036;D;M;D;T;N;D
D 09/11/2036;D;M;D;T;N;D
L 10/11/2036;M;T;O;N;D;D
M 11/11/2036;M;T;O;N;D;D
X 12/11/2036;T;N;O;D;D;M
J 13/11/2036;T;N;O;D;D;M
V 14/11/2036;N;D;O;D;M;T
S 15/11/2036;N;D;D;D;M;T
D 16/11/2036;D;D;D;M;T;N
L 17/11/2036;D;D;O;M;T;N
M 18/11/2036;D;M;O;T;N;D
X 19/11/2036;D;M;O;T;N;D
J 20/11/2036;M;T;O;N;D;D
V 21/11/2036;M;T;O;N;D;D
S 22/11/2036;T;N;D;D;D;M
D 23/11/2036;T;N;D;D;D;M
L 24/11/2036;N;D;M;D;O;T
M 25/11/2036;N;D;M;D;O;T
X 26/11/2036;D;D;T;M;O;N
J 27/11/2036;D;D;T;M;O;N
V 28/11/2036;D;M;N;T;O;D
S 29/11/2036;D;M;N;T;D;D
D 30/11/2036;M;T;D;N;D;D
L 01/12/2036;M;T;D;N;O;D
M 02/12/2036;T;N;D;D;O;M
X 03/12/2036;T;N;D;D;O;M
J 04/12/2036;N;D;M;D;O;T
V 05/12/2036;N;D;M;D;O;T
S 06/12/2036;D;D;T;M;D;N
D 07/12/2036;D;D;T;M;D;N
L 08/12/2036;D;O;N;T;M;D
M 09/12/2036;D;O;N;T;M;D
X 10/12/2036;M;O;D;N;T;D
J 11/12/2036;M;O;D;N;T;D
V 12/12/2036;T;O;D;D;N;M
S 13/12/2036;T;D;D;D;N;M
D 14/12/2036;N;D;M;D;D;T
L 15/12/2036;N;O;M;D;D;T
M 16/12/2036;D;O;T;M;D;N
X 17/12/2036;D;O;T;M;D;N
J 18/12/2036;D;O;N;T;M;D
V 19/12/2036;D;O;N;T;M;D
S 20/12/2036;M;D;D;N;T;D
D 21/12/2036;M;D;D;N;T;D
L 22/12/2036;T;M;D;D;N;O
M 23/12/2036;T;M;D;D;N;O
X 24/12/2036;N;T;M;D;D;O
J 25/12/2036;N;T;M;D;D;O
V 26/12/2036;D;N;T;M;D;O
S 27/12/2036;D;N;T;M;D;D
D 28/12/2036;D;D;N;T;M;D
L 29/12/2036;D;D;N;T;M;O
M 30/12/2036;M;D;D;N;T;O
X 31/12/2036;M;D;D;N;T;O
J 01/01/2037;T;M;D;D;N;O
V 02/01/2037;T;M;D;D;N;O
S 03/01/2037;N;T;M;D;D;D
D 04/01/2037;N;T;M;D;D;D
L 05/01/2037;D;N;T;O;D;M
M 06/01/2037;D;N;T;O;D;M
X 07/01/2037;D;D;N;O;M;T
J 08/01/2037;D;D;N;O;M;T
V 09/01/2037;M;D;D;O;T;N
S 10/01/2037;M;D;D;D;T;N
D 11/01/2037;T;M;D;D;N;D
L 12/01/2037;T;M;D;O;N;D
M 13/01/2037;N;T;M;O;D;D
X 14/01/2037;N;T;M;O;D;D
J 15/01/2037;D;N;T;O;D;M
V 16/01/2037;D;N;T;O;D;M
S 17/01/2037;D;D;N;D;M;T
D 18/01/2037;D;D;N;D;M;T
L 19/01/2037;O;D;D;M;T;N
M 20/01/2037;O;D;D;M;T;N
X 21/01/2037;O;M;D;T;N;D
J 22/01/2037;O;M;D;T;N;D
V 23/01/2037;O;T;M;N;D;D
S 24/01/2037;D;T;M;N;D;D
D 25/01/2037;D;N;T;D;D;M
L 26/01/2037;O;N;T;D;D;M
M 27/01/2037;O;D;N;D;M;T
X 28/01/2037;O;D;N;D;M;T
J 29/01/2037;O;D;D;M;T;N
V 30/01/2037;O;D;D;M;T;N
S 31/01/2037;D;M;D;T;N;D
D 01/02/2037;D;M;D;T;N;D
L 02/02/2037;M;T;O;N;D;D
M 03/02/2037;M;T;O;N;D;D
X 04/02/2037;T;N;O;D;D;M
J 05/02/2037;T;N;O;D;D;M
V 06/02/2037;N;D;O;D;M;T
S 07/02/2037;N;D;D;D;M;T
D 08/02/2037;D;D;D;M;T;N
L 09/02/2037;D;D;O;M;T;N
M 10/02/2037;D;M;O;T;N;D
X 11/02/2037;D;M;O;T;N;D
J 12/02/2037;M;T;O;N;D;D
V 13/02/2037;M;T;O;N;D;D
S 14/02/2037;T;N;D;D;D;M
D 15/02/2037;T;N;D;D;D;M
L 16/02/2037;N;D;M;D;O;T
M 17/02/2037;N;D;M;D;O;T
X 18/02/2037;D;D;T;M;O;N
J 19/02/2037;D;D;T;M;O;N
V 20/02/2037;D;M;N;T;O;D
S 21/02/2037;D;M;N;T;D;D
D 22/02/2037;M;T;D;N;D;D
L 23/02/2037;M;T;D;N;O;D
M 24/02/2037;T;N;D;D;O;M
X 25/02/2037;T;N;D;D;O;M
J 26/02/2037;N;D;M;D;O;T
V 27/02/2037;N;D;M;D;O;T
S 28/02/2037;D;D;T;M;D;N
D 01/03/2037;D;D;T;M;D;N
L 02/03/2037;D;O;N;T;M;D
M 03/03/2037;D;O;N;T;M;D
X 04/03/2037;M;O;D;N;T;D
J 05/03/2037;M;O;D;N;T;D
V 06/03/2037;T;O;D;D;N;M
S 07/03/2037;T;D;D;D;N;M
D 08/03/2037;N;D;M;D;D;T
L 09/03/2037;N;O;M;D;D;T
M 10/03/2037;D;O;T;M;D;N
X 11/03/2037;D;O;T;M;D;N
J 12/03/2037;D;O;N;T;M;D
V 13/03/2037;D;O;N;T;M;D
S 14/03/2037;M;D;D;N;T;D
D 15/03/2037;M;D;D;N;T;D
L 16/03/2037;T;M;D;D;N;O
M 17/03/2037;T;M;D;D;N;O
X 18/03/2037;N;T;M;D;D;O
J 19/03/2037;N;T;M;D;D;O
V 20/03/2037;D;N;T;M;D;O
S 21/03/2037;D;N;T;M;D;D
D 22/03/2037;D;D;N;T;M;D
L 23/03/2037;D;D;N;T;M;O
M 24/03/2037;M;D;D;N;T;O
X 25/03/2037;M;D;D;N;T;O
J 26/03/2037;T;M;D;D;N;O
V 27/03/2037;T;M;D;D;N;O
S 28/03/2037;N;T;M;D;D;D
D 29/03/2037;N;T;M;D;D;D
L 30/03/2037;D;N;T;O;D;M
M 31/03/2037;D;N;T;O;O;M
X 01/04/2037;D;D;N;O;M;T
J 02/04/2037;O;D;N;O;M;T
V 03/04/2037;M;D;D;O;T;N
S 04/04/2037;M;D;D;D;T;N
D 05/04/2037;T;M;D;D;N;D
L 06/04/2037;T;M;O;O;N;D
M 07/04/2037;N;T;M;O;D;D
X 08/04/2037;N;T;M;O;D;O
J 09/04/2037;D;N;T;O;D;M
V 10/04/2037;D;N;T;O;O;M
S 11/04/2037;D;D;N;D;M;T
D 12/04/2037;D;D;N;D;M;T
L 13/04/2037;M;D;D;O;T;N
M 14/04/2037;M;O;D;O;T;N
X 15/04/2037;T;M;D;O;N;D
J 16/04/2037;T;M;O;O;N;D
V 17/04/2037;N;T;M;O;D;D
S 18/04/2037;N;T;M;D;D;D
D 19/04/2037;D;N;T;D;D;M
L 20/04/2037;D;N;T;O;O;M
M 21/04/2037;D;D;N;O;M;T
X 22/04/2037;O;D;N;O;M;T
J 23/04/2037;M;D;D;O;T;N
V 24/04/2037;M;O;D;O;T;N
S 25/04/2037;T;M;D;D;N;D
D 26/04/2037;T;M;D;D;N;D
L 27/04/2037;N;T;O;M;D;D
M 28/04/2037;N;T;O;M;D;O
X 29/04/2037;D;N;O;T;D;M
J 30/04/2037;D;N;O;T;D;M
V 01/05/2037;D;D;O;N;M;T
S 02/05/2037;D;D;D;N;M;T
D 03/05/2037;M;D;D;D;T;N
L 04/05/2037;M;O;O;D;T;N
M 05/05/2037;T;M;O;D;N;D
X 06/05/2037;T;M;O;O;N;D
J 07/05/2037;N;T;O;M;D;D
V 08/05/2037;N;T;O;M;D;D
S 09/05/2037;D;N;D;T;D;M
D 10/05/2037;D;N;D;T;D;M
L 11/05/2037;D;D;O;N;M;T
M 12/05/2037;O;D;O;N;M;T
X 13/05/2037;M;D;O;D;T;N
J 14/05/2037;M;D;O;D;T;N
V 15/05/2037;T;M;O;D;N;D
S 16/05/2037;T;M;D;D;N;D
D 17/05/2037;N;T;D;M;D;D
L 18/05/2037;N;T;O;M;D;O
M 19/05/2037;D;N;O;T;D;M
X 20/05/2037;D;N;O;T;O;M
J 21/05/2037;D;D;O;N;M;T
V 22/05/2037;O;D;O;N;M;T
S 23/05/2037;M;D;D;D;T;N
D 24/05/2037;M;D;D;D;T;N
L 25/05/2037;T;O;M;D;N;D
M 26/05/2037;T;O;M;O;N;D
X 27/05/2037;N;O;T;M;D;D
J 28/05/2037;N;O;T;M;D;O
V 29/05/2037;D;O;N;T;D;M
S 30/05/2037;D;D;N;T;D;M
D 31/05/2037;D;D;D;N;M;T
L 01/06/2037;D;O;D;N;M;T
M 02/06/2037;M;O;D;D;T;N
X 03/06/2037;M;O;O;D;T;N
J 04/06/2037;T;O;M;D;N;D
V 05/06/2037;T;O;M;O;N;D
S 06/06/2037;N;D;T;M;D;D
D 07/06/2037;N;D;T;M;D;D
L 08/06/2037;D;O;N;T;D;M
M 09/06/2037;D;O;N;T;D;M
X 10/06/2037;D;O;D;N;M;T
J 11/06/2037;D;O;D;N;M;T
V 12/06/2037;M;O;D;D;T;N
S 13/06/2037;M;D;D;D;T;N
D 14/06/2037;T;D;M;D;N;D
L 15/06/2037;T;O;M;D;N;D
M 16/06/2037;N;O;T;M;D;D
X 17/06/2037;N;O;T;M;D;D
J 18/06/2037;D;O;N;T;D;M
V 19/06/2037;D;O;N;T;D;M
S 20/06/2037;D;D;D;N;M;T
D 21/06/2037;D;D;D;N;M;T
L 22/06/2037;O;M;D;D;T;N
M 23/06/2037;O;M;D;D;T;N
X 24/06/2037;O;T;M;D;N;D
J 25/06/2037;O;T;M;D;N;D
V 26/06/2037;O;N;T;M;D;D
S 27/06/2037;D;N;T;M;D;D
D 28/06/2037;D;D;N;T;D;M
L 29/06/2037;O;D;N;T;D;M
M 30/06/2037;O;D;D;N;M;T
X 01/07/2037;O;D;D;N;M;T
J 02/07/2037;O;M;D;D;T;N
V 03/07/2037;O;M;D;D;T;N
S 04/07/2037;D;T;M;D;N;D
D 05/07/2037;D;T;M;D;N;D
L 06/07/2037;O;N;T;M;D;D
M 07/07/2037;O;N;T;M;D;D
X 08/07/2037;O;D;N;T;D;M
J 09/07/2037;O;D;N;T;D;M
V 10/07/2037;O;D;D;N;M;T
S 11/07/2037;D;D;D;N;M;T
D 12/07/2037;D;M;D;D;T;N
L 13/07/2037;O;M;D;D;T;N
M 14/07/2037;O;T;M;D;N;D
X 15/07/2037;O;T;M;D;N;D
J 16/07/2037;O;N;T;M;D;D
V 17/07/2037;O;N;T;M;D;D
S 18/07/2037;D;D;N;T;D;M
D 19/07/2037;D;D;N;T;D;M
L 20/07/2037;M;D;D;N;O;T
M 21/07/2037;M;D;D;N;O;T
X 22/07/2037;T;M;D;D;O;N
J 23/07/2037;T;M;D;D;O;N
V 24/07/2037;N;T;M;D;O;D
S 25/07/2037;N;T;M;D;D;D
D 26/07/2037;D;N;T;M;D;D
L 27/07/2037;D;N;T;M;O;D
M 28/07/2037;D;D;N;T;O;M
X 29/07/2037;D;D;N;T;O;M
J 30/07/2037;M;D;D;N;O;T
V 31/07/2037;M;D;D;N;O;T
S 01/08/2037;T;M;D;D;D;N
D 02/08/2037;T;M;D;D;D;N
L 03/08/2037;N;T;M;D;O;D
M 04/08/2037;N;T;M;O;O;D
X 05/08/2037;D;N;T;M;O;D
J 06/08/2037;D;N;T;M;O;O
V 07/08/2037;D;D;N;T;O;M
S 08/08/2037;D;D;N;T;D;M
D 09/08/2037;M;D;D;N;D;T
L 10/08/2037;M;O;D;N;O;T
M 11/08/2037;T;M;D;D;O;N
X 12/08/2037;T;M;O;D;O;N
J 13/08/2037;N;T;M;D;O;D
V 14/08/2037;N;T;M;O;O;D
S 15/08/2037;D;N;T;M;D;D
D 16/08/2037;D;N;T;M;D;D
L 17/08/2037;D;D;N;T;M;O
M 18/08/2037;O;D;N;T;M;O
X 19/08/2037;M;D;D;N;T;O
J 20/08/2037;M;O;D;N;T;O
V 21/08/2037;T;M;D;D;N;O
S 22/08/2037;T;M;D;D;N;D
D 23/08/2037;N;T;M;D;D;D
L 24/08/2037;N;T;M;O;D;O
M 25/08/2037;D;N;T;M;D;O
X 26/08/2037;D;N;T;M;O;O
J 27/08/2037;D;D;N;T;M;O
V 28/08/2037;O;D;N;T;M;O
S 29/08/2037;M;D;D;N;T;D
D 30/08/2037;M;D;D;N;T;D
L 31/08/2037;T;M;D;D;N;O
M 01/09/2037;T;M;O;D;N;O
X 02/09/2037;N;T;M;D;D;O
J 03/09/2037;N;T;M;O;D;O
V 04/09/2037;D;N;T;M;D;O
S 05/09/2037;D;N;T;M;D;D
D 06/09/2037;D;D;N;T;M;D
L 07/09/2037;O;D;N;T;M;O
M 08/09/2037;M;D;D;N;T;O
X 09/09/2037;M;O;D;N;T;O
J 10/09/2037;T;M;D;D;N;O
V 11/09/2037;T;M;O;D;N;O
S 12/09/2037;N;T;M;D;D;D
D 13/09/2037;N;T;M;D;D;D
L 14/09/2037;D;N;T;O;D;M
M 15/09/2037;D;N;T;O;D;M
X 16/09/2037;D;D;N;O;M;T
J 17/09/2037;D;D;N;O;M;T
V 18/09/2037;M;D;D;O;T;N
S 19/09/2037;M;D;D;D;T;N
D 20/09/2037;T;M;D;D;N;D
L 21/09/2037;T;M;D;O;N;D
M 22/09/2037;N;T;M;O;D;D
X 23/09/2037;N;T;M;O;D;D
J 24/09/2037;D;N;T;O;D;M
V 25/09/2037;D;N;T;O;D;M
S 26/09/2037;D;D;N;D;M;T
D 27/09/2037;D;D;N;D;M;T
L 28/09/2037;O;D;D;M;T;N
M 29/09/2037;O;D;D;M;T;N
X 30/09/2037;O;M;D;T;N;D
J 01/10/2037;O;M;D;T;N;D
V 02/10/2037;O;T;M;N;D;D
S 03/10/2037;D;T;M;N;D;D
D 04/10/2037;D;N;T;D;D;M
L 05/10/2037;O;N;T;D;D;M
M 06/10/2037;O;D;N;D;M;T
X 07/10/2037;O;D;N;D;M;T
J 08/10/2037;O;D;D;M;T;N
V 09/10/2037;O;D;D;M;T;N
S 10/10/2037;D;M;D;T;N;D
D 11/10/2037;D;M;D;T;N;D
L 12/10/2037;M;T;O;N;D;D
M 13/10/2037;M;T;O;N;D;D
X 14/10/2037;T;N;O;D;D;M
J 15/10/2037;T;N;O;D;D;M
V 16/10/2037;N;D;O;D;M;T
S 17/10/2037;N;D;D;D;M;T
D 18/10/2037;D;D;D;M;T;N
L 19/10/2037;D;D;O;M;T;N
M 20/10/2037;D;M;O;T;N;D
X 21/10/2037;D;M;O;T;N;D
J 22/10/2037;M;T;O;N;D;D
V 23/10/2037;M;T;O;N;D;D
S 24/10/2037;T;N;D;D;D;M
D 25/10/2037;T;N;D;D;D;M
L 26/10/2037;N;D;M;D;O;T
M 27/10/2037;N;D;M;D;O;T
X 28/10/2037;D;D;T;M;O;N
J 29/10/2037;D;D;T;M;O;N
V 30/10/2037;D;M;N;T;O;D
S 31/10/2037;D;M;N;T;D;D
D 01/11/2037;M;T;D;N;D;D
L 02/11/2037;M;T;D;N;O;D
M 03/11/2037;T;N;D;D;O;M
X 04/11/2037;T;N;D;D;O;M
J 05/11/2037;N;D;M;D;O;T
V 06/11/2037;N;D;M;D;O;T
S 07/11/2037;D;D;T;M;D;N
D 08/11/2037;D;D;T;M;D;N
L 09/11/2037;D;O;N;T;M;D
M 10/11/2037;D;O;N;T;M;D
X 11/11/2037;M;O;D;N;T;D
J 12/11/2037;M;O;D;N;T;D
V 13/11/2037;T;O;D;D;N;M
S 14/11/2037;T;D;D;D;N;M
D 15/11/2037;N;D;M;D;D;T
L 16/11/2037;N;O;M;D;D;T
M 17/11/2037;D;O;T;M;D;N
X 18/11/2037;D;O;T;M;D;N
J 19/11/2037;D;O;N;T;M;D
V 20/11/2037;D;O;N;T;M;D
S 21/11/2037;M;D;D;N;T;D
D 22/11/2037;M;D;D;N;T;D
L 23/11/2037;T;M;D;D;N;O
M 24/11/2037;T;M;D;D;N;O
X 25/11/2037;N;T;M;D;D;O
J 26/11/2037;N;T;M;D;D;O
V 27/11/2037;D;N;T;M;D;O
S 28/11/2037;D;N;T;M;D;D
D 29/11/2037;D;D;N;T;M;D
L 30/11/2037;D;D;N;T;M;O
M 01/12/2037;M;D;D;N;T;O
X 02/12/2037;M;D;D;N;T;O
J 03/12/2037;T;M;D;D;N;O
V 04/12/2037;T;M;D;D;N;O
S 05/12/2037;N;T;M;D;D;D
D 06/12/2037;N;T;M;D;D;D
L 07/12/2037;D;N;T;O;D;M
M 08/12/2037;D;N;T;O;D;M
X 09/12/2037;D;D;N;O;M;T
J 10/12/2037;D;D;N;O;M;T
V 11/12/2037;M;D;D;O;T;N
S 12/12/2037;M;D;D;D;T;N
D 13/12/2037;T;M;D;D;N;D
L 14/12/2037;T;M;D;O;N;D
M 15/12/2037;N;T;M;O;D;D
X 16/12/2037;N;T;M;O;D;D
J 17/12/2037;D;N;T;O;D;M
V 18/12/2037;D;N;T;O;D;M
S 19/12/2037;D;D;N;D;M;T
D 20/12/2037;D;D;N;D;M;T
L 21/12/2037;O;D;D;M;T;N
M 22/12/2037;O;D;D;M;T;N
X 23/12/2037;O;M;D;T;N;D
J 24/12/2037;O;M;D;T;N;D
V 25/12/2037;O;T;M;N;D;D
S 26/12/2037;D;T;M;N;D;D
D 27/12/2037;D;N;T;D;D;M
L 28/12/2037;O;N;T;D;D;M
M 29/12/2037;O;D;N;D;M;T
X 30/12/2037;O;D;N;D;M;T
J 31/12/2037;O;D;D;M;T;N
V 01/01/2038;O;D;D;M;T;N
S 02/01/2038;D;M;D;T;N;D
D 03/01/2038;D;M;D;T;N;D
L 04/01/2038;M;T;O;N;D;D
M 05/01/2038;M;T;O;N;D;D
X 06/01/2038;T;N;O;D;D;M
J 07/01/2038;T;N;O;D;D;M
V 08/01/2038;N;D;O;D;M;T
S 09/01/2038;N;D;D;D;M;T
D 10/01/2038;D;D;D;M;T;N
L 11/01/2038;D;D;O;M;T;N
M 12/01/2038;D;M;O;T;N;D
X 13/01/2038;D;M;O;T;N;D
J 14/01/2038;M;T;O;N;D;D
V 15/01/2038;M;T;O;N;D;D
S 16/01/2038;T;N;D;D;D;M
D 17/01/2038;T;N;D;D;D;M
L 18/01/2038;N;D;M;D;O;T
M 19/01/2038;N;D;M;D;O;T
X 20/01/2038;D;D;T;M;O;N
J 21/01/2038;D;D;T;M;O;N
V 22/01/2038;D;M;N;T;O;D
S 23/01/2038;D;M;N;T;D;D
D 24/01/2038;M;T;D;N;D;D
L 25/01/2038;M;T;D;N;O;D
M 26/01/2038;T;N;D;D;O;M
X 27/01/2038;T;N;D;D;O;M
J 28/01/2038;N;D;M;D;O;T
V 29/01/2038;N;D;M;D;O;T
S 30/01/2038;D;D;T;M;D;N
D 31/01/2038;D;D;T;M;D;N
L 01/02/2038;D;O;N;T;M;D
M 02/02/2038;D;O;N;T;M;D
X 03/02/2038;M;O;D;N;T;D
J 04/02/2038;M;O;D;N;T;D
V 05/02/2038;T;O;D;D;N;M
S 06/02/2038;T;D;D;D;N;M
D 07/02/2038;N;D;M;D;D;T
L 08/02/2038;N;O;M;D;D;T
M 09/02/2038;D;O;T;M;D;N
X 10/02/2038;D;O;T;M;D;N
J 11/02/2038;D;O;N;T;M;D
V 12/02/2038;D;O;N;T;M;D
S 13/02/2038;M;D;D;N;T;D
D 14/02/2038;M;D;D;N;T;D
L 15/02/2038;T;M;D;D;N;O
M 16/02/2038;T;M;D;D;N;O
X 17/02/2038;N;T;M;D;D;O
J 18/02/2038;N;T;M;D;D;O
V 19/02/2038;D;N;T;M;D;O
S 20/02/2038;D;N;T;M;D;D
D 21/02/2038;D;D;N;T;M;D
L 22/02/2038;D;D;N;T;M;O
M 23/02/2038;M;D;D;N;T;O
X 24/02/2038;M;D;D;N;T;O
J 25/02/2038;T;M;D;D;N;O
V 26/02/2038;T;M;D;D;N;O
S 27/02/2038;N;T;M;D;D;D
D 28/02/2038;N;T;M;D;D;D
L 01/03/2038;D;N;T;O;D;M
M 02/03/2038;D;N;T;O;D;M
X 03/03/2038;D;D;N;O;M;T
J 04/03/2038;D;D;N;O;M;T
V 05/03/2038;M;D;D;O;T;N
S 06/03/2038;M;D;D;D;T;N
D 07/03/2038;T;M;D;D;N;D
L 08/03/2038;T;M;D;O;N;D
M 09/03/2038;N;T;M;O;D;D
X 10/03/2038;N;T;M;O;D;D
J 11/03/2038;D;N;T;O;D;M
V 12/03/2038;D;N;T;O;D;M
S 13/03/2038;D;D;N;D;M;T
D 14/03/2038;D;D;N;D;M;T
L 15/03/2038;O;D;D;M;T;N
M 16/03/2038;O;D;D;M;T;N
X 17/03/2038;O;M;D;T;N;D
J 18/03/2038;O;M;D;T;N;D
V 19/03/2038;O;T;M;N;D;D
S 20/03/2038;D;T;M;N;D;D
D 21/03/2038;D;N;T;D;D;M
L 22/03/2038;O;N;T;D;D;M
M 23/03/2038;O;D;N;D;M;T
X 24/03/2038;O;D;N;D;M;T
J 25/03/2038;O;D;D;M;T;N
V 26/03/2038;O;D;D;M;T;N
S 27/03/2038;D;M;D;T;N;D
D 28/03/2038;D;M;D;T;N;D
L 29/03/2038;M;T;O;N;D;D
M 30/03/2038;M;T;O;N;D;D
X 31/03/2038;T;N;O;D;D;M
J 01/04/2038;T;N;O;D;D;M
V 02/04/2038;N;D;O;D;M;T
S 03/04/2038;N;D;D;D;M;T
D 04/04/2038;D;D;D;M;T;N
L 05/04/2038;D;D;O;M;T;N
M 06/04/2038;D;M;O;T;N;D
X 07/04/2038;D;M;O;T;N;D
J 08/04/2038;M;T;O;N;D;D
V 09/04/2038;M;T;O;N;D;D
S 10/04/2038;T;N;D;D;D;M
D 11/04/2038;T;N;D;D;D;M
L 12/04/2038;N;D;M;D;O;T
M 13/04/2038;N;D;M;D;O;T
X 14/04/2038;D;D;T;M;O;N
J 15/04/2038;D;D;T;M;O;N
V 16/04/2038;D;M;N;T;O;D
S 17/04/2038;D;M;N;T;D;D
D 18/04/2038;M;T;D;N;D;D
L 19/04/2038;M;T;D;N;O;D
M 20/04/2038;T;N;D;D;O;M
X 21/04/2038;T;N;D;D;O;M
J 22/04/2038;N;D;M;D;O;T
V 23/04/2038;N;D;M;D;O;T
S 24/04/2038;D;D;T;M;D;N
D 25/04/2038;D;D;T;M;D;N
L 26/04/2038;D;M;N;T;O;D
M 27/04/2038;D;M;N;T;O;D
X 28/04/2038;M;T;D;N;O;D
J 29/04/2038;M;T;D;N;O;D
V 30/04/2038;T;N;D;D;O;M
S 01/05/2038;T;N;D;D;D;M
D 02/05/2038;N;D;M;D;D;T
L 03/05/2038;N;D;M;D;O;T
M 04/05/2038;D;D;T;M;O;N
X 05/05/2038;D;D;T;M;O;N
J 06/05/2038;D;M;N;T;O;D
V 07/05/2038;D;M;N;T;O;D
S 08/05/2038;M;T;D;N;D;D
D 09/05/2038;M;T;D;N;D;D
L 10/05/2038;T;N;D;D;M;O
M 11/05/2038;T;N;D;D;M;O
X 12/05/2038;N;D;M;D;T;O
J 13/05/2038;N;D;M;D;T;O
V 14/05/2038;D;D;T;M;N;O
S 15/05/2038;D;D;T;M;N;D
D 16/05/2038;D;M;N;T;D;D
L 17/05/2038;D;M;N;T;D;O
M 18/05/2038;M;T;D;N;D;O
X 19/05/2038;M;T;D;N;D;O
J 20/05/2038;T;N;D;D;M;O
V 21/05/2038;T;N;D;D;M;O
S 22/05/2038;N;D;M;D;T;D
D 23/05/2038;N;D;M;D;T;D
L 24/05/2038;D;D;T;M;N;O
M 25/05/2038;D;D;T;M;N;O
X 26/05/2038;D;M;N;T;D;O
J 27/05/2038;D;M;N;T;D;O
V 28/05/2038;M;T;D;N;D;O
S 29/05/2038;M;T;D;N;D;D
D 30/05/2038;T;N;D;D;M;D
L 31/05/2038;T;N;D;D;M;O
M 01/06/2038;N;D;M;D;T;O
X 02/06/2038;N;D;M;D;T;O
J 03/06/2038;D;D;T;M;N;O
V 04/06/2038;D;D;T;M;N;O
S 05/06/2038;D;M;N;T;D;D
D 06/06/2038;D;M;N;T;D;D
L 07/06/2038;O;T;D;N;D;M
M 08/06/2038;O;T;D;N;D;M
X 09/06/2038;O;N;D;D;M;T
J 10/06/2038;O;N;D;D;M;T
V 11/06/2038;O;D;M;D;T;N
S 12/06/2038;D;D;M;D;T;N
D 13/06/2038;D;D;T;M;N;D
L 14/06/2038;O;D;T;M;N;D
M 15/06/2038;O;M;N;T;D;D
X 16/06/2038;O;M;N;T;D;D
J 17/06/2038;O;T;D;N;D;M
V 18/06/2038;O;T;D;N;D;M
S 19/06/2038;D;N;D;D;M;T
D 20/06/2038;D;N;D;D;M;T
L 21/06/2038;O;D;M;D;T;N
M 22/06/2038;O;D;M;D;T;N
X 23/06/2038;O;D;T;M;N;D
J 24/06/2038;O;D;T;M;N;D
V 25/06/2038;O;M;N;T;D;D
S 26/06/2038;D;M;N;T;D;D
D 27/06/2038;D;T;D;N;D;M
L 28/06/2038;O;T;D;N;D;M
M 29/06/2038;O;N;D;D;M;T
X 30/06/2038;O;N;D;D;M;T
J 01/07/2038;O;D;M;D;T;N
V 02/07/2038;O;D;M;D;T;N
S 03/07/2038;D;D;T;M;N;D
D 04/07/2038;D;D;T;M;N;D
L 05/07/2038;M;O;N;T;D;D
M 06/07/2038;M;O;N;T;D;D
X 07/07/2038;T;O;D;N;D;M
J 08/07/2038;T;O;D;N;D;M
V 09/07/2038;N;O;D;D;M;T
S 10/07/2038;N;D;D;D;M;T
D 11/07/2038;D;D;M;D;T;N
L 12/07/2038;D;O;M;D;T;N
M 13/07/2038;D;O;T;M;N;D
X 14/07/2038;D;O;T;M;N;D
J 15/07/2038;M;O;N;T;D;D
V 16/07/2038;M;O;N;T;D;D
S 17/07/2038;T;D;D;N;D;M
D 18/07/2038;T;D;D;N;D;M
L 19/07/2038;N;O;D;D;M;T
M 20/07/2038;N;O;D;D;M;T
X 21/07/2038;D;O;M;D;T;N
J 22/07/2038;D;O;M;D;T;N
V 23/07/2038;D;O;T;M;N;D
S 24/07/2038;D;D;T;M;N;D
D 25/07/2038;M;D;N;T;D;D
L 26/07/2038;M;O;N;T;D;D
M 27/07/2038;T;O;D;N;D;M
X 28/07/2038;T;O;D;N;D;M
J 29/07/2038;N;O;D;D;M;T
V 30/07/2038;N;O;D;D;M;T
S 31/07/2038;D;D;M;D;T;N
D 01/08/2038;D;D;M;D;T;N
L 02/08/2038;D;M;T;O;N;D
M 03/08/2038;D;M;T;O;N;D
X 04/08/2038;M;T;N;O;D;D
J 05/08/2038;M;T;N;O;D;D
V 06/08/2038;T;N;D;O;D;M
S 07/08/2038;T;N;D;D;D;M
D 08/08/2038;N;D;D;D;M;T
L 09/08/2038;N;D;D;O;M;T
M 10/08/2038;D;D;M;O;T;N
X 11/08/2038;D;D;M;O;T;N
J 12/08/2038;D;M;T;O;N;D
V 13/08/2038;D;M;T;O;N;D
S 14/08/2038;M;T;N;D;D;D
D 15/08/2038;M;T;N;D;D;D
L 16/08/2038;T;N;D;O;D;M
M 17/08/2038;T;N;D;O;D;M
X 18/08/2038;N;D;D;O;M;T
J 19/08/2038;N;D;D;O;M;T
V 20/08/2038;D;D;M;O;T;N
S 21/08/2038;D;D;M;D;T;N
D 22/08/2038;D;M;T;D;N;D
L 23/08/2038;D;M;T;O;N;D
M 24/08/2038;M;T;N;O;D;D
X 25/08/2038;M;T;N;O;D;D
J 26/08/2038;T;N;D;O;D;M
V 27/08/2038;T;N;D;O;D;M
S 28/08/2038;N;D;D;D;M;T
D 29/08/2038;N;D;D;D;M;T
L 30/08/2038;D;D;O;M;T;N
M 31/08/2038;D;D;O;M;T;N
X 01/09/2038;D;M;O;T;N;D
J 02/09/2038;D;M;O;T;N;D
V 03/09/2038;M;T;O;N;D;D
S 04/09/2038;M;T;D;N;D;D
D 05/09/2038;T;N;D;D;D;M
L 06/09/2038;T;N;O;D;D;M
M 07/09/2038;N;D;O;D;M;T
X 08/09/2038;N;D;O;D;M;T
J 09/09/2038;D;D;O;M;T;N
V 10/09/2038;D;D;O;M;T;N
S 11/09/2038;D;M;D;T;N;D
D 12/09/2038;D;M;D;T;N;D
L 13/09/2038;M;T;O;N;D;D
M 14/09/2038;M;T;O;N;D;D
X 15/09/2038;T;N;O;D;D;M
J 16/09/2038;T;N;O;D;D;M
V 17/09/2038;N;D;O;D;M;T
S 18/09/2038;N;D;D;D;M;T
D 19/09/2038;D;D;D;M;T;N
L 20/09/2038;D;D;O;M;T;N
M 21/09/2038;D;M;O;T;N;D
X 22/09/2038;D;M;O;T;N;D
J 23/09/2038;M;T;O;N;D;D
V 24/09/2038;M;T;O;N;D;D
S 25/09/2038;T;N;D;D;D;M
D 26/09/2038;T;N;D;D;D;M
L 27/09/2038;N;D;M;D;O;T
M 28/09/2038;N;D;M;D;O;T
X 29/09/2038;D;D;T;M;O;N
J 30/09/2038;D;D;T;M;O;N
V 01/10/2038;D;M;N;T;O;D
S 02/10/2038;D;M;N;T;D;D
D 03/10/2038;M;T;D;N;D;D
L 04/10/2038;M;T;D;N;O;D
M 05/10/2038;T;N;D;D;O;M
X 06/10/2038;T;N;D;D;O;M
J 07/10/2038;N;D;M;D;O;T
V 08/10/2038;N;D;M;D;O;T
S 09/10/2038;D;D;T;M;D;N
D 10/10/2038;D;D;T;M;D;N
L 11/10/2038;D;O;N;T;M;D
M 12/10/2038;D;O;N;T;M;D
X 13/10/2038;M;O;D;N;T;D
J 14/10/2038;M;O;D;N;T;D
V 15/10/2038;T;O;D;D;N;M
S 16/10/2038;T;D;D;D;N;M
D 17/10/2038;N;D;M;D;D;T
L 18/10/2038;N;O;M;D;D;T
M 19/10/2038;D;O;T;M;D;N
X 20/10/2038;D;O;T;M;D;N
J 21/10/2038;D;O;N;T;M;D
V 22/10/2038;D;O;N;T;M;D
S 23/10/2038;M;D;D;N;T;D
D 24/10/2038;M;D;D;N;T;D
L 25/10/2038;T;M;D;D;N;O
M 26/10/2038;T;M;D;D;N;O
X 27/10/2038;N;T;M;D;D;O
J 28/10/2038;N;T;M;D;D;O
V 29/10/2038;D;N;T;M;D;O
S 30/10/2038;D;N;T;M;D;D
D 31/10/2038;D;D;N;T;M;D
L 01/11/2038;D;D;N;T;M;O
M 02/11/2038;M;D;D;N;T;O
X 03/11/2038;M;D;D;N;T;O
J 04/11/2038;T;M;D;D;N;O
V 05/11/2038;T;M;D;D;N;O
S 06/11/2038;N;T;M;D;D;D
D 07/11/2038;N;T;M;D;D;D
L 08/11/2038;D;N;T;O;D;M
M 09/11/2038;D;N;T;O;D;M
X 10/11/2038;D;D;N;O;M;T
J 11/11/2038;D;D;N;O;M;T
V 12/11/2038;M;D;D;O;T;N
S 13/11/2038;M;D;D;D;T;N
D 14/11/2038;T;M;D;D;N;D
L 15/11/2038;T;M;D;O;N;D
M 16/11/2038;N;T;M;O;D;D
X 17/11/2038;N;T;M;O;D;D
J 18/11/2038;D;N;T;O;D;M
V 19/11/2038;D;N;T;O;D;M
S 20/11/2038;D;D;N;D;M;T
D 21/11/2038;D;D;N;D;M;T
L 22/11/2038;O;D;D;M;T;N
M 23/11/2038;O;D;D;M;T;N
X 24/11/2038;O;M;D;T;N;D
J 25/11/2038;O;M;D;T;N;D
V 26/11/2038;O;T;M;N;D;D
S 27/11/2038;D;T;M;N;D;D
D 28/11/2038;D;N;T;D;D;M
L 29/11/2038;O;N;T;D;D;M
M 30/11/2038;O;D;N;D;M;T
X 01/12/2038;O;D;N;D;M;T
J 02/12/2038;O;D;D;M;T;N
V 03/12/2038;O;D;D;M;T;N
S 04/12/2038;D;M;D;T;N;D
D 05/12/2038;D;M;D;T;N;D
L 06/12/2038;M;T;O;N;D;D
M 07/12/2038;M;T;O;N;D;D
X 08/12/2038;T;N;O;D;D;M
J 09/12/2038;T;N;O;D;D;M
V 10/12/2038;N;D;O;D;M;T
S 11/12/2038;N;D;D;D;M;T
D 12/12/2038;D;D;D;M;T;N
L 13/12/2038;D;D;O;M;T;N
M 14/12/2038;D;M;O;T;N;D
X 15/12/2038;D;M;O;T;N;D
J 16/12/2038;M;T;O;N;D;D
V 17/12/2038;M;T;O;N;D;D
S 18/12/2038;T;N;D;D;D;M
D 19/12/2038;T;N;D;D;D;M
L 20/12/2038;N;D;M;D;O;T
M 21/12/2038;N;D;M;D;O;T
X 22/12/2038;D;D;T;M;O;N
J 23/12/2038;D;D;T;M;O;N
V 24/12/2038;D;M;N;T;O;D
S 25/12/2038;D;M;N;T;D;D
D 26/12/2038;M;T;D;N;D;D
L 27/12/2038;M;T;D;N;O;D
M 28/12/2038;T;N;D;D;O;M
X 29/12/2038;T;N;D;D;O;M
J 30/12/2038;N;D;M;D;O;T
V 31/12/2038;N;D;M;D;O;T
S 01/01/2039;D;D;T;M;D;N
D 02/01/2039;D;D;T;M;D;N
L 03/01/2039;D;O;N;T;M;D
M 04/01/2039;D;O;N;T;M;D
X 05/01/2039;M;O;D;N;T;D
J 06/01/2039;M;O;D;N;T;D
V 07/01/2039;T;O;D;D;N;M
S 08/01/2039;T;D;D;D;N;M
D 09/01/2039;N;D;M;D;D;T
L 10/01/2039;N;O;M;D;D;T
M 11/01/2039;D;O;T;M;D;N
X 12/01/2039;D;O;T;M;D;N
J 13/01/2039;D;O;N;T;M;D
V 14/01/2039;D;O;N;T;M;D
S 15/01/2039;M;D;D;N;T;D
D 16/01/2039;M;D;D;N;T;D
L 17/01/2039;T;M;D;D;N;O
M 18/01/2039;T;M;D;D;N;O
X 19/01/2039;N;T;M;D;D;O
J 20/01/2039;N;T;M;D;D;O
V 21/01/2039;D;N;T;M;D;O
S 22/01/2039;D;N;T;M;D;D
D 23/01/2039;D;D;N;T;M;D
L 24/01/2039;D;D;N;T;M;O
M 25/01/2039;M;D;D;N;T;O
X 26/01/2039;M;D;D;N;T;O
J 27/01/2039;T;M;D;D;N;O
V 28/01/2039;T;M;D;D;N;O
S 29/01/2039;N;T;M;D;D;D
D 30/01/2039;N;T;M;D;D;D
L 31/01/2039;D;N;T;O;D;M
M 01/02/2039;D;N;T;O;D;M
X 02/02/2039;D;D;N;O;M;T
J 03/02/2039;D;D;N;O;M;T
V 04/02/2039;M;D;D;O;T;N
S 05/02/2039;M;D;D;D;T;N
D 06/02/2039;T;M;D;D;N;D
L 07/02/2039;T;M;D;O;N;D
M 08/02/2039;N;T;M;O;D;D
X 09/02/2039;N;T;M;O;D;D
J 10/02/2039;D;N;T;O;D;M
V 11/02/2039;D;N;T;O;D;M
S 12/02/2039;D;D;N;D;M;T
D 13/02/2039;D;D;N;D;M;T
L 14/02/2039;O;D;D;M;T;N
M 15/02/2039;O;D;D;M;T;N
X 16/02/2039;O;M;D;T;N;D
J 17/02/2039;O;M;D;T;N;D
V 18/02/2039;O;T;M;N;D;D
S 19/02/2039;D;T;M;N;D;D
D 20/02/2039;D;N;T;D;D;M
L 21/02/2039;O;N;T;D;D;M
M 22/02/2039;O;D;N;D;M;T
X 23/02/2039;O;D;N;D;M;T
J 24/02/2039;O;D;D;M;T;N
V 25/02/2039;O;D;D;M;T;N
S 26/02/2039;D;M;D;T;N;D
D 27/02/2039;D;M;D;T;N;D
L 28/02/2039;M;T;O;N;D;D
M 01/03/2039;M;T;O;N;D;D
X 02/03/2039;T;N;O;D;D;M
J 03/03/2039;T;N;O;D;D;M
V 04/03/2039;N;D;O;D;M;T
S 05/03/2039;N;D;D;D;M;T
D 06/03/2039;D;D;D;M;T;N
L 07/03/2039;D;D;O;M;T;N
M 08/03/2039;D;M;O;T;N;D
X 09/03/2039;D;M;O;T;N;D
J 10/03/2039;M;T;O;N;D;D
V 11/03/2039;M;T;O;N;D;D
S 12/03/2039;T;N;D;D;D;M
D 13/03/2039;T;N;D;D;D;M
L 14/03/2039;N;D;M;D;O;T
M 15/03/2039;N;D;M;D;O;T
X 16/03/2039;D;D;T;M;O;N
J 17/03/2039;D;D;T;M;O;N
V 18/03/2039;D;M;N;T;O;D
S 19/03/2039;D;M;N;T;D;D
D 20/03/2039;M;T;D;N;D;D
L 21/03/2039;M;T;D;N;O;D
M 22/03/2039;T;N;D;D;O;M
X 23/03/2039;T;N;D;D;O;M
J 24/03/2039;N;D;M;D;O;T
V 25/03/2039;N;D;M;D;O;T
S 26/03/2039;D;D;T;M;D;N
D 27/03/2039;D;D;T;M;D;N
L 28/03/2039;D;O;N;T;M;D
M 29/03/2039;D;O;N;T;M;D
X 30/03/2039;M;O;D;N;T;D
J 31/03/2039;M;O;D;N;T;D
V 01/04/2039;T;O;D;D;N;M
S 02/04/2039;T;D;D;D;N;M
D 03/04/2039;N;D;M;D;D;T
L 04/04/2039;N;O;M;D;D;T
M 05/04/2039;D;O;T;M;D;N
X 06/04/2039;D;O;T;M;D;N
J 07/04/2039;D;O;N;T;M;D
V 08/04/2039;D;O;N;T;M;D
S 09/04/2039;M;D;D;N;T;D
D 10/04/2039;M;D;D;N;T;D
L 11/04/2039;T;M;D;D;N;O
M 12/04/2039;T;M;D;D;N;O
X 13/04/2039;N;T;M;D;D;O
J 14/04/2039;N;T;M;D;D;O
V 15/04/2039;D;N;T;M;D;O
S 16/04/2039;D;N;T;M;D;D
D 17/04/2039;D;D;N;T;M;D
L 18/04/2039;D;D;N;T;M;O
M 19/04/2039;M;D;D;N;T;O
X 20/04/2039;M;D;D;N;T;O
J 21/04/2039;T;M;D;D;N;O
V 22/04/2039;T;M;D;D;N;O
S 23/04/2039;N;T;M;D;D;D
D 24/04/2039;N;T;M;D;D;D
L 25/04/2039;D;N;T;M;D;O
M 26/04/2039;D;N;T;M;D;O
X 27/04/2039;D;D;N;T;M;O
J 28/04/2039;D;D;N;T;M;O
V 29/04/2039;M;D;D;N;T;O
S 30/04/2039;M;D;D;N;T;D
D 01/05/2039;T;M;D;D;N;D
L 02/05/2039;T;M;D;D;N;O
M 03/05/2039;N;T;M;D;D;O
X 04/05/2039;N;T;M;D;D;O
J 05/05/2039;D;N;T;M;D;O
V 06/05/2039;D;N;T;M;D;O
S 07/05/2039;D;D;N;T;M;D
D 08/05/2039;D;D;N;T;M;D
L 09/05/2039;O;D;D;N;T;M
M 10/05/2039;O;D;D;N;T;M
X 11/05/2039;O;M;D;D;N;T
J 12/05/2039;O;M;D;D;N;T
V 13/05/2039;O;T;M;D;D;N
S 14/05/2039;D;T;M;D;D;N
D 15/05/2039;D;N;T;M;D;D
L 16/05/2039;O;N;T;M;D;D
M 17/05/2039;O;D;N;T;M;D
X 18/05/2039;O;D;N;T;M;D
J 19/05/2039;O;D;D;N;T;M
V 20/05/2039;O;D;D;N;T;M
S 21/05/2039;D;M;D;D;N;T
D 22/05/2039;D;M;D;D;N;T
L 23/05/2039;O;T;M;D;D;N
M 24/05/2039;O;T;M;D;D;N
X 25/05/2039;O;N;T;M;D;D
J 26/05/2039;O;N;T;M;D;D
V 27/05/2039;O;D;N;T;M;D
S 28/05/2039;D;D;N;T;M;D
D 29/05/2039;D;D;D;N;T;M
L 30/05/2039;O;D;D;N;T;M
M 31/05/2039;O;M;D;D;N;T
X 01/06/2039;O;M;D;D;N;T
J 02/06/2039;O;T;M;D;D;N
V 03/06/2039;O;T;M;D;D;N
S 04/06/2039;D;N;T;M;D;D
D 05/06/2039;D;N;T;M;D;D
L 06/06/2039;M;D;N;T;O;D
M 07/06/2039;M;D;N;T;O;D
X 08/06/2039;T;D;D;N;O;M
J 09/06/2039;T;D;D;N;O;M
V 10/06/2039;N;M;D;D;O;T
S 11/06/2039;N;M;D;D;D;T
D 12/06/2039;D;T;M;D;D;N
L 13/06/2039;D;T;M;D;O;N
M 14/06/2039;D;N;T;M;O;D
X 15/06/2039;D;N;T;M;O;D
J 16/06/2039;M;D;N;T;O;D
V 17/06/2039;M;D;N;T;O;D
S 18/06/2039;T;D;D;N;D;M
D 19/06/2039;T;D;D;N;D;M
L 20/06/2039;N;M;D;D;O;T
M 21/06/2039;N;M;D;D;O;T
X 22/06/2039;D;T;M;D;O;N
J 23/06/2039;D;T;M;D;O;N
V 24/06/2039;D;N;T;M;O;D
S 25/06/2039;D;N;T;M;D;D
D 26/06/2039;M;D;N;T;D;D
L 27/06/2039;M;D;N;T;O;D
M 28/06/2039;T;D;D;N;O;M
X 29/06/2039;T;D;D;N;O;M
J 30/06/2039;N;M;D;D;O;T
V 01/07/2039;N;M;D;D;O;T
S 02/07/2039;D;T;M;D;D;N
D 03/07/2039;D;T;M;D;D;N
L 04/07/2039;D;N;T;O;M;D
M 05/07/2039;D;N;T;O;M;D
X 06/07/2039;M;D;N;O;T;D
J 07/07/2039;M;D;N;O;T;D
V 08/07/2039;T;D;D;O;N;M
S 09/07/2039;T;D;D;D;N;M
D 10/07/2039;N;M;D;D;D;T
L 11/07/2039;N;M;D;O;D;T
M 12/07/2039;D;T;M;O;D;N
X 13/07/2039;D;T;M;O;D;N
J 14/07/2039;D;N;T;O;M;D
V 15/07/2039;D;N;T;O;M;D
S 16/07/2039;M;D;N;D;T;D
D 17/07/2039;M;D;N;D;T;D
L 18/07/2039;T;D;D;O;N;M
M 19/07/2039;T;D;D;O;N;M
X 20/07/2039;N;M;D;O;D;T
J 21/07/2039;N;M;D;O;D;T
V 22/07/2039;D;T;M;O;D;N
S 23/07/2039;D;T;M;D;D;N
D 24/07/2039;D;N;T;D;M;D
L 25/07/2039;D;N;T;O;M;D
M 26/07/2039;M;D;N;O;T;D
X 27/07/2039;M;D;N;O;T;D
J 28/07/2039;T;D;D;O;N;M
V 29/07/2039;T;D;D;O;N;M
S 30/07/2039;N;M;D;D;D;T
D 31/07/2039;N;M;D;D;D;T
L 01/08/2039;D;T;O;M;D;N
M 02/08/2039;D;T;O;M;D;N
X 03/08/2039;D;N;O;T;M;D
J 04/08/2039;D;N;O;T;M;D
V 05/08/2039;M;D;O;N;T;D
S 06/08/2039;M;D;D;N;T;D
D 07/08/2039;T;D;D;D;N;M
L 08/08/2039;T;D;O;D;N;M
M 09/08/2039;N;M;O;D;D;T
X 10/08/2039;N;M;O;D;D;T
J 11/08/2039;D;T;O;M;D;N
V 12/08/2039;D;T;O;M;D;N
S 13/08/2039;D;N;D;T;M;D
D 14/08/2039;D;N;D;T;M;D
L 15/08/2039;M;D;O;N;T;D
M 16/08/2039;M;D;O;N;T;D
X 17/08/2039;T;D;O;D;N;M
J 18/08/2039;T;D;O;D;N;M
V 19/08/2039;N;M;O;D;D;T
S 20/08/2039;N;M;D;D;D;T
D 21/08/2039;D;T;D;M;D;N
L 22/08/2039;D;T;O;M;D;N
M 23/08/2039;D;N;O;T;M;D
X 24/08/2039;D;N;O;T;M;D
J 25/08/2039;M;D;O;N;T;D
V 26/08/2039;M;D;O;N;T;D
S 27/08/2039;T;D;D;D;N;M
D 28/08/2039;T;D;D;D;N;M
L 29/08/2039;N;O;M;D;D;T
M 30/08/2039;N;O;M;D;D;T
X 31/08/2039;D;O;T;M;D;N
J 01/09/2039;D;O;T;M;D;N
V 02/09/2039;D;O;N;T;M;D
S 03/09/2039;D;D;N;T;M;D
D 04/09/2039;M;D;D;N;T;D
L 05/09/2039;M;O;D;N;T;D
M 06/09/2039;T;O;D;D;N;M
X 07/09/2039;T;O;D;D;N;M
J 08/09/2039;N;O;M;D;D;T
V 09/09/2039;N;O;M;D;D;T
S 10/09/2039;D;D;T;M;D;N
D 11/09/2039;D;D;T;M;D;N
L 12/09/2039;D;O;N;T;M;D
M 13/09/2039;D;O;N;T;M;D
X 14/09/2039;M;O;D;N;T;D
J 15/09/2039;M;O;D;N;T;D
V 16/09/2039;T;O;D;D;N;M
S 17/09/2039;T;D;D;D;N;M
D 18/09/2039;N;D;M;D;D;T
L 19/09/2039;N;O;M;D;D;T
M 20/09/2039;D;O;T;M;D;N
X 21/09/2039;D;O;T;M;D;N
J 22/09/2039;D;O;N;T;M;D
V 23/09/2039;D;O;N;T;M;D
S 24/09/2039;M;D;D;N;T;D
D 25/09/2039;M;D;D;N;T;D
L 26/09/2039;T;M;D;D;N;O
M 27/09/2039;T;M;D;D;N;O
X 28/09/2039;N;T;M;D;D;O
J 29/09/2039;N;T;M;D;D;O
V 30/09/2039;D;N;T;M;D;O
S 01/10/2039;D;N;T;M;D;D
D 02/10/2039;D;D;N;T;M;D
L 03/10/2039;D;D;N;T;M;O
M 04/10/2039;M;D;D;N;T;O
X 05/10/2039;M;D;D;N;T;O
J 06/10/2039;T;M;D;D;N;O
V 07/10/2039;T;M;D;D;N;O
S 08/10/2039;N;T;M;D;D;D
D 09/10/2039;N;T;M;D;D;D
L 10/10/2039;D;N;T;O;D;M
M 11/10/2039;D;N;T;O;D;M
X 12/10/2039;D;D;N;O;M;T
J 13/10/2039;D;D;N;O;M;T
V 14/10/2039;M;D;D;O;T;N
S 15/10/2039;M;D;D;D;T;N
D 16/10/2039;T;M;D;D;N;D
L 17/10/2039;T;M;D;O;N;D
M 18/10/2039;N;T;M;O;D;D
X 19/10/2039;N;T;M;O;D;D
J 20/10/2039;D;N;T;O;D;M
V 21/10/2039;D;N;T;O;D;M
S 22/10/2039;D;D;N;D;M;T
D 23/10/2039;D;D;N;D;M;T
L 24/10/2039;O;D;D;M;T;N
M 25/10/2039;O;D;D;M;T;N
X 26/10/2039;O;M;D;T;N;D
J 27/10/2039;O;M;D;T;N;D
V 28/10/2039;O;T;M;N;D;D
S 29/10/2039;D;T;M;N;D;D
D 30/10/2039;D;N;T;D;D;M
L 31/10/2039;O;N;T;D;D;M
M 01/11/2039;O;D;N;D;M;T
X 02/11/2039;O;D;N;D;M;T
J 03/11/2039;O;D;D;M;T;N
V 04/11/2039;O;D;D;M;T;N
S 05/11/2039;D;M;D;T;N;D
D 06/11/2039;D;M;D;T;N;D
L 07/11/2039;M;T;O;N;D;D
M 08/11/2039;M;T;O;N;D;D
X 09/11/2039;T;N;O;D;D;M
J 10/11/2039;T;N;O;D;D;M
V 11/11/2039;N;D;O;D;M;T
S 12/11/2039;N;D;D;D;M;T
D 13/11/2039;D;D;D;M;T;N
L 14/11/2039;D;D;O;M;T;N
M 15/11/2039;D;M;O;T;N;D
X 16/11/2039;D;M;O;T;N;D
J 17/11/2039;M;T;O;N;D;D
V 18/11/2039;M;T;O;N;D;D
S 19/11/2039;T;N;D;D;D;M
D 20/11/2039;T;N;D;D;D;M
L 21/11/2039;N;D;M;D;O;T
M 22/11/2039;N;D;M;D;O;T
X 23/11/2039;D;D;T;M;O;N
J 24/11/2039;D;D;T;M;O;N
V 25/11/2039;D;M;N;T;O;D
S 26/11/2039;D;M;N;T;D;D
D 27/11/2039;M;T;D;N;D;D
L 28/11/2039;M;T;D;N;O;D
M 29/11/2039;T;N;D;D;O;M
X 30/11/2039;T;N;D;D;O;M
J 01/12/2039;N;D;M;D;O;T
V 02/12/2039;N;D;M;D;O;T
S 03/12/2039;D;D;T;M;D;N
D 04/12/2039;D;D;T;M;D;N
L 05/12/2039;D;O;N;T;M;D
M 06/12/2039;D;O;N;T;M;D
X 07/12/2039;M;O;D;N;T;D
J 08/12/2039;M;O;D;N;T;D
V 09/12/2039;T;O;D;D;N;M
S 10/12/2039;T;D;D;D;N;M
D 11/12/2039;N;D;M;D;D;T
L 12/12/2039;N;O;M;D;D;T
M 13/12/2039;D;O;T;M;D;N
X 14/12/2039;D;O;T;M;D;N
J 15/12/2039;D;O;N;T;M;D
V 16/12/2039;D;O;N;T;M;D
S 17/12/2039;M;D;D;N;T;D
D 18/12/2039;M;D;D;N;T;D
L 19/12/2039;T;M;D;D;N;O
M 20/12/2039;T;M;D;D;N;O
X 21/12/2039;N;T;M;D;D;O
J 22/12/2039;N;T;M;D;D;O
V 23/12/2039;D;N;T;M;D;O
S 24/12/2039;D;N;T;M;D;D
D 25/12/2039;D;D;N;T;M;D
L 26/12/2039;D;D;N;T;M;O
M 27/12/2039;M;D;D;N;T;O
X 28/12/2039;M;D;D;N;T;O
J 29/12/2039;T;M;D;D;N;O
V 30/12/2039;T;M;D;D;N;O
S 31/12/2039;N;T;M;D;D;D
D 01/01/2040;N;T;M;D;D;D
L 02/01/2040;D;N;T;O;D;M
M 03/01/2040;D;N;T;O;D;M
X 04/01/2040;D;D;N;O;M;T
J 05/01/2040;D;D;N;O;M;T
V 06/01/2040;M;D;D;O;T;N
S 07/01/2040;M;D;D;D;T;N
D 08/01/2040;T;M;D;D;N;D
L 09/01/2040;T;M;D;O;N;D
M 10/01/2040;N;T;M;O;D;D
X 11/01/2040;N;T;M;O;D;D
J 12/01/2040;D;N;T;O;D;M
V 13/01/2040;D;N;T;O;D;M
S 14/01/2040;D;D;N;D;M;T
D 15/01/2040;D;D;N;D;M;T
L 16/01/2040;O;D;D;M;T;N
M 17/01/2040;O;D;D;M;T;N
X 18/01/2040;O;M;D;T;N;D
J 19/01/2040;O;M;D;T;N;D
V 20/01/2040;O;T;M;N;D;D
S 21/01/2040;D;T;M;N;D;D
D 22/01/2040;D;N;T;D;D;M
L 23/01/2040;O;N;T;D;D;M
M 24/01/2040;O;D;N;D;M;T
X 25/01/2040;O;D;N;D;M;T
J 26/01/2040;O;D;D;M;T;N
V 27/01/2040;O;D;D;M;T;N
S 28/01/2040;D;M;D;T;N;D
D 29/01/2040;D;M;D;T;N;D
L 30/01/2040;M;T;O;N;D;D
M 31/01/2040;M;T;O;N;D;D
X 01/02/2040;T;N;O;D;D;M
J 02/02/2040;T;N;O;D;D;M
V 03/02/2040;N;D;O;D;M;T
S 04/02/2040;N;D;D;D;M;T
D 05/02/2040;D;D;D;M;T;N
L 06/02/2040;D;D;O;M;T;N
M 07/02/2040;D;M;O;T;N;D
X 08/02/2040;D;M;O;T;N;D
J 09/02/2040;M;T;O;N;D;D
V 10/02/2040;M;T;O;N;D;D
S 11/02/2040;T;N;D;D;D;M
D 12/02/2040;T;N;D;D;D;M
L 13/02/2040;N;D;M;D;O;T
M 14/02/2040;N;D;M;D;O;T
X 15/02/2040;D;D;T;M;O;N
J 16/02/2040;D;D;T;M;O;N
V 17/02/2040;D;M;N;T;O;D
S 18/02/2040;D;M;N;T;D;D
D 19/02/2040;M;T;D;N;D;D
L 20/02/2040;M;T;D;N;O;D
M 21/02/2040;T;N;D;D;O;M
X 22/02/2040;T;N;D;D;O;M
J 23/02/2040;N;D;M;D;O;T
V 24/02/2040;N;D;M;D;O;T
S 25/02/2040;D;D;T;M;D;N
D 26/02/2040;D;D;T;M;D;N
L 27/02/2040;D;O;N;T;M;D
M 28/02/2040;D;O;N;T;M;D
X 29/02/2040;M;O;D;N;T;D
J 01/03/2040;M;O;D;N;T;D
V 02/03/2040;T;O;D;D;N;M
S 03/03/2040;T;D;D;D;N;M
D 04/03/2040;N;D;M;D;D;T
L 05/03/2040;N;O;M;D;D;T
M 06/03/2040;D;O;T;M;D;N
X 07/03/2040;D;O;T;M;D;N
J 08/03/2040;D;O;N;T;M;D
V 09/03/2040;D;O;N;T;M;D
S 10/03/2040;M;D;D;N;T;D
D 11/03/2040;M;D;D;N;T;D
L 12/03/2040;T;M;D;D;N;O
M 13/03/2040;T;M;D;D;N;O
X 14/03/2040;N;T;M;D;D;O
J 15/03/2040;N;T;M;D;D;O
V 16/03/2040;D;N;T;M;D;O
S 17/03/2040;D;N;T;M;D;D
D 18/03/2040;D;D;N;T;M;D
L 19/03/2040;D;D;N;T;M;O
M 20/03/2040;M;D;D;N;T;O
X 21/03/2040;M;D;D;N;T;O
J 22/03/2040;T;M;D;D;N;O
V 23/03/2040;T;M;D;D;N;O
S 24/03/2040;N;T;M;D;D;D
D 25/03/2040;N;T;M;D;D;D
L 26/03/2040;D;N;T;O;D;M
M 27/03/2040;D;N;T;O;D;M
X 28/03/2040;D;D;N;O;M;T
J 29/03/2040;D;D;N;O;M;T
V 30/03/2040;M;D;D;O;T;N
S 31/03/2040;M;D;D;D;T;N
D 01/04/2040;T;M;D;D;N;D
L 02/04/2040;T;M;D;O;N;D
M 03/04/2040;N;T;M;O;D;D
X 04/04/2040;N;T;M;O;D;D
J 05/04/2040;D;N;T;O;D;M
V 06/04/2040;D;N;T;O;D;M
S 07/04/2040;D;D;N;D;M;T
D 08/04/2040;D;D;N;D;M;T
L 09/04/2040;O;D;D;M;T;N
M 10/04/2040;O;D;D;M;T;N
X 11/04/2040;O;M;D;T;N;D
J 12/04/2040;O;M;D;T;N;D
V 13/04/2040;O;T;M;N;D;D
S 14/04/2040;D;T;M;N;D;D
D 15/04/2040;D;N;T;D;D;M
L 16/04/2040;O;N;T;D;D;M
M 17/04/2040;O;D;N;D;M;T
X 18/04/2040;O;D;N;D;M;T
J 19/04/2040;O;D;D;M;T;N
V 20/04/2040;O;D;D;M;T;N
S 21/04/2040;D;M;D;T;N;D
D 22/04/2040;D;M;D;T;N;D
L 23/04/2040;O;T;M;N;D;D
M 24/04/2040;O;T;M;N;D;D
X 25/04/2040;O;N;T;D;D;M
J 26/04/2040;O;N;T;D;D;M
V 27/04/2040;O;D;N;D;M;T
S 28/04/2040;D;D;N;D;M;T
D 29/04/2040;D;D;D;M;T;N
L 30/04/2040;O;D;D;M;T;N
M 01/05/2040;O;M;D;T;N;D
X 02/05/2040;O;M;D;T;N;D
J 03/05/2040;O;T;M;N;D;D
V 04/05/2040;O;T;M;N;D;D
S 05/05/2040;D;N;T;D;D;M
D 06/05/2040;D;N;T;D;D;M
L 07/05/2040;M;D;N;D;O;T
M 08/05/2040;M;D;N;D;O;T
X 09/05/2040;T;D;D;M;O;N
J 10/05/2040;T;D;D;M;O;N
V 11/05/2040;N;M;D;T;O;D
S 12/05/2040;N;M;D;T;D;D
D 13/05/2040;D;T;M;N;D;D
L 14/05/2040;D;T;M;N;O;D
M 15/05/2040;D;N;T;D;O;M
X 16/05/2040;D;N;T;D;O;M
J 17/05/2040;M;D;N;D;O;T
V 18/05/2040;M;D;N;D;O;T
S 19/05/2040;T;D;D;M;D;N
D 20/05/2040;T;D;D;M;D;N
L 21/05/2040;N;M;D;T;O;D
M 22/05/2040;N;M;D;T;O;D
X 23/05/2040;D;T;M;N;O;D
J 24/05/2040;D;T;M;N;O;D
V 25/05/2040;D;N;T;D;O;M
S 26/05/2040;D;N;T;D;D;M
D 27/05/2040;M;D;N;D;D;T
L 28/05/2040;M;D;N;D;O;T
M 29/05/2040;T;D;D;M;O;N
X 30/05/2040;T;D;D;M;O;N
J 31/05/2040;N;M;D;T;O;D
V 01/06/2040;N;M;D;T;O;D
S 02/06/2040;D;T;M;N;D;D
D 03/06/2040;D;T;M;N;D;D
L 04/06/2040;D;N;T;D;M;O
M 05/06/2040;D;N;T;D;M;O
X 06/06/2040;M;D;N;D;T;O
J 07/06/2040;M;D;N;D;T;O
V 08/06/2040;T;D;D;M;N;O
S 09/06/2040;T;D;D;M;N;D
D 10/06/2040;N;M;D;T;D;D
L 11/06/2040;N;M;D;T;D;O
M 12/06/2040;D;T;M;N;D;O
X 13/06/2040;D;T;M;N;D;O
J 14/06/2040;D;N;T;D;M;O
V 15/06/2040;D;N;T;D;M;O
S 16/06/2040;M;D;N;D;T;D
D 17/06/2040;M;D;N;D;T;D
L 18/06/2040;T;D;D;M;N;O
M 19/06/2040;T;D;D;M;N;O
X 20/06/2040;N;M;D;T;D;O
J 21/06/2040;N;M;D;T;D;O
V 22/06/2040;D;T;M;N;D;O
S 23/06/2040;D;T;M;N;D;D
D 24/06/2040;D;N;T;D;M;D
L 25/06/2040;D;N;T;D;M;O
M 26/06/2040;M;D;N;D;T;O
X 27/06/2040;M;D;N;D;T;O
J 28/06/2040;T;D;D;M;N;O
V 29/06/2040;T;D;D;M;N;O
S 30/06/2040;N;M;D;T;D;D
D 01/07/2040;N;M;D;T;D;D
L 02/07/2040;D;T;O;N;D;M
M 03/07/2040;D;T;O;N;D;M
X 04/07/2040;D;N;O;D;M;T
J 05/07/2040;D;N;O;D;M;T
V 06/07/2040;M;D;O;D;T;N
S 07/07/2040;M;D;D;D;T;N
D 08/07/2040;T;D;D;M;N;D
L 09/07/2040;T;D;O;M;N;D
M 10/07/2040;N;M;O;T;D;D
X 11/07/2040;N;M;O;T;D;D
J 12/07/2040;D;T;O;N;D;M
V 13/07/2040;D;T;O;N;D;M
S 14/07/2040;D;N;D;D;M;T
D 15/07/2040;D;N;D;D;M;T
L 16/07/2040;M;D;O;D;T;N
M 17/07/2040;M;D;O;D;T;N
X 18/07/2040;T;D;O;M;N;D
J 19/07/2040;T;D;O;M;N;D
V 20/07/2040;N;M;O;T;D;D
S 21/07/2040;N;M;D;T;D;D
D 22/07/2040;D;T;D;N;D;M
L 23/07/2040;D;T;O;N;D;M
M 24/07/2040;D;N;O;D;M;T
X 25/07/2040;D;N;O;D;M;T
J 26/07/2040;M;D;O;D;T;N
V 27/07/2040;M;D;O;D;T;N
S 28/07/2040;T;D;D;M;N;D
D 29/07/2040;T;D;D;M;N;D
L 30/07/2040;N;O;M;T;D;D
M 31/07/2040;N;O;M;T;D;D
X 01/08/2040;D;O;T;N;D;M
J 02/08/2040;D;O;T;N;D;M
V 03/08/2040;D;O;N;D;M;T
S 04/08/2040;D;D;N;D;M;T
D 05/08/2040;M;D;D;D;T;N
L 06/08/2040;M;O;D;D;T;N
M 07/08/2040;T;O;D;M;N;D
X 08/08/2040;T;O;D;M;N;D
J 09/08/2040;N;O;M;T;D;D
V 10/08/2040;N;O;M;T;D;D
S 11/08/2040;D;D;T;N;D;M
D 12/08/2040;D;D;T;N;D;M
L 13/08/2040;D;O;N;D;M;T
M 14/08/2040;D;O;N;D;M;T
X 15/08/2040;M;O;D;D;T;N
J 16/08/2040;M;O;D;D;T;N
V 17/08/2040;T;O;D;M;N;D
S 18/08/2040;T;D;D;M;N;D
D 19/08/2040;N;D;M;T;D;D
L 20/08/2040;N;O;M;T;D;D
M 21/08/2040;D;O;T;N;D;M
X 22/08/2040;D;O;T;N;D;M
J 23/08/2040;D;O;N;D;M;T
V 24/08/2040;D;O;N;D;M;T
S 25/08/2040;M;D;D;D;T;N
D 26/08/2040;M;D;D;D;T;N
L 27/08/2040;T;M;D;O;N;D
M 28/08/2040;T;M;D;O;N;D
X 29/08/2040;N;T;M;O;D;D
J 30/08/2040;N;T;M;O;D;D
V 31/08/2040;D;N;T;O;D;M
S 01/09/2040;D;N;T;D;D;M
D 02/09/2040;D;D;N;D;M;T
L 03/09/2040;D;D;N;O;M;T
M 04/09/2040;M;D;D;O;T;N
X 05/09/2040;M;D;D;O;T;N
J 06/09/2040;T;M;D;O;N;D
V 07/09/2040;T;M;D;O;N;D
S 08/09/2040;N;T;M;D;D;D
D 09/09/2040;N;T;M;D;D;D
L 10/09/2040;D;N;T;O;D;M
M 11/09/2040;D;N;T;O;D;M
X 12/09/2040;D;D;N;O;M;T
J 13/09/2040;D;D;N;O;M;T
V 14/09/2040;M;D;D;O;T;N
S 15/09/2040;M;D;D;D;T;N
D 16/09/2040;T;M;D;D;N;D
L 17/09/2040;T;M;D;O;N;D
M 18/09/2040;N;T;M;O;D;D
X 19/09/2040;N;T;M;O;D;D
J 20/09/2040;D;N;T;O;D;M
V 21/09/2040;D;N;T;O;D;M
S 22/09/2040;D;D;N;D;M;T
D 23/09/2040;D;D;N;D;M;T
L 24/09/2040;O;D;D;M;T;N
M 25/09/2040;O;D;D;M;T;N
X 26/09/2040;O;M;D;T;N;D
J 27/09/2040;O;M;D;T;N;D
V 28/09/2040;O;T;M;N;D;D
S 29/09/2040;D;T;M;N;D;D
D 30/09/2040;D;N;T;D;D;M
L 01/10/2040;O;N;T;D;D;M
M 02/10/2040;O;D;N;D;M;T
X 03/10/2040;O;D;N;D;M;T
J 04/10/2040;O;D;D;M;T;N
V 05/10/2040;O;D;D;M;T;N
S 06/10/2040;D;M;D;T;N;D
D 07/10/2040;D;M;D;T;N;D
L 08/10/2040;M;T;O;N;D;D
M 09/10/2040;M;T;O;N;D;D
X 10/10/2040;T;N;O;D;D;M
J 11/10/2040;T;N;O;D;D;M
V 12/10/2040;N;D;O;D;M;T
S 13/10/2040;N;D;D;D;M;T
D 14/10/2040;D;D;D;M;T;N
L 15/10/2040;D;D;O;M;T;N
M 16/10/2040;D;M;O;T;N;D
X 17/10/2040;D;M;O;T;N;D
J 18/10/2040;M;T;O;N;D;D
V 19/10/2040;M;T;O;N;D;D
S 20/10/2040;T;N;D;D;D;M
D 21/10/2040;T;N;D;D;D;M
L 22/10/2040;N;D;M;D;O;T
M 23/10/2040;N;D;M;D;O;T
X 24/10/2040;D;D;T;M;O;N
J 25/10/2040;D;D;T;M;O;N
V 26/10/2040;D;M;N;T;O;D
S 27/10/2040;D;M;N;T;D;D
D 28/10/2040;M;T;D;N;D;D
L 29/10/2040;M;T;D;N;O;D
M 30/10/2040;T;N;D;D;O;M
X 31/10/2040;T;N;D;D;O;M
J 01/11/2040;N;D;M;D;O;T
V 02/11/2040;N;D;M;D;O;T
S 03/11/2040;D;D;T;M;D;N
D 04/11/2040;D;D;T;M;D;N
L 05/11/2040;D;O;N;T;M;D
M 06/11/2040;D;O;N;T;M;D
X 07/11/2040;M;O;D;N;T;D
J 08/11/2040;M;O;D;N;T;D
V 09/11/2040;T;O;D;D;N;M
S 10/11/2040;T;D;D;D;N;M
D 11/11/2040;N;D;M;D;D;T
L 12/11/2040;N;O;M;D;D;T
M 13/11/2040;D;O;T;M;D;N
X 14/11/2040;D;O;T;M;D;N
J 15/11/2040;D;O;N;T;M;D
V 16/11/2040;D;O;N;T;M;D
S 17/11/2040;M;D;D;N;T;D
D 18/11/2040;M;D;D;N;T;D
L 19/11/2040;T;M;D;D;N;O
M 20/11/2040;T;M;D;D;N;O
X 21/11/2040;N;T;M;D;D;O
J 22/11/2040;N;T;M;D;D;O
V 23/11/2040;D;N;T;M;D;O
S 24/11/2040;D;N;T;M;D;D
D 25/11/2040;D;D;N;T;M;D
L 26/11/2040;D;D;N;T;M;O
M 27/11/2040;M;D;D;N;T;O
X 28/11/2040;M;D;D;N;T;O
J 29/11/2040;T;M;D;D;N;O
V 30/11/2040;T;M;D;D;N;O
S 01/12/2040;N;T;M;D;D;D
D 02/12/2040;N;T;M;D;D;D
L 03/12/2040;D;N;T;O;D;M
M 04/12/2040;D;N;T;O;D;M
X 05/12/2040;D;D;N;O;M;T
J 06/12/2040;D;D;N;O;M;T
V 07/12/2040;M;D;D;O;T;N
S 08/12/2040;M;D;D;D;T;N
D 09/12/2040;T;M;D;D;N;D
L 10/12/2040;T;M;D;O;N;D
M 11/12/2040;N;T;M;O;D;D
X 12/12/2040;N;T;M;O;D;D
J 13/12/2040;D;N;T;O;D;M
V 14/12/2040;D;N;T;O;D;M
S 15/12/2040;D;D;N;D;M;T
D 16/12/2040;D;D;N;D;M;T
L 17/12/2040;O;D;D;M;T;N
M 18/12/2040;O;D;D;M;T;N
X 19/12/2040;O;M;D;T;N;D
J 20/12/2040;O;M;D;T;N;D
V 21/12/2040;O;T;M;N;D;D
S 22/12/2040;D;T;M;N;D;D
D 23/12/2040;D;N;T;D;D;M
L 24/12/2040;O;N;T;D;D;M
M 25/12/2040;O;D;N;D;M;T
X 26/12/2040;O;D;N;D;M;T
J 27/12/2040;O;D;D;M;T;N
V 28/12/2040;O;D;D;M;T;N
S 29/12/2040;D;M;D;T;N;D
D 30/12/2040;D;M;D;T;N;D
L 31/12/2040;M;T;O;N;D;D
M 01/01/2041;M;T;O;N;D;D
X 02/01/2041;T;N;O;D;D;M
J 03/01/2041;T;N;O;D;D;M
V 04/01/2041;N;D;O;D;M;T
S 05/01/2041;N;D;D;D;M;T
D 06/01/2041;D;D;D;M;T;N
L 07/01/2041;D;D;O;M;T;N
M 08/01/2041;D;M;O;T;N;D
X 09/01/2041;D;M;O;T;N;D
J 10/01/2041;M;T;O;N;D;D
V 11/01/2041;M;T;O;N;D;D
S 12/01/2041;T;N;D;D;D;M
D 13/01/2041;T;N;D;D;D;M
L 14/01/2041;N;D;M;D;O;T
M 15/01/2041;N;D;M;D;O;T
X 16/01/2041;D;D;T;M;O;N
J 17/01/2041;D;D;T;M;O;N
V 18/01/2041;D;M;N;T;O;D
S 19/01/2041;D;M;N;T;D;D
D 20/01/2041;M;T;D;N;D;D
L 21/01/2041;M;T;D;N;O;D
M 22/01/2041;T;N;D;D;O;M
X 23/01/2041;T;N;D;D;O;M
J 24/01/2041;N;D;M;D;O;T
V 25/01/2041;N;D;M;D;O;T
S 26/01/2041;D;D;T;M;D;N
D 27/01/2041;D;D;T;M;D;N
L 28/01/2041;D;O;N;T;M;D
M 29/01/2041;D;O;N;T;M;D
X 30/01/2041;M;O;D;N;T;D
J 31/01/2041;M;O;D;N;T;D
V 01/02/2041;T;O;D;D;N;M
S 02/02/2041;T;D;D;D;N;M
D 03/02/2041;N;D;M;D;D;T
L 04/02/2041;N;O;M;D;D;T
M 05/02/2041;D;O;T;M;D;N
X 06/02/2041;D;O;T;M;D;N
J 07/02/2041;D;O;N;T;M;D
V 08/02/2041;D;O;N;T;M;D
S 09/02/2041;M;D;D;N;T;D
D 10/02/2041;M;D;D;N;T;D
L 11/02/2041;T;M;D;D;N;O
M 12/02/2041;T;M;D;D;N;O
X 13/02/2041;N;T;M;D;D;O
J 14/02/2041;N;T;M;D;D;O
V 15/02/2041;D;N;T;M;D;O
S 16/02/2041;D;N;T;M;D;D
D 17/02/2041;D;D;N;T;M;D
L 18/02/2041;D;D;N;T;M;O
M 19/02/2041;M;D;D;N;T;O
X 20/02/2041;M;D;D;N;T;O
J 21/02/2041;T;M;D;D;N;O
V 22/02/2041;T;M;D;D;N;O
S 23/02/2041;N;T;M;D;D;D
D 24/02/2041;N;T;M;D;D;D
L 25/02/2041;D;N;T;O;D;M
M 26/02/2041;D;N;T;O;D;M
X 27/02/2041;D;D;N;O;M;T
J 28/02/2041;D;D;N;O;M;T
V 01/03/2041;M;D;D;O;T;N
S 02/03/2041;M;D;D;D;T;N
D 03/03/2041;T;M;D;D;N;D
L 04/03/2041;T;M;D;O;N;D
M 05/03/2041;N;T;M;O;D;D
X 06/03/2041;N;T;M;O;D;D
J 07/03/2041;D;N;T;O;D;M
V 08/03/2041;D;N;T;O;D;M
S 09/03/2041;D;D;N;D;M;T
D 10/03/2041;D;D;N;D;M;T
L 11/03/2041;O;D;D;M;T;N
M 12/03/2041;O;D;D;M;T;N
X 13/03/2041;O;M;D;T;N;D
J 14/03/2041;O;M;D;T;N;D
V 15/03/2041;O;T;M;N;D;D
S 16/03/2041;D;T;M;N;D;D
D 17/03/2041;D;N;T;D;D;M
L 18/03/2041;O;N;T;D;D;M
M 19/03/2041;O;D;N;D;M;T
X 20/03/2041;O;D;N;D;M;T
J 21/03/2041;O;D;D;M;T;N
V 22/03/2041;O;D;D;M;T;N
S 23/03/2041;D;M;D;T;N;D
D 24/03/2041;D;M;D;T;N;D
L 25/03/2041;M;T;O;N;D;D
M 26/03/2041;M;T;O;N;D;O
X 27/03/2041;T;N;O;D;D;M
J 28/03/2041;T;N;O;D;O;M
V 29/03/2041;N;D;O;D;M;T
S 30/03/2041;N;D;D;D;M;T
D 31/03/2041;D;D;D;M;T;N
L 01/04/2041;D;O;O;M;T;N
M 02/04/2041;D;M;O;T;N;D
X 03/04/2041;O;M;O;T;N;D
J 04/04/2041;M;T;O;N;D;D
V 05/04/2041;M;T;O;N;D;O
S 06/04/2041;T;N;D;D;D;M
D 07/04/2041;T;N;D;D;D;M
L 08/04/2041;N;D;O;D;M;T
M 09/04/2041;N;D;O;O;M;T
X 10/04/2041;D;D;O;M;T;N
J 11/04/2041;D;O;O;M;T;N
V 12/04/2041;D;M;O;T;N;D
S 13/04/2041;D;M;D;T;N;D
D 14/04/2041;M;T;D;N;D;D
L 15/04/2041;M;T;O;N;D;O
M 16/04/2041;T;N;O;D;D;M
X 17/04/2041;T;N;O;D;O;M
J 18/04/2041;N;D;O;D;M;T
V 19/04/2041;N;D;O;O;M;T
S 20/04/2041;D;D;D;M;T;N
D 21/04/2041;D;D;D;M;T;N
L 22/04/2041;D;O;M;T;N;D
M 23/04/2041;O;O;M;T;N;D
X 24/04/2041;M;O;T;N;D;D
J 25/04/2041;M;O;T;N;D;O
V 26/04/2041;T;O;N;D;D;M
S 27/04/2041;T;D;N;D;D;M
D 28/04/2041;N;D;D;D;M;T
L 29/04/2041;N;O;D;O;M;T
M 30/04/2041;D;O;D;M;T;N
X 01/05/2041;D;O;O;M;T;N
J 02/05/2041;D;O;M;T;N;D
V 03/05/2041;O;O;M;T;N;D
S 04/05/2041;M;D;T;N;D;D
D 05/05/2041;M;D;T;N;D;D
L 06/05/2041;T;O;N;D;D;M
M 07/05/2041;T;O;N;D;O;M
X 08/05/2041;N;O;D;D;M;T
J 09/05/2041;N;O;D;D;M;T
V 10/05/2041;D;O;D;M;T;N
S 11/05/2041;D;D;D;M;T;N
D 12/05/2041;D;D;M;T;N;D
L 13/05/2041;O;O;M;T;N;D
M 14/05/2041;M;O;T;N;D;D
X 15/05/2041;M;O;T;N;D;O
J 16/05/2041;T;O;N;D;D;M
V 17/05/2041;T;O;N;D;O;M
S 18/05/2041;N;D;D;D;M;T
D 19/05/2041;N;D;D;D;M;T
L 20/05/2041;D;M;D;O;T;N
M 21/05/2041;D;M;O;O;T;N
X 22/05/2041;D;T;M;O;N;D
J 23/05/2041;O;T;M;O;N;D
V 24/05/2041;M;N;T;O;D;D
S 25/05/2041;M;N;T;D;D;D
D 26/05/2041;T;D;N;D;D;M
L 27/05/2041;T;D;N;O;D;M
M 28/05/2041;N;D;D;O;M;T
X 29/05/2041;N;O;D;O;M;T
J 30/05/2041;D;M;D;O;T;N
V 31/05/2041;D;M;O;O;T;N
S 01/06/2041;D;T;M;D;N;D
D 02/06/2041;D;T;M;D;N;D
L 03/06/2041;M;N;T;O;D;D
M 04/06/2041;M;N;T;O;D;O
X 05/06/2041;T;D;N;O;D;M
J 06/06/2041;T;D;N;O;D;M
V 07/06/2041;N;D;D;O;M;T
S 08/06/2041;N;D;D;D;M;T
D 09/06/2041;D;M;D;D;T;N
L 10/06/2041;D;M;D;O;T;N
M 11/06/2041;D;T;M;O;N;D
X 12/06/2041;O;T;M;O;N;D
J 13/06/2041;M;N;T;O;D;D
V 14/06/2041;M;N;T;O;D;D
S 15/06/2041;T;D;N;D;D;M
D 16/06/2041;T;D;N;D;D;M
L 17/06/2041;N;D;D;M;O;T
M 18/06/2041;N;O;D;M;O;T
X 19/06/2041;D;M;D;T;O;N
J 20/06/2041;D;M;D;T;O;N
V 21/06/2041;D;T;M;N;O;D
S 22/06/2041;D;T;M;N;D;D
D 23/06/2041;M;N;T;D;D;D
L 24/06/2041;M;N;T;D;O;D
M 25/06/2041;T;D;N;D;O;M
X 26/06/2041;T;D;N;D;O;M
J 27/06/2041;N;D;D;M;O;T
V 28/06/2041;N;D;D;M;O;T
S 29/06/2041;D;M;D;T;D;N
D 30/06/2041;D;M;D;T;D;N
L 01/07/2041;D;T;M;N;O;D
M 02/07/2041;D;T;M;N;O;D
X 03/07/2041;M;N;T;D;O;D
J 04/07/2041;M;N;T;D;O;D
V 05/07/2041;T;D;N;D;O;M
S 06/07/2041;T;D;N;D;D;M
D 07/07/2041;N;D;D;M;D;T
L 08/07/2041;N;D;D;M;O;T
M 09/07/2041;D;M;D;T;O;N
X 10/07/2041;D;M;D;T;O;N
J 11/07/2041;D;T;M;N;O;D
V 12/07/2041;D;T;M;N;O;D
S 13/07/2041;M;N;T;D;D;D
D 14/07/2041;M;N;T;D;D;D
L 15/07/2041;T;D;N;D;M;O
M 16/07/2041;T;D;N;D;M;O
X 17/07/2041;N;D;D;M;T;O
J 18/07/2041;N;D;D;M;T;O
V 19/07/2041;D;M;D;T;N;O
S 20/07/2041;D;M;D;T;N;D
D 21/07/2041;D;T;M;N;D;D
L 22/07/2041;D;T;M;N;D;O
M 23/07/2041;M;N;T;D;D;O
X 24/07/2041;M;N;T;D;D;O
J 25/07/2041;T;D;N;D;M;O
V 26/07/2041;T;D;N;D;M;O
S 27/07/2041;N;D;D;M;T;D
D 28/07/2041;N;D;D;M;T;D
L 29/07/2041;D;M;D;T;N;O
M 30/07/2041;D;M;O;T;N;O
X 31/07/2041;D;T;M;N;D;O
J 01/08/2041;O;T;M;N;D;O
V 02/08/2041;M;N;T;D;D;O
S 03/08/2041;M;N;T;D;D;D
D 04/08/2041;T;D;N;D;M;D
L 05/08/2041;T;D;N;D;M;O
M 06/08/2041;N;D;D;M;T;O
X 07/08/2041;N;O;D;M;T;O
J 08/08/2041;D;M;D;T;N;O
V 09/08/2041;D;M;O;T;N;O
S 10/08/2041;D;T;M;N;D;D
D 11/08/2041;D;T;M;N;D;D
L 12/08/2041;O;N;T;D;D;M
M 13/08/2041;O;N;T;D;O;M
X 14/08/2041;O;D;N;D;M;T
J 15/08/2041;O;D;N;D;M;T
V 16/08/2041;O;D;D;M;T;N
S 17/08/2041;D;D;D;M;T;N
D 18/08/2041;D;M;D;T;N;D
L 19/08/2041;O;M;O;T;N;D
M 20/08/2041;O;T;M;N;D;D
X 21/08/2041;O;T;M;N;D;O
J 22/08/2041;O;N;T;D;D;M
V 23/08/2041;O;N;T;D;O;M
S 24/08/2041;D;D;N;D;M;T
D 25/08/2041;D;D;N;D;M;T
L 26/08/2041;O;D;D;M;T;N
M 27/08/2041;O;O;D;M;T;N
X 28/08/2041;O;M;D;T;N;D
J 29/08/2041;O;M;O;T;N;D
V 30/08/2041;O;T;M;N;D;D
S 31/08/2041;D;T;M;N;D;D
D 01/09/2041;D;N;T;D;D;M
L 02/09/2041;O;N;T;D;D;M
M 03/09/2041;O;D;N;D;M;T
X 04/09/2041;O;D;N;D;M;T
J 05/09/2041;O;D;D;M;T;N
V 06/09/2041;O;O;D;M;T;N
S 07/09/2041;D;M;D;T;N;D
D 08/09/2041;D;M;D;T;N;D
L 09/09/2041;M;T;O;N;D;D
M 10/09/2041;M;T;O;N;D;D
X 11/09/2041;T;N;O;D;D;M
J 12/09/2041;T;N;O;D;D;M
V 13/09/2041;N;D;O;D;M;T
S 14/09/2041;N;D;D;D;M;T
D 15/09/2041;D;D;D;M;T;N
L 16/09/2041;D;D;O;M;T;N
M 17/09/2041;D;M;O;T;N;D
X 18/09/2041;D;M;O;T;N;D
J 19/09/2041;M;T;O;N;D;D
V 20/09/2041;M;T;O;N;D;D
S 21/09/2041;T;N;D;D;D;M
D 22/09/2041;T;N;D;D;D;M
L 23/09/2041;N;D;M;D;O;T
M 24/09/2041;N;D;M;D;O;T
X 25/09/2041;D;D;T;M;O;N
J 26/09/2041;D;D;T;M;O;N
V 27/09/2041;D;M;N;T;O;D
S 28/09/2041;D;M;N;T;D;D
D 29/09/2041;M;T;D;N;D;D
L 30/09/2041;M;T;D;N;O;D
M 01/10/2041;T;N;D;D;O;M
X 02/10/2041;T;N;D;D;O;M
J 03/10/2041;N;D;M;D;O;T
V 04/10/2041;N;D;M;D;O;T
S 05/10/2041;D;D;T;M;D;N
D 06/10/2041;D;D;T;M;D;N
L 07/10/2041;D;O;N;T;M;D
M 08/10/2041;D;O;N;T;M;D
X 09/10/2041;M;O;D;N;T;D
J 10/10/2041;M;O;D;N;T;D
V 11/10/2041;T;O;D;D;N;M
S 12/10/2041;T;D;D;D;N;M
D 13/10/2041;N;D;M;D;D;T
L 14/10/2041;N;O;M;D;D;T
M 15/10/2041;D;O;T;M;D;N
X 16/10/2041;D;O;T;M;D;N
J 17/10/2041;D;O;N;T;M;D
V 18/10/2041;D;O;N;T;M;D
S 19/10/2041;M;D;D;N;T;D
D 20/10/2041;M;D;D;N;T;D
L 21/10/2041;T;M;D;D;N;O
M 22/10/2041;T;M;D;D;N;O
X 23/10/2041;N;T;M;D;D;O
J 24/10/2041;N;T;M;D;D;O
V 25/10/2041;D;N;T;M;D;O
S 26/10/2041;D;N;T;M;D;D
D 27/10/2041;D;D;N;T;M;D
L 28/10/2041;D;D;N;T;M;O
M 29/10/2041;M;D;D;N;T;O
X 30/10/2041;M;D;D;N;T;O
J 31/10/2041;T;M;D;D;N;O
V 01/11/2041;T;M;D;D;N;O
S 02/11/2041;N;T;M;D;D;D
D 03/11/2041;N;T;M;D;D;D
L 04/11/2041;D;N;T;O;D;M
M 05/11/2041;D;N;T;O;D;M
X 06/11/2041;D;D;N;O;M;T
J 07/11/2041;D;D;N;O;M;T
V 08/11/2041;M;D;D;O;T;N
S 09/11/2041;M;D;D;D;T;N
D 10/11/2041;T;M;D;D;N;D
L 11/11/2041;T;M;D;O;N;D
M 12/11/2041;N;T;M;O;D;D
X 13/11/2041;N;T;M;O;D;D
J 14/11/2041;D;N;T;O;D;M
V 15/11/2041;D;N;T;O;D;M
S 16/11/2041;D;D;N;D;M;T
D 17/11/2041;D;D;N;D;M;T
L 18/11/2041;O;D;D;M;T;N
M 19/11/2041;O;D;D;M;T;N
X 20/11/2041;O;M;D;T;N;D
J 21/11/2041;O;M;D;T;N;D
V 22/11/2041;O;T;M;N;D;D
S 23/11/2041;D;T;M;N;D;D
D 24/11/2041;D;N;T;D;D;M
L 25/11/2041;O;N;T;D;D;M
M 26/11/2041;O;D;N;D;M;T
X 27/11/2041;O;D;N;D;M;T
J 28/11/2041;O;D;D;M;T;N
V 29/11/2041;O;D;D;M;T;N
S 30/11/2041;D;M;D;T;N;D
D 01/12/2041;D;M;D;T;N;D
L 02/12/2041;M;T;O;N;D;D
M 03/12/2041;M;T;O;N;D;D
X 04/12/2041;T;N;O;D;D;M
J 05/12/2041;T;N;O;D;D;M
V 06/12/2041;N;D;O;D;M;T
S 07/12/2041;N;D;D;D;M;T
D 08/12/2041;D;D;D;M;T;N
L 09/12/2041;D;D;O;M;T;N
M 10/12/2041;D;M;O;T;N;D
X 11/12/2041;D;M;O;T;N;D
J 12/12/2041;M;T;O;N;D;D
V 13/12/2041;M;T;O;N;D;D
S 14/12/2041;T;N;D;D;D;M
D 15/12/2041;T;N;D;D;D;M
L 16/12/2041;N;D;M;D;O;T
M 17/12/2041;N;D;M;D;O;T
X 18/12/2041;D;D;T;M;O;N
J 19/12/2041;D;D;T;M;O;N
V 20/12/2041;D;M;N;T;O;D
S 21/12/2041;D;M;N;T;D;D
D 22/12/2041;M;T;D;N;D;D
L 23/12/2041;M;T;D;N;O;D
M 24/12/2041;T;N;D;D;O;M
X 25/12/2041;T;N;D;D;O;M
J 26/12/2041;N;D;M;D;O;T
V 27/12/2041;N;D;M;D;O;T
S 28/12/2041;D;D;T;M;D;N
D 29/12/2041;D;D;T;M;D;N
L 30/12/2041;D;O;N;T;M;D
M 31/12/2041;D;O;N;T;M;D
X 01/01/2042;M;O;D;N;T;D
J 02/01/2042;M;O;D;N;T;D
V 03/01/2042;T;O;D;D;N;M
S 04/01/2042;T;D;D;D;N;M
D 05/01/2042;N;D;M;D;D;T
L 06/01/2042;N;O;M;D;D;T
M 07/01/2042;D;O;T;M;D;N
X 08/01/2042;D;O;T;M;D;N
J 09/01/2042;D;O;N;T;M;D
V 10/01/2042;D;O;N;T;M;D
S 11/01/2042;M;D;D;N;T;D
D 12/01/2042;M;D;D;N;T;D
L 13/01/2042;T;M;D;D;N;O
M 14/01/2042;T;M;D;D;N;O
X 15/01/2042;N;T;M;D;D;O
J 16/01/2042;N;T;M;D;D;O
V 17/01/2042;D;N;T;M;D;O
S 18/01/2042;D;N;T;M;D;D
D 19/01/2042;D;D;N;T;M;D
L 20/01/2042;D;D;N;T;M;O
M 21/01/2042;M;D;D;N;T;O
X 22/01/2042;M;D;D;N;T;O
J 23/01/2042;T;M;D;D;N;O
V 24/01/2042;T;M;D;D;N;O
S 25/01/2042;N;T;M;D;D;D
D 26/01/2042;N;T;M;D;D;D
L 27/01/2042;D;N;T;O;D;M
M 28/01/2042;D;N;T;O;D;M
X 29/01/2042;D;D;N;O;M;T
J 30/01/2042;D;D;N;O;M;T
V 31/01/2042;M;D;D;O;T;N
S 01/02/2042;M;D;D;D;T;N
D 02/02/2042;T;M;D;D;N;D
L 03/02/2042;T;M;D;O;N;D
M 04/02/2042;N;T;M;O;D;D
X 05/02/2042;N;T;M;O;D;D
J 06/02/2042;D;N;T;O;D;M
V 07/02/2042;D;N;T;O;D;M
S 08/02/2042;D;D;N;D;M;T
D 09/02/2042;D;D;N;D;M;T
L 10/02/2042;O;D;D;M;T;N
M 11/02/2042;O;D;D;M;T;N
X 12/02/2042;O;M;D;T;N;D
J 13/02/2042;O;M;D;T;N;D
V 14/02/2042;O;T;M;N;D;D
S 15/02/2042;D;T;M;N;D;D
D 16/02/2042;D;N;T;D;D;M
L 17/02/2042;O;N;T;D;D;M
M 18/02/2042;O;D;N;D;M;T
X 19/02/2042;O;D;N;D;M;T
J 20/02/2042;O;D;D;M;T;N
V 21/02/2042;O;D;D;M;T;N
S 22/02/2042;D;M;D;T;N;D
D 23/02/2042;D;M;D;T;N;D
L 24/02/2042;M;T;O;N;D;D
M 25/02/2042;M;T;O;N;D;D
X 26/02/2042;T;N;O;D;D;M
J 27/02/2042;T;N;O;D;D;M
V 28/02/2042;N;D;O;D;M;T
S 01/03/2042;N;D;D;D;M;T
D 02/03/2042;D;D;D;M;T;N
L 03/03/2042;D;D;O;M;T;N
M 04/03/2042;D;M;O;T;N;D
X 05/03/2042;D;M;O;T;N;D
J 06/03/2042;M;T;O;N;D;D
V 07/03/2042;M;T;O;N;D;D
S 08/03/2042;T;N;D;D;D;M
D 09/03/2042;T;N;D;D;D;M
L 10/03/2042;N;D;M;D;O;T
M 11/03/2042;N;D;M;D;O;T
X 12/03/2042;D;D;T;M;O;N
J 13/03/2042;D;D;T;M;O;N
V 14/03/2042;D;M;N;T;O;D
S 15/03/2042;D;M;N;T;D;D
D 16/03/2042;M;T;D;N;D;D
L 17/03/2042;M;T;D;N;O;D
M 18/03/2042;T;N;D;D;O;M
X 19/03/2042;T;N;D;D;O;M
J 20/03/2042;N;D;M;D;O;T
V 21/03/2042;N;D;M;D;O;T
S 22/03/2042;D;D;T;M;D;N
D 23/03/2042;D;D;T;M;D;N
L 24/03/2042;D;O;N;T;M;D
M 25/03/2042;D;O;N;T;M;D
X 26/03/2042;M;O;D;N;T;D
J 27/03/2042;M;O;D;N;T;O
V 28/03/2042;T;O;D;D;N;M
S 29/03/2042;T;D;D;D;N;M
D 30/03/2042;N;D;M;D;D;T
L 31/03/2042;N;O;M;O;D;T
M 01/04/2042;D;O;T;M;D;N
X 02/04/2042;D;O;T;M;O;N
J 03/04/2042;D;O;N;T;M;D
V 04/04/2042;O;O;N;T;M;D
S 05/04/2042;M;D;D;N;T;D
D 06/04/2042;M;D;D;N;T;D
L 07/04/2042;T;O;D;D;N;M
M 08/04/2042;T;O;O;D;N;M
X 09/04/2042;N;O;M;D;D;T
J 10/04/2042;N;O;M;O;D;T
V 11/04/2042;D;O;T;M;D;N
S 12/04/2042;D;D;T;M;D;N
D 13/04/2042;D;D;N;T;M;D
L 14/04/2042;O;O;N;T;M;D
M 15/04/2042;M;O;D;N;T;D
X 16/04/2042;M;O;D;N;T;O
J 17/04/2042;T;O;D;D;N;M
V 18/04/2042;T;O;D;D;N;M
S 19/04/2042;N;D;M;D;D;T
D 20/04/2042;N;D;M;D;D;T
L 21/04/2042;D;M;T;O;D;N
M 22/04/2042;D;M;T;O;O;N
X 23/04/2042;D;T;N;O;M;D
J 24/04/2042;O;T;N;O;M;D
V 25/04/2042;M;N;D;O;T;D
S 26/04/2042;M;N;D;D;T;D
D 27/04/2042;T;D;D;D;N;M
L 28/04/2042;T;D;O;O;N;M
M 29/04/2042;N;D;M;O;D;T
X 30/04/2042;N;O;M;O;D;T
J 01/05/2042;D;M;T;O;D;N
V 02/05/2042;D;M;T;O;O;N
S 03/05/2042;D;T;N;D;M;D
D 04/05/2042;D;T;N;D;M;D
L 05/05/2042;M;N;D;O;T;D
M 06/05/2042;M;N;D;O;T;O
X 07/05/2042;T;D;D;O;N;M
J 08/05/2042;T;D;O;O;N;M
V 09/05/2042;N;D;M;O;D;T
S 10/05/2042;N;D;M;D;D;T
D 11/05/2042;D;M;T;D;D;N
L 12/05/2042;D;M;T;O;O;N
M 13/05/2042;D;T;N;O;M;D
X 14/05/2042;O;T;N;O;M;D
J 15/05/2042;M;N;D;O;T;D
V 16/05/2042;M;N;D;O;T;D
S 17/05/2042;T;D;D;D;N;M
D 18/05/2042;T;D;D;D;N;M
L 19/05/2042;N;D;O;M;D;T
M 20/05/2042;N;O;O;M;D;T
X 21/05/2042;D;M;O;T;D;N
J 22/05/2042;D;M;O;T;O;N
V 23/05/2042;D;T;O;N;M;D
S 24/05/2042;D;T;D;N;M;D
D 25/05/2042;M;N;D;D;T;D
L 26/05/2042;M;N;O;D;T;D
M 27/05/2042;T;D;O;D;N;M
X 28/05/2042;T;D;O;O;N;M
J 29/05/2042;N;D;O;M;D;T
V 30/05/2042;N;D;O;M;D;T
S 31/05/2042;D;M;D;T;D;N
D 01/06/2042;D;M;D;T;D;N
L 02/06/2042;D;T;O;N;M;D
M 03/06/2042;D;T;O;N;M;D
X 04/06/2042;M;N;O;D;T;D
J 05/06/2042;M;N;O;D;T;D
V 06/06/2042;T;D;O;D;N;M
S 07/06/2042;T;D;D;D;N;M
D 08/06/2042;N;D;D;M;D;T
L 09/06/2042;N;D;O;M;D;T
M 10/06/2042;D;M;O;T;D;N
X 11/06/2042;D;M;O;T;D;N
J 12/06/2042;D;T;O;N;M;D
V 13/06/2042;D;T;O;N;M;D
S 14/06/2042;M;N;D;D;T;D
D 15/06/2042;M;N;D;D;T;D
L 16/06/2042;T;D;M;D;N;O
M 17/06/2042;T;D;M;D;N;O
X 18/06/2042;N;D;T;M;D;O
J 19/06/2042;N;D;T;M;D;O
V 20/06/2042;D;M;N;T;D;O
S 21/06/2042;D;M;N;T;D;D
D 22/06/2042;D;T;D;N;M;D
L 23/06/2042;D;T;D;N;M;O
M 24/06/2042;M;N;D;D;T;O
X 25/06/2042;M;N;D;D;T;O
J 26/06/2042;T;D;M;D;N;O
V 27/06/2042;T;D;M;D;N;O
S 28/06/2042;N;D;T;M;D;D
D 29/06/2042;N;D;T;M;D;D
L 30/06/2042;D;M;N;T;D;O
M 01/07/2042;D;M;N;T;D;O
X 02/07/2042;D;T;D;N;M;O
J 03/07/2042;D;T;D;N;M;O
V 04/07/2042;M;N;D;D;T;O
S 05/07/2042;M;N;D;D;T;D
D 06/07/2042;T;D;M;D;N;D
L 07/07/2042;T;D;M;D;N;O
M 08/07/2042;N;D;T;M;D;O
X 09/07/2042;N;D;T;M;D;O
J 10/07/2042;D;M;N;T;D;O
V 11/07/2042;D;M;N;T;D;O
S 12/07/2042;D;T;D;N;M;D
D 13/07/2042;D;T;D;N;M;D
L 14/07/2042;O;N;D;D;T;M
M 15/07/2042;O;N;D;D;T;M
X 16/07/2042;O;D;M;D;N;T
J 17/07/2042;O;D;M;D;N;T
V 18/07/2042;O;D;T;M;D;N
S 19/07/2042;D;D;T;M;D;N
D 20/07/2042;D;M;N;T;D;D
L 21/07/2042;O;M;N;T;D;D
M 22/07/2042;O;T;D;N;M;D
X 23/07/2042;O;T;D;N;M;D
J 24/07/2042;O;N;D;D;T;M
V 25/07/2042;O;N;D;D;T;M
S 26/07/2042;D;D;M;D;N;T
D 27/07/2042;D;D;M;D;N;T
L 28/07/2042;O;D;T;M;D;N
M 29/07/2042;O;O;T;M;D;N
X 30/07/2042;O;M;N;T;D;D
J 31/07/2042;O;M;N;T;O;D
V 01/08/2042;O;T;D;N;M;D
S 02/08/2042;D;T;D;N;M;D
D 03/08/2042;D;N;D;D;T;M
L 04/08/2042;O;N;D;D;T;M
M 05/08/2042;O;D;M;D;N;T
X 06/08/2042;O;D;M;O;N;T
J 07/08/2042;O;D;T;M;D;N
V 08/08/2042;O;O;T;M;D;N
S 09/08/2042;D;M;N;T;D;D
D 10/08/2042;D;M;N;T;D;D
L 11/08/2042;M;T;D;N;O;D
M 12/08/2042;M;T;D;N;O;O
X 13/08/2042;T;N;D;D;O;M
J 14/08/2042;T;N;D;D;O;M
V 15/08/2042;N;D;M;D;O;T
S 16/08/2042;N;D;M;D;D;T
D 17/08/2042;D;D;T;M;D;N
L 18/08/2042;D;O;T;M;O;N
M 19/08/2042;D;M;N;T;O;D
X 20/08/2042;O;M;N;T;O;D
J 21/08/2042;M;T;D;N;O;D
V 22/08/2042;M;T;D;N;O;O
S 23/08/2042;T;N;D;D;D;M
D 24/08/2042;T;N;D;D;D;M
L 25/08/2042;N;D;M;D;O;T
M 26/08/2042;N;D;M;O;O;T
X 27/08/2042;D;D;T;M;O;N
J 28/08/2042;D;O;T;M;O;N
V 29/08/2042;D;M;N;T;O;D
S 30/08/2042;D;M;N;T;D;D
D 31/08/2042;M;T;D;N;D;D
L 01/09/2042;M;T;D;N;O;O
M 02/09/2042;T;N;D;D;O;M
X 03/09/2042;T;N;O;D;O;M
J 04/09/2042;N;D;M;D;O;T
V 05/09/2042;N;D;M;O;O;T
S 06/09/2042;D;D;T;M;D;N
D 07/09/2042;D;D;T;M;D;N
L 08/09/2042;D;O;N;T;M;D
M 09/09/2042;D;O;N;T;M;D
X 10/09/2042;M;O;D;N;T;D
J 11/09/2042;M;O;D;N;T;D
V 12/09/2042;T;O;D;D;N;M
S 13/09/2042;T;D;D;D;N;M
D 14/09/2042;N;D;M;D;D;T
L 15/09/2042;N;O;M;D;D;T
M 16/09/2042;D;O;T;M;D;N
X 17/09/2042;D;O;T;M;D;N
J 18/09/2042;D;O;N;T;M;D
V 19/09/2042;D;O;N;T;M;D
S 20/09/2042;M;D;D;N;T;D
D 21/09/2042;M;D;D;N;T;D
L 22/09/2042;T;M;D;D;N;O
M 23/09/2042;T;M;D;D;N;O
X 24/09/2042;N;T;M;D;D;O
J 25/09/2042;N;T;M;D;D;O
V 26/09/2042;D;N;T;M;D;O
S 27/09/2042;D;N;T;M;D;D
D 28/09/2042;D;D;N;T;M;D
L 29/09/2042;D;D;N;T;M;O
M 30/09/2042;M;D;D;N;T;O
X 01/10/2042;M;D;D;N;T;O
J 02/10/2042;T;M;D;D;N;O
V 03/10/2042;T;M;D;D;N;O
S 04/10/2042;N;T;M;D;D;D
D 05/10/2042;N;T;M;D;D;D
L 06/10/2042;D;N;T;O;D;M
M 07/10/2042;D;N;T;O;D;M
X 08/10/2042;D;D;N;O;M;T
J 09/10/2042;D;D;N;O;M;T
V 10/10/2042;M;D;D;O;T;N
S 11/10/2042;M;D;D;D;T;N
D 12/10/2042;T;M;D;D;N;D
L 13/10/2042;T;M;D;O;N;D
M 14/10/2042;N;T;M;O;D;D
X 15/10/2042;N;T;M;O;D;D
J 16/10/2042;D;N;T;O;D;M
V 17/10/2042;D;N;T;O;D;M
S 18/10/2042;D;D;N;D;M;T
D 19/10/2042;D;D;N;D;M;T
L 20/10/2042;O;D;D;M;T;N
M 21/10/2042;O;D;D;M;T;N
X 22/10/2042;O;M;D;T;N;D
J 23/10/2042;O;M;D;T;N;D
V 24/10/2042;O;T;M;N;D;D
S 25/10/2042;D;T;M;N;D;D
D 26/10/2042;D;N;T;D;D;M
L 27/10/2042;O;N;T;D;D;M
M 28/10/2042;O;D;N;D;M;T
X 29/10/2042;O;D;N;D;M;T
J 30/10/2042;O;D;D;M;T;N
V 31/10/2042;O;D;D;M;T;N
S 01/11/2042;D;M;D;T;N;D
D 02/11/2042;D;M;D;T;N;D
L 03/11/2042;M;T;O;N;D;D
M 04/11/2042;M;T;O;N;D;D
X 05/11/2042;T;N;O;D;D;M
J 06/11/2042;T;N;O;D;D;M
V 07/11/2042;N;D;O;D;M;T
S 08/11/2042;N;D;D;D;M;T
D 09/11/2042;D;D;D;M;T;N
L 10/11/2042;D;D;O;M;T;N
M 11/11/2042;D;M;O;T;N;D
X 12/11/2042;D;M;O;T;N;D
J 13/11/2042;M;T;O;N;D;D
V 14/11/2042;M;T;O;N;D;D
S 15/11/2042;T;N;D;D;D;M
D 16/11/2042;T;N;D;D;D;M
L 17/11/2042;N;D;M;D;O;T
M 18/11/2042;N;D;M;D;O;T
X 19/11/2042;D;D;T;M;O;N
J 20/11/2042;D;D;T;M;O;N
V 21/11/2042;D;M;N;T;O;D
S 22/11/2042;D;M;N;T;D;D
D 23/11/2042;M;T;D;N;D;D
L 24/11/2042;M;T;D;N;O;D
M 25/11/2042;T;N;D;D;O;M
X 26/11/2042;T;N;D;D;O;M
J 27/11/2042;N;D;M;D;O;T
V 28/11/2042;N;D;M;D;O;T
S 29/11/2042;D;D;T;M;D;N
D 30/11/2042;D;D;T;M;D;N
L 01/12/2042;D;O;N;T;M;D
M 02/12/2042;D;O;N;T;M;D
X 03/12/2042;M;O;D;N;T;D
J 04/12/2042;M;O;D;N;T;D
V 05/12/2042;T;O;D;D;N;M
S 06/12/2042;T;D;D;D;N;M
D 07/12/2042;N;D;M;D;D;T
L 08/12/2042;N;O;M;D;D;T
M 09/12/2042;D;O;T;M;D;N
X 10/12/2042;D;O;T;M;D;N
J 11/12/2042;D;O;N;T;M;D
V 12/12/2042;D;O;N;T;M;D
S 13/12/2042;M;D;D;N;T;D
D 14/12/2042;M;D;D;N;T;D
L 15/12/2042;T;M;D;D;N;O
M 16/12/2042;T;M;D;D;N;O
X 17/12/2042;N;T;M;D;D;O
J 18/12/2042;N;T;M;D;D;O
V 19/12/2042;D;N;T;M;D;O
S 20/12/2042;D;N;T;M;D;D
D 21/12/2042;D;D;N;T;M;D
L 22/12/2042;D;D;N;T;M;O
M 23/12/2042;M;D;D;N;T;O
X 24/12/2042;M;D;D;N;T;O
J 25/12/2042;T;M;D;D;N;O
V 26/12/2042;T;M;D;D;N;O
S 27/12/2042;N;T;M;D;D;D
D 28/12/2042;N;T;M;D;D;D
L 29/12/2042;D;N;T;O;D;M
M 30/12/2042;D;N;T;O;D;M
X 31/12/2042;D;D;N;O;M;T
J 01/01/2043;D;D;N;O;M;T
V 02/01/2043;M;D;D;O;T;N
S 03/01/2043;M;D;D;D;T;N
D 04/01/2043;T;M;D;D;N;D
L 05/01/2043;T;M;D;O;N;D
M 06/01/2043;N;T;M;O;D;D
X 07/01/2043;N;T;M;O;D;D
J 08/01/2043;D;N;T;O;D;M
V 09/01/2043;D;N;T;O;D;M
S 10/01/2043;D;D;N;D;M;T
D 11/01/2043;D;D;N;D;M;T
L 12/01/2043;O;D;D;M;T;N
M 13/01/2043;O;D;D;M;T;N
X 14/01/2043;O;M;D;T;N;D
J 15/01/2043;O;M;D;T;N;D
V 16/01/2043;O;T;M;N;D;D
S 17/01/2043;D;T;M;N;D;D
D 18/01/2043;D;N;T;D;D;M
L 19/01/2043;O;N;T;D;D;M
M 20/01/2043;O;D;N;D;M;T
X 21/01/2043;O;D;N;D;M;T
J 22/01/2043;O;D;D;M;T;N
V 23/01/2043;O;D;D;M;T;N
S 24/01/2043;D;M;D;T;N;D
D 25/01/2043;D;M;D;T;N;D
L 26/01/2043;M;T;O;N;D;D
M 27/01/2043;M;T;O;N;D;D
X 28/01/2043;T;N;O;D;D;M
J 29/01/2043;T;N;O;D;D;M
V 30/01/2043;N;D;O;D;M;T
S 31/01/2043;N;D;D;D;M;T
D 01/02/2043;D;D;D;M;T;N
L 02/02/2043;D;D;O;M;T;N
M 03/02/2043;D;M;O;T;N;D
X 04/02/2043;D;M;O;T;N;D
J 05/02/2043;M;T;O;N;D;D
V 06/02/2043;M;T;O;N;D;D
S 07/02/2043;T;N;D;D;D;M
D 08/02/2043;T;N;D;D;D;M
L 09/02/2043;N;D;M;D;O;T
M 10/02/2043;N;D;M;D;O;T
X 11/02/2043;D;D;T;M;O;N
J 12/02/2043;D;D;T;M;O;N
V 13/02/2043;D;M;N;T;O;D
S 14/02/2043;D;M;N;T;D;D
D 15/02/2043;M;T;D;N;D;D
L 16/02/2043;M;T;D;N;O;D
M 17/02/2043;T;N;D;D;O;M
X 18/02/2043;T;N;D;D;O;M
J 19/02/2043;N;D;M;D;O;T
V 20/02/2043;N;D;M;D;O;T
S 21/02/2043;D;D;T;M;D;N
D 22/02/2043;D;D;T;M;D;N
L 23/02/2043;D;O;N;T;M;D
M 24/02/2043;D;O;N;T;M;D
X 25/02/2043;M;O;D;N;T;D
J 26/02/2043;M;O;D;N;T;D
V 27/02/2043;T;O;D;D;N;M
S 28/02/2043;T;D;D;D;N;M
D 01/03/2043;N;D;M;D;D;T
L 02/03/2043;N;O;M;D;D;T
M 03/03/2043;D;O;T;M;D;N
X 04/03/2043;D;O;T;M;D;N
J 05/03/2043;D;O;N;T;M;D
V 06/03/2043;D;O;N;T;M;D
S 07/03/2043;M;D;D;N;T;D
D 08/03/2043;M;D;D;N;T;D
L 09/03/2043;T;M;D;D;N;O
M 10/03/2043;T;M;D;D;N;O
X 11/03/2043;N;T;M;D;D;O
J 12/03/2043;N;T;M;D;D;O
V 13/03/2043;D;N;T;M;D;O
S 14/03/2043;D;N;T;M;D;D
D 15/03/2043;D;D;N;T;M;D
L 16/03/2043;D;D;N;T;M;O
M 17/03/2043;M;D;D;N;T;O
X 18/03/2043;M;D;D;N;T;O
J 19/03/2043;T;M;D;D;N;O
V 20/03/2043;T;M;D;D;N;O
S 21/03/2043;N;T;M;D;D;D
D 22/03/2043;N;T;M;D;D;D
L 23/03/2043;D;N;T;O;D;M
M 24/03/2043;D;N;T;O;O;M
X 25/03/2043;D;D;N;O;M;T
J 26/03/2043;O;D;N;O;M;T
V 27/03/2043;M;D;D;O;T;N
S 28/03/2043;M;D;D;D;T;N
D 29/03/2043;T;M;D;D;N;D
L 30/03/2043;T;M;O;O;N;D
M 31/03/2043;N;T;M;O;D;D
X 01/04/2043;N;T;M;O;D;O
J 02/04/2043;D;N;T;O;D;M
V 03/04/2043;D;N;T;O;O;M
S 04/04/2043;D;D;N;D;M;T
D 05/04/2043;D;D;N;D;M;T
L 06/04/2043;M;D;D;O;T;N
M 07/04/2043;M;O;D;O;T;N
X 08/04/2043;T;M;D;O;N;D
J 09/04/2043;T;M;O;O;N;D
V 10/04/2043;N;T;M;O;D;D
S 11/04/2043;N;T;M;D;D;D
D 12/04/2043;D;N;T;D;D;M
L 13/04/2043;D;N;T;O;O;M
M 14/04/2043;D;D;N;O;M;T
X 15/04/2043;O;D;N;O;M;T
J 16/04/2043;M;D;D;O;T;N
V 17/04/2043;M;O;D;O;T;N
S 18/04/2043;T;M;D;D;N;D
D 19/04/2043;T;M;D;D;N;D
L 20/04/2043;N;T;O;M;D;D
M 21/04/2043;N;T;O;M;D;O
X 22/04/2043;D;N;O;T;D;M
J 23/04/2043;D;N;O;T;D;M
V 24/04/2043;D;D;O;N;M;T
S 25/04/2043;D;D;D;N;M;T
D 26/04/2043;M;D;D;D;T;N
L 27/04/2043;M;O;O;D;T;N
M 28/04/2043;T;M;O;D;N;D
X 29/04/2043;T;M;O;O;N;D
J 30/04/2043;N;T;O;M;D;D
V 01/05/2043;N;T;O;M;D;D
S 02/05/2043;D;N;D;T;D;M
D 03/05/2043;D;N;D;T;D;M
L 04/05/2043;D;D;O;N;M;T
M 05/05/2043;O;D;O;N;M;T
X 06/05/2043;M;D;O;D;T;N
J 07/05/2043;M;D;O;D;T;N
V 08/05/2043;T;M;O;D;N;D
S 09/05/2043;T;M;D;D;N;D
D 10/05/2043;N;T;D;M;D;D
L 11/05/2043;N;T;O;M;D;O
M 12/05/2043;D;N;O;T;D;M
X 13/05/2043;D;N;O;T;O;M
J 14/05/2043;D;D;O;N;M;T
V 15/05/2043;O;D;O;N;M;T
S 16/05/2043;M;D;D;D;T;N
D 17/05/2043;M;D;D;D;T;N
L 18/05/2043;T;O;M;D;N;D
M 19/05/2043;T;O;M;O;N;D
X 20/05/2043;N;O;T;M;D;D
J 21/05/2043;N;O;T;M;D;O
V 22/05/2043;D;O;N;T;D;M
S 23/05/2043;D;D;N;T;D;M
D 24/05/2043;D;D;D;N;M;T
L 25/05/2043;D;O;D;N;M;T
M 26/05/2043;M;O;D;D;T;N
X 27/05/2043;M;O;O;D;T;N
J 28/05/2043;T;O;M;D;N;D
V 29/05/2043;T;O;M;O;N;D
S 30/05/2043;N;D;T;M;D;D
D 31/05/2043;N;D;T;M;D;D
L 01/06/2043;D;O;N;T;D;M
M 02/06/2043;D;O;N;T;D;M
X 03/06/2043;D;O;D;N;M;T
J 04/06/2043;D;O;D;N;M;T
V 05/06/2043;M;O;D;D;T;N
S 06/06/2043;M;D;D;D;T;N
D 07/06/2043;T;D;M;D;N;D
L 08/06/2043;T;O;M;D;N;D
M 09/06/2043;N;O;T;M;D;D
X 10/06/2043;N;O;T;M;D;D
J 11/06/2043;D;O;N;T;D;M
V 12/06/2043;D;O;N;T;D;M
S 13/06/2043;D;D;D;N;M;T
D 14/06/2043;D;D;D;N;M;T
L 15/06/2043;O;M;D;D;T;N
M 16/06/2043;O;M;D;D;T;N
X 17/06/2043;O;T;M;D;N;D
J 18/06/2043;O;T;M;D;N;D
V 19/06/2043;O;N;T;M;D;D
S 20/06/2043;D;N;T;M;D;D
D 21/06/2043;D;D;N;T;D;M
L 22/06/2043;O;D;N;T;D;M
M 23/06/2043;O;D;D;N;M;T
X 24/06/2043;O;D;D;N;M;T
J 25/06/2043;O;M;D;D;T;N
V 26/06/2043;O;M;D;D;T;N
S 27/06/2043;D;T;M;D;N;D
D 28/06/2043;D;T;M;D;N;D
L 29/06/2043;O;N;T;M;D;D
M 30/06/2043;O;N;T;M;D;D
X 01/07/2043;O;D;N;T;D;M
J 02/07/2043;O;D;N;T;D;M
V 03/07/2043;O;D;D;N;M;T
S 04/07/2043;D;D;D;N;M;T
D 05/07/2043;D;M;D;D;T;N
L 06/07/2043;O;M;D;D;T;N
M 07/07/2043;O;T;M;D;N;D
X 08/07/2043;O;T;M;D;N;D
J 09/07/2043;O;N;T;M;D;D
V 10/07/2043;O;N;T;M;D;D
S 11/07/2043;D;D;N;T;D;M
D 12/07/2043;D;D;N;T;D;M
L 13/07/2043;M;D;D;N;O;T
M 14/07/2043;M;D;D;N;O;T
X 15/07/2043;T;M;D;D;O;N
J 16/07/2043;T;M;D;D;O;N
V 17/07/2043;N;T;M;D;O;D
S 18/07/2043;N;T;M;D;D;D
D 19/07/2043;D;N;T;M;D;D
L 20/07/2043;D;N;T;M;O;D
M 21/07/2043;D;D;N;T;O;M
X 22/07/2043;D;D;N;T;O;M
J 23/07/2043;M;D;D;N;O;T
V 24/07/2043;M;D;D;N;O;T
S 25/07/2043;T;M;D;D;D;N
D 26/07/2043;T;M;D;D;D;N
L 27/07/2043;N;T;M;D;O;D
M 28/07/2043;N;T;M;O;O;D
X 29/07/2043;D;N;T;M;O;D
J 30/07/2043;D;N;T;M;O;O
V 31/07/2043;D;D;N;T;O;M
S 01/08/2043;D;D;N;T;D;M
D 02/08/2043;M;D;D;N;D;T
L 03/08/2043;M;O;D;N;O;T
M 04/08/2043;T;M;D;D;O;N
X 05/08/2043;T;M;O;D;O;N
J 06/08/2043;N;T;M;D;O;D
V 07/08/2043;N;T;M;O;O;D
S 08/08/2043;D;N;T;M;D;D
D 09/08/2043;D;N;T;M;D;D
L 10/08/2043;D;D;N;T;M;O
M 11/08/2043;O;D;N;T;M;O
X 12/08/2043;M;D;D;N;T;O
J 13/08/2043;M;O;D;N;T;O
V 14/08/2043;T;M;D;D;N;O
S 15/08/2043;T;M;D;D;N;D
D 16/08/2043;N;T;M;D;D;D
L 17/08/2043;N;T;M;O;D;O
M 18/08/2043;D;N;T;M;D;O
X 19/08/2043;D;N;T;M;O;O
J 20/08/2043;D;D;N;T;M;O
V 21/08/2043;O;D;N;T;M;O
S 22/08/2043;M;D;D;N;T;D
D 23/08/2043;M;D;D;N;T;D
L 24/08/2043;T;M;D;D;N;O
M 25/08/2043;T;M;O;D;N;O
X 26/08/2043;N;T;M;D;D;O
J 27/08/2043;N;T;M;O;D;O
V 28/08/2043;D;N;T;M;D;O
S 29/08/2043;D;N;T;M;D;D
D 30/08/2043;D;D;N;T;M;D
L 31/08/2043;O;D;N;T;M;O
M 01/09/2043;M;D;D;N;T;O
X 02/09/2043;M;O;D;N;T;O
J 03/09/2043;T;M;D;D;N;O
V 04/09/2043;T;M;O;D;N;O
S 05/09/2043;N;T;M;D;D;D
D 06/09/2043;N;T;M;D;D;D
L 07/09/2043;D;N;T;O;D;M
M 08/09/2043;D;N;T;O;D;M
X 09/09/2043;D;D;N;O;M;T
J 10/09/2043;D;D;N;O;M;T
V 11/09/2043;M;D;D;O;T;N
S 12/09/2043;M;D;D;D;T;N
D 13/09/2043;T;M;D;D;N;D
L 14/09/2043;T;M;D;O;N;D
M 15/09/2043;N;T;M;O;D;D
X 16/09/2043;N;T;M;O;D;D
J 17/09/2043;D;N;T;O;D;M
V 18/09/2043;D;N;T;O;D;M
S 19/09/2043;D;D;N;D;M;T
D 20/09/2043;D;D;N;D;M;T
L 21/09/2043;O;D;D;M;T;N
M 22/09/2043;O;D;D;M;T;N
X 23/09/2043;O;M;D;T;N;D
J 24/09/2043;O;M;D;T;N;D
V 25/09/2043;O;T;M;N;D;D
S 26/09/2043;D;T;M;N;D;D
D 27/09/2043;D;N;T;D;D;M
L 28/09/2043;O;N;T;D;D;M
M 29/09/2043;O;D;N;D;M;T
X 30/09/2043;O;D;N;D;M;T
J 01/10/2043;O;D;D;M;T;N
V 02/10/2043;O;D;D;M;T;N
S 03/10/2043;D;M;D;T;N;D
D 04/10/2043;D;M;D;T;N;D
L 05/10/2043;M;T;O;N;D;D
M 06/10/2043;M;T;O;N;D;D
X 07/10/2043;T;N;O;D;D;M
J 08/10/2043;T;N;O;D;D;M
V 09/10/2043;N;D;O;D;M;T
S 10/10/2043;N;D;D;D;M;T
D 11/10/2043;D;D;D;M;T;N
L 12/10/2043;D;D;O;M;T;N
M 13/10/2043;D;M;O;T;N;D
X 14/10/2043;D;M;O;T;N;D
J 15/10/2043;M;T;O;N;D;D
V 16/10/2043;M;T;O;N;D;D
S 17/10/2043;T;N;D;D;D;M
D 18/10/2043;T;N;D;D;D;M
L 19/10/2043;N;D;M;D;O;T
M 20/10/2043;N;D;M;D;O;T
X 21/10/2043;D;D;T;M;O;N
J 22/10/2043;D;D;T;M;O;N
V 23/10/2043;D;M;N;T;O;D
S 24/10/2043;D;M;N;T;D;D
D 25/10/2043;M;T;D;N;D;D
L 26/10/2043;M;T;D;N;O;D
M 27/10/2043;T;N;D;D;O;M
X 28/10/2043;T;N;D;D;O;M
J 29/10/2043;N;D;M;D;O;T
V 30/10/2043;N;D;M;D;O;T
S 31/10/2043;D;D;T;M;D;N
D 01/11/2043;D;D;T;M;D;N
L 02/11/2043;D;O;N;T;M;D
M 03/11/2043;D;O;N;T;M;D
X 04/11/2043;M;O;D;N;T;D
J 05/11/2043;M;O;D;N;T;D
V 06/11/2043;T;O;D;D;N;M
S 07/11/2043;T;D;D;D;N;M
D 08/11/2043;N;D;M;D;D;T
L 09/11/2043;N;O;M;D;D;T
M 10/11/2043;D;O;T;M;D;N
X 11/11/2043;D;O;T;M;D;N
J 12/11/2043;D;O;N;T;M;D
V 13/11/2043;D;O;N;T;M;D
S 14/11/2043;M;D;D;N;T;D
D 15/11/2043;M;D;D;N;T;D
L 16/11/2043;T;M;D;D;N;O
M 17/11/2043;T;M;D;D;N;O
X 18/11/2043;N;T;M;D;D;O
J 19/11/2043;N;T;M;D;D;O
V 20/11/2043;D;N;T;M;D;O
S 21/11/2043;D;N;T;M;D;D
D 22/11/2043;D;D;N;T;M;D
L 23/11/2043;D;D;N;T;M;O
M 24/11/2043;M;D;D;N;T;O
X 25/11/2043;M;D;D;N;T;O
J 26/11/2043;T;M;D;D;N;O
V 27/11/2043;T;M;D;D;N;O
S 28/11/2043;N;T;M;D;D;D
D 29/11/2043;N;T;M;D;D;D
L 30/11/2043;D;N;T;O;D;M
M 01/12/2043;D;N;T;O;D;M
X 02/12/2043;D;D;N;O;M;T
J 03/12/2043;D;D;N;O;M;T
V 04/12/2043;M;D;D;O;T;N
S 05/12/2043;M;D;D;D;T;N
D 06/12/2043;T;M;D;D;N;D
L 07/12/2043;T;M;D;O;N;D
M 08/12/2043;N;T;M;O;D;D
X 09/12/2043;N;T;M;O;D;D
J 10/12/2043;D;N;T;O;D;M
V 11/12/2043;D;N;T;O;D;M
S 12/12/2043;D;D;N;D;M;T
D 13/12/2043;D;D;N;D;M;T
L 14/12/2043;O;D;D;M;T;N
M 15/12/2043;O;D;D;M;T;N
X 16/12/2043;O;M;D;T;N;D
J 17/12/2043;O;M;D;T;N;D
V 18/12/2043;O;T;M;N;D;D
S 19/12/2043;D;T;M;N;D;D
D 20/12/2043;D;N;T;D;D;M
L 21/12/2043;O;N;T;D;D;M
M 22/12/2043;O;D;N;D;M;T
X 23/12/2043;O;D;N;D;M;T
J 24/12/2043;O;D;D;M;T;N
V 25/12/2043;O;D;D;M;T;N
S 26/12/2043;D;M;D;T;N;D
D 27/12/2043;D;M;D;T;N;D
L 28/12/2043;M;T;O;N;D;D
M 29/12/2043;M;T;O;N;D;D
X 30/12/2043;T;N;O;D;D;M
J 31/12/2043;T;N;O;D;D;M
V 01/01/2044;N;D;O;D;M;T
S 02/01/2044;N;D;D;D;M;T
D 03/01/2044;D;D;D;M;T;N
L 04/01/2044;D;D;O;M;T;N
M 05/01/2044;D;M;O;T;N;D
X 06/01/2044;D;M;O;T;N;D
J 07/01/2044;M;T;O;N;D;D
V 08/01/2044;M;T;O;N;D;D
S 09/01/2044;T;N;D;D;D;M
D 10/01/2044;T;N;D;D;D;M
L 11/01/2044;N;D;M;D;O;T
M 12/01/2044;N;D;M;D;O;T
X 13/01/2044;D;D;T;M;O;N
J 14/01/2044;D;D;T;M;O;N
V 15/01/2044;D;M;N;T;O;D
S 16/01/2044;D;M;N;T;D;D
D 17/01/2044;M;T;D;N;D;D
L 18/01/2044;M;T;D;N;O;D
M 19/01/2044;T;N;D;D;O;M
X 20/01/2044;T;N;D;D;O;M
J 21/01/2044;N;D;M;D;O;T
V 22/01/2044;N;D;M;D;O;T
S 23/01/2044;D;D;T;M;D;N
D 24/01/2044;D;D;T;M;D;N
L 25/01/2044;D;O;N;T;M;D
M 26/01/2044;D;O;N;T;M;D
X 27/01/2044;M;O;D;N;T;D
J 28/01/2044;M;O;D;N;T;D
V 29/01/2044;T;O;D;D;N;M
S 30/01/2044;T;D;D;D;N;M
D 31/01/2044;N;D;M;D;D;T
L 01/02/2044;N;O;M;D;D;T
M 02/02/2044;D;O;T;M;D;N
X 03/02/2044;D;O;T;M;D;N
J 04/02/2044;D;O;N;T;M;D
V 05/02/2044;D;O;N;T;M;D
S 06/02/2044;M;D;D;N;T;D
D 07/02/2044;M;D;D;N;T;D
L 08/02/2044;T;M;D;D;N;O
M 09/02/2044;T;M;D;D;N;O
X 10/02/2044;N;T;M;D;D;O
J 11/02/2044;N;T;M;D;D;O
V 12/02/2044;D;N;T;M;D;O
S 13/02/2044;D;N;T;M;D;D
D 14/02/2044;D;D;N;T;M;D
L 15/02/2044;D;D;N;T;M;O
M 16/02/2044;M;D;D;N;T;O
X 17/02/2044;M;D;D;N;T;O
J 18/02/2044;T;M;D;D;N;O
V 19/02/2044;T;M;D;D;N;O
S 20/02/2044;N;T;M;D;D;D
D 21/02/2044;N;T;M;D;D;D
L 22/02/2044;D;N;T;O;D;M
M 23/02/2044;D;N;T;O;D;M
X 24/02/2044;D;D;N;O;M;T
J 25/02/2044;D;D;N;O;M;T
V 26/02/2044;M;D;D;O;T;N
S 27/02/2044;M;D;D;D;T;N
D 28/02/2044;T;M;D;D;N;D
L 29/02/2044;T;M;D;O;N;D
M 01/03/2044;N;T;M;O;D;D
X 02/03/2044;N;T;M;O;D;D
J 03/03/2044;D;N;T;O;D;M
V 04/03/2044;D;N;T;O;D;M
S 05/03/2044;D;D;N;D;M;T
D 06/03/2044;D;D;N;D;M;T
L 07/03/2044;O;D;D;M;T;N
M 08/03/2044;O;D;D;M;T;N
X 09/03/2044;O;M;D;T;N;D
J 10/03/2044;O;M;D;T;N;D
V 11/03/2044;O;T;M;N;D;D
S 12/03/2044;D;T;M;N;D;D
D 13/03/2044;D;N;T;D;D;M
L 14/03/2044;O;N;T;D;D;M
M 15/03/2044;O;D;N;D;M;T
X 16/03/2044;O;D;N;D;M;T
J 17/03/2044;O;D;D;M;T;N
V 18/03/2044;O;D;D;M;T;N
S 19/03/2044;D;M;D;T;N;D
D 20/03/2044;D;M;D;T;N;D
L 21/03/2044;M;T;O;N;D;D
M 22/03/2044;M;T;O;N;D;D
X 23/03/2044;T;N;O;D;D;M
J 24/03/2044;T;N;O;D;D;M
V 25/03/2044;N;D;O;D;M;T
S 26/03/2044;N;D;D;D;M;T
D 27/03/2044;D;D;D;M;T;N
L 28/03/2044;D;D;O;M;T;N
M 29/03/2044;D;M;O;T;N;D
X 30/03/2044;D;M;O;T;N;D
J 31/03/2044;M;T;O;N;D;D
V 01/04/2044;M;T;O;N;D;D
S 02/04/2044;T;N;D;D;D;M
D 03/04/2044;T;N;D;D;D;M
L 04/04/2044;N;D;M;D;O;T
M 05/04/2044;N;D;M;D;O;T
X 06/04/2044;D;D;T;M;O;N
J 07/04/2044;D;D;T;M;O;N
V 08/04/2044;D;M;N;T;O;D
S 09/04/2044;D;M;N;T;D;D
D 10/04/2044;M;T;D;N;D;D
L 11/04/2044;M;T;D;N;O;D
M 12/04/2044;T;N;D;D;O;M
X 13/04/2044;T;N;D;D;O;M
J 14/04/2044;N;D;M;D;O;T
V 15/04/2044;N;D;M;D;O;T
S 16/04/2044;D;D;T;M;D;N
D 17/04/2044;D;D;T;M;D;N
L 18/04/2044;D;M;N;T;O;D
M 19/04/2044;D;M;N;T;O;D
X 20/04/2044;M;T;D;N;O;D
J 21/04/2044;M;T;D;N;O;D
V 22/04/2044;T;N;D;D;O;M
S 23/04/2044;T;N;D;D;D;M
D 24/04/2044;N;D;M;D;D;T
L 25/04/2044;N;D;M;D;O;T
M 26/04/2044;D;D;T;M;O;N
X 27/04/2044;D;D;T;M;O;N
J 28/04/2044;D;M;N;T;O;D
V 29/04/2044;D;M;N;T;O;D
S 30/04/2044;M;T;D;N;D;D
D 01/05/2044;M;T;D;N;D;D
L 02/05/2044;T;N;D;D;M;O
M 03/05/2044;T;N;D;D;M;O
X 04/05/2044;N;D;M;D;T;O
J 05/05/2044;N;D;M;D;T;O
V 06/05/2044;D;D;T;M;N;O
S 07/05/2044;D;D;T;M;N;D
D 08/05/2044;D;M;N;T;D;D
L 09/05/2044;D;M;N;T;D;O
M 10/05/2044;M;T;D;N;D;O
X 11/05/2044;M;T;D;N;D;O
J 12/05/2044;T;N;D;D;M;O
V 13/05/2044;T;N;D;D;M;O
S 14/05/2044;N;D;M;D;T;D
D 15/05/2044;N;D;M;D;T;D
L 16/05/2044;D;D;T;M;N;O
M 17/05/2044;D;D;T;M;N;O
X 18/05/2044;D;M;N;T;D;O
J 19/05/2044;D;M;N;T;D;O
V 20/05/2044;M;T;D;N;D;O
S 21/05/2044;M;T;D;N;D;D
D 22/05/2044;T;N;D;D;M;D
L 23/05/2044;T;N;D;D;M;O
M 24/05/2044;N;D;M;D;T;O
X 25/05/2044;N;D;M;D;T;O
J 26/05/2044;D;D;T;M;N;O
V 27/05/2044;D;D;T;M;N;O
S 28/05/2044;D;M;N;T;D;D
D 29/05/2044;D;M;N;T;D;D
L 30/05/2044;O;T;D;N;D;M
M 31/05/2044;O;T;D;N;D;M
X 01/06/2044;O;N;D;D;M;T
J 02/06/2044;O;N;D;D;M;T
V 03/06/2044;O;D;M;D;T;N
S 04/06/2044;D;D;M;D;T;N
D 05/06/2044;D;D;T;M;N;D
L 06/06/2044;O;D;T;M;N;D
M 07/06/2044;O;M;N;T;D;D
X 08/06/2044;O;M;N;T;D;D
J 09/06/2044;O;T;D;N;D;M
V 10/06/2044;O;T;D;N;D;M
S 11/06/2044;D;N;D;D;M;T
D 12/06/2044;D;N;D;D;M;T
L 13/06/2044;O;D;M;D;T;N
M 14/06/2044;O;D;M;D;T;N
X 15/06/2044;O;D;T;M;N;D
J 16/06/2044;O;D;T;M;N;D
V 17/06/2044;O;M;N;T;D;D
S 18/06/2044;D;M;N;T;D;D
D 19/06/2044;D;T;D;N;D;M
L 20/06/2044;O;T;D;N;D;M
M 21/06/2044;O;N;D;D;M;T
X 22/06/2044;O;N;D;D;M;T
J 23/06/2044;O;D;M;D;T;N
V 24/06/2044;O;D;M;D;T;N
S 25/06/2044;D;D;T;M;N;D
D 26/06/2044;D;D;T;M;N;D
L 27/06/2044;M;O;N;T;D;D
M 28/06/2044;M;O;N;T;D;D
X 29/06/2044;T;O;D;N;D;M
J 30/06/2044;T;O;D;N;D;M
V 01/07/2044;N;O;D;D;M;T
S 02/07/2044;N;D;D;D;M;T
D 03/07/2044;D;D;M;D;T;N
L 04/07/2044;D;O;M;D;T;N
M 05/07/2044;D;O;T;M;N;D
X 06/07/2044;D;O;T;M;N;D
J 07/07/2044;M;O;N;T;D;D
V 08/07/2044;M;O;N;T;D;D
S 09/07/2044;T;D;D;N;D;M
D 10/07/2044;T;D;D;N;D;M
L 11/07/2044;N;O;D;D;M;T
M 12/07/2044;N;O;D;D;M;T
X 13/07/2044;D;O;M;D;T;N
J 14/07/2044;D;O;M;D;T;N
V 15/07/2044;D;O;T;M;N;D
S 16/07/2044;D;D;T;M;N;D
D 17/07/2044;M;D;N;T;D;D
L 18/07/2044;M;O;N;T;D;D
M 19/07/2044;T;O;D;N;D;M
X 20/07/2044;T;O;D;N;D;M
J 21/07/2044;N;O;D;D;M;T
V 22/07/2044;N;O;D;D;M;T
S 23/07/2044;D;D;M;D;T;N
D 24/07/2044;D;D;M;D;T;N
L 25/07/2044;D;M;T;O;N;D
M 26/07/2044;D;M;T;O;N;D
X 27/07/2044;M;T;N;O;D;D
J 28/07/2044;M;T;N;O;D;D
V 29/07/2044;T;N;D;O;D;M
S 30/07/2044;T;N;D;D;D;M
D 31/07/2044;N;D;D;D;M;T
L 01/08/2044;N;D;D;O;M;T
M 02/08/2044;D;D;M;O;T;N
X 03/08/2044;D;D;M;O;T;N
J 04/08/2044;D;M;T;O;N;D
V 05/08/2044;D;M;T;O;N;D
S 06/08/2044;M;T;N;D;D;D
D 07/08/2044;M;T;N;D;D;D
L 08/08/2044;T;N;D;O;D;M
M 09/08/2044;T;N;D;O;D;M
X 10/08/2044;N;D;D;O;M;T
J 11/08/2044;N;D;D;O;M;T
V 12/08/2044;D;D;M;O;T;N
S 13/08/2044;D;D;M;D;T;N
D 14/08/2044;D;M;T;D;N;D
L 15/08/2044;D;M;T;O;N;D
M 16/08/2044;M;T;N;O;D;D
X 17/08/2044;M;T;N;O;D;D
J 18/08/2044;T;N;D;O;D;M
V 19/08/2044;T;N;D;O;D;M
S 20/08/2044;N;D;D;D;M;T
D 21/08/2044;N;D;D;D;M;T
L 22/08/2044;D;D;O;M;T;N
M 23/08/2044;D;D;O;M;T;N
X 24/08/2044;D;M;O;T;N;D
J 25/08/2044;D;M;O;T;N;D
V 26/08/2044;M;T;O;N;D;D
S 27/08/2044;M;T;D;N;D;D
D 28/08/2044;T;N;D;D;D;M
L 29/08/2044;T;N;O;D;D;M
M 30/08/2044;N;D;O;D;M;T
X 31/08/2044;N;D;O;D;M;T
J 01/09/2044;D;D;O;M;T;N
V 02/09/2044;D;D;O;M;T;N
S 03/09/2044;D;M;D;T;N;D
D 04/09/2044;D;M;D;T;N;D
L 05/09/2044;M;T;O;N;D;D
M 06/09/2044;M;T;O;N;D;D
X 07/09/2044;T;N;O;D;D;M
J 08/09/2044;T;N;O;D;D;M
V 09/09/2044;N;D;O;D;M;T
S 10/09/2044;N;D;D;D;M;T
D 11/09/2044;D;D;D;M;T;N
L 12/09/2044;D;D;O;M;T;N
M 13/09/2044;D;M;O;T;N;D
X 14/09/2044;D;M;O;T;N;D
J 15/09/2044;M;T;O;N;D;D
V 16/09/2044;M;T;O;N;D;D
S 17/09/2044;T;N;D;D;D;M
D 18/09/2044;T;N;D;D;D;M
L 19/09/2044;N;D;M;D;O;T
M 20/09/2044;N;D;M;D;O;T
X 21/09/2044;D;D;T;M;O;N
J 22/09/2044;D;D;T;M;O;N
V 23/09/2044;D;M;N;T;O;D
S 24/09/2044;D;M;N;T;D;D
D 25/09/2044;M;T;D;N;D;D
L 26/09/2044;M;T;D;N;O;D
M 27/09/2044;T;N;D;D;O;M
X 28/09/2044;T;N;D;D;O;M
J 29/09/2044;N;D;M;D;O;T
V 30/09/2044;N;D;M;D;O;T
S 01/10/2044;D;D;T;M;D;N
D 02/10/2044;D;D;T;M;D;N
L 03/10/2044;D;O;N;T;M;D
M 04/10/2044;D;O;N;T;M;D
X 05/10/2044;M;O;D;N;T;D
J 06/10/2044;M;O;D;N;T;D
V 07/10/2044;T;O;D;D;N;M
S 08/10/2044;T;D;D;D;N;M
D 09/10/2044;N;D;M;D;D;T
L 10/10/2044;N;O;M;D;D;T
M 11/10/2044;D;O;T;M;D;N
X 12/10/2044;D;O;T;M;D;N
J 13/10/2044;D;O;N;T;M;D
V 14/10/2044;D;O;N;T;M;D
S 15/10/2044;M;D;D;N;T;D
D 16/10/2044;M;D;D;N;T;D
L 17/10/2044;T;M;D;D;N;O
M 18/10/2044;T;M;D;D;N;O
X 19/10/2044;N;T;M;D;D;O
J 20/10/2044;N;T;M;D;D;O
V 21/10/2044;D;N;T;M;D;O
S 22/10/2044;D;N;T;M;D;D
D 23/10/2044;D;D;N;T;M;D
L 24/10/2044;D;D;N;T;M;O
M 25/10/2044;M;D;D;N;T;O
X 26/10/2044;M;D;D;N;T;O
J 27/10/2044;T;M;D;D;N;O
V 28/10/2044;T;M;D;D;N;O
S 29/10/2044;N;T;M;D;D;D
D 30/10/2044;N;T;M;D;D;D
L 31/10/2044;D;N;T;O;D;M
M 01/11/2044;D;N;T;O;D;M
X 02/11/2044;D;D;N;O;M;T
J 03/11/2044;D;D;N;O;M;T
V 04/11/2044;M;D;D;O;T;N
S 05/11/2044;M;D;D;D;T;N
D 06/11/2044;T;M;D;D;N;D
L 07/11/2044;T;M;D;O;N;D
M 08/11/2044;N;T;M;O;D;D
X 09/11/2044;N;T;M;O;D;D
J 10/11/2044;D;N;T;O;D;M
V 11/11/2044;D;N;T;O;D;M
S 12/11/2044;D;D;N;D;M;T
D 13/11/2044;D;D;N;D;M;T
L 14/11/2044;O;D;D;M;T;N
M 15/11/2044;O;D;D;M;T;N
X 16/11/2044;O;M;D;T;N;D
J 17/11/2044;O;M;D;T;N;D
V 18/11/2044;O;T;M;N;D;D
S 19/11/2044;D;T;M;N;D;D
D 20/11/2044;D;N;T;D;D;M
L 21/11/2044;O;N;T;D;D;M
M 22/11/2044;O;D;N;D;M;T
X 23/11/2044;O;D;N;D;M;T
J 24/11/2044;O;D;D;M;T;N
V 25/11/2044;O;D;D;M;T;N
S 26/11/2044;D;M;D;T;N;D
D 27/11/2044;D;M;D;T;N;D
L 28/11/2044;M;T;O;N;D;D
M 29/11/2044;M;T;O;N;D;D
X 30/11/2044;T;N;O;D;D;M
J 01/12/2044;T;N;O;D;D;M
V 02/12/2044;N;D;O;D;M;T
S 03/12/2044;N;D;D;D;M;T
D 04/12/2044;D;D;D;M;T;N
L 05/12/2044;D;D;O;M;T;N
M 06/12/2044;D;M;O;T;N;D
X 07/12/2044;D;M;O;T;N;D
J 08/12/2044;M;T;O;N;D;D
V 09/12/2044;M;T;O;N;D;D
S 10/12/2044;T;N;D;D;D;M
D 11/12/2044;T;N;D;D;D;M
L 12/12/2044;N;D;M;D;O;T
M 13/12/2044;N;D;M;D;O;T
X 14/12/2044;D;D;T;M;O;N
J 15/12/2044;D;D;T;M;O;N
V 16/12/2044;D;M;N;T;O;D
S 17/12/2044;D;M;N;T;D;D
D 18/12/2044;M;T;D;N;D;D
L 19/12/2044;M;T;D;N;O;D
M 20/12/2044;T;N;D;D;O;M
X 21/12/2044;T;N;D;D;O;M
J 22/12/2044;N;D;M;D;O;T
V 23/12/2044;N;D;M;D;O;T
S 24/12/2044;D;D;T;M;D;N
D 25/12/2044;D;D;T;M;D;N
L 26/12/2044;D;O;N;T;M;D
M 27/12/2044;D;O;N;T;M;D
X 28/12/2044;M;O;D;N;T;D
J 29/12/2044;M;O;D;N;T;D
V 30/12/2044;T;O;D;D;N;M
S 31/12/2044;T;D;D;D;N;M
D 01/01/2045;N;D;M;D;D;T
L 02/01/2045;N;O;M;D;D;T
M 03/01/2045;D;O;T;M;D;N
X 04/01/2045;D;O;T;M;D;N
J 05/01/2045;D;O;N;T;M;D
V 06/01/2045;D;O;N;T;M;D
S 07/01/2045;M;D;D;N;T;D
D 08/01/2045;M;D;D;N;T;D
L 09/01/2045;T;M;D;D;N;O
M 10/01/2045;T;M;D;D;N;O
X 11/01/2045;N;T;M;D;D;O
J 12/01/2045;N;T;M;D;D;O
V 13/01/2045;D;N;T;M;D;O
S 14/01/2045;D;N;T;M;D;D
D 15/01/2045;D;D;N;T;M;D
L 16/01/2045;D;D;N;T;M;O
M 17/01/2045;M;D;D;N;T;O
X 18/01/2045;M;D;D;N;T;O
J 19/01/2045;T;M;D;D;N;O
V 20/01/2045;T;M;D;D;N;O
S 21/01/2045;N;T;M;D;D;D
D 22/01/2045;N;T;M;D;D;D
L 23/01/2045;D;N;T;O;D;M
M 24/01/2045;D;N;T;O;D;M
X 25/01/2045;D;D;N;O;M;T
J 26/01/2045;D;D;N;O;M;T
V 27/01/2045;M;D;D;O;T;N
S 28/01/2045;M;D;D;D;T;N
D 29/01/2045;T;M;D;D;N;D
L 30/01/2045;T;M;D;O;N;D
M 31/01/2045;N;T;M;O;D;D
X 01/02/2045;N;T;M;O;D;D
J 02/02/2045;D;N;T;O;D;M
V 03/02/2045;D;N;T;O;D;M
S 04/02/2045;D;D;N;D;M;T
D 05/02/2045;D;D;N;D;M;T
L 06/02/2045;O;D;D;M;T;N
M 07/02/2045;O;D;D;M;T;N
X 08/02/2045;O;M;D;T;N;D
J 09/02/2045;O;M;D;T;N;D
V 10/02/2045;O;T;M;N;D;D
S 11/02/2045;D;T;M;N;D;D
D 12/02/2045;D;N;T;D;D;M
L 13/02/2045;O;N;T;D;D;M
M 14/02/2045;O;D;N;D;M;T
X 15/02/2045;O;D;N;D;M;T
J 16/02/2045;O;D;D;M;T;N
V 17/02/2045;O;D;D;M;T;N
S 18/02/2045;D;M;D;T;N;D
D 19/02/2045;D;M;D;T;N;D
L 20/02/2045;M;T;O;N;D;D
M 21/02/2045;M;T;O;N;D;D
X 22/02/2045;T;N;O;D;D;M
J 23/02/2045;T;N;O;D;D;M
V 24/02/2045;N;D;O;D;M;T
S 25/02/2045;N;D;D;D;M;T
D 26/02/2045;D;D;D;M;T;N
L 27/02/2045;D;D;O;M;T;N
M 28/02/2045;D;M;O;T;N;D
X 01/03/2045;D;M;O;T;N;D
J 02/03/2045;M;T;O;N;D;D
V 03/03/2045;M;T;O;N;D;D
S 04/03/2045;T;N;D;D;D;M
D 05/03/2045;T;N;D;D;D;M
L 06/03/2045;N;D;M;D;O;T
M 07/03/2045;N;D;M;D;O;T
X 08/03/2045;D;D;T;M;O;N
J 09/03/2045;D;D;T;M;O;N
V 10/03/2045;D;M;N;T;O;D
S 11/03/2045;D;M;N;T;D;D
D 12/03/2045;M;T;D;N;D;D
L 13/03/2045;M;T;D;N;O;D
M 14/03/2045;T;N;D;D;O;M
X 15/03/2045;T;N;D;D;O;M
J 16/03/2045;N;D;M;D;O;T
V 17/03/2045;N;D;M;D;O;T
S 18/03/2045;D;D;T;M;D;N
D 19/03/2045;D;D;T;M;D;N
L 20/03/2045;D;O;N;T;M;D
M 21/03/2045;D;O;N;T;M;D
X 22/03/2045;M;O;D;N;T;D
J 23/03/2045;M;O;D;N;T;D
V 24/03/2045;T;O;D;D;N;M
S 25/03/2045;T;D;D;D;N;M
D 26/03/2045;N;D;M;D;D;T
L 27/03/2045;N;O;M;D;D;T
M 28/03/2045;D;O;T;M;D;N
X 29/03/2045;D;O;T;M;D;N
J 30/03/2045;D;O;N;T;M;D
V 31/03/2045;D;O;N;T;M;D
S 01/04/2045;M;D;D;N;T;D
D 02/04/2045;M;D;D;N;T;D
L 03/04/2045;T;M;D;D;N;O
M 04/04/2045;T;M;D;D;N;O
X 05/04/2045;N;T;M;D;D;O
J 06/04/2045;N;T;M;D;D;O
V 07/04/2045;D;N;T;M;D;O
S 08/04/2045;D;N;T;M;D;D
D 09/04/2045;D;D;N;T;M;D
L 10/04/2045;D;D;N;T;M;O
M 11/04/2045;M;D;D;N;T;O
X 12/04/2045;M;D;D;N;T;O
J 13/04/2045;T;M;D;D;N;O
V 14/04/2045;T;M;D;D;N;O
S 15/04/2045;N;T;M;D;D;D
D 16/04/2045;N;T;M;D;D;D
L 17/04/2045;D;N;T;M;D;O
M 18/04/2045;D;N;T;M;D;O
X 19/04/2045;D;D;N;T;M;O
J 20/04/2045;D;D;N;T;M;O
V 21/04/2045;M;D;D;N;T;O
S 22/04/2045;M;D;D;N;T;D
D 23/04/2045;T;M;D;D;N;D
L 24/04/2045;T;M;D;D;N;O
M 25/04/2045;N;T;M;D;D;O
X 26/04/2045;N;T;M;D;D;O
J 27/04/2045;D;N;T;M;D;O
V 28/04/2045;D;N;T;M;D;O
S 29/04/2045;D;D;N;T;M;D
D 30/04/2045;D;D;N;T;M;D
L 01/05/2045;O;D;D;N;T;M
M 02/05/2045;O;D;D;N;T;M
X 03/05/2045;O;M;D;D;N;T
J 04/05/2045;O;M;D;D;N;T
V 05/05/2045;O;T;M;D;D;N
S 06/05/2045;D;T;M;D;D;N
D 07/05/2045;D;N;T;M;D;D
L 08/05/2045;O;N;T;M;D;D
M 09/05/2045;O;D;N;T;M;D
X 10/05/2045;O;D;N;T;M;D
J 11/05/2045;O;D;D;N;T;M
V 12/05/2045;O;D;D;N;T;M
S 13/05/2045;D;M;D;D;N;T
D 14/05/2045;D;M;D;D;N;T
L 15/05/2045;O;T;M;D;D;N
M 16/05/2045;O;T;M;D;D;N
X 17/05/2045;O;N;T;M;D;D
J 18/05/2045;O;N;T;M;D;D
V 19/05/2045;O;D;N;T;M;D
S 20/05/2045;D;D;N;T;M;D
D 21/05/2045;D;D;D;N;T;M
L 22/05/2045;O;D;D;N;T;M
M 23/05/2045;O;M;D;D;N;T
X 24/05/2045;O;M;D;D;N;T
J 25/05/2045;O;T;M;D;D;N
V 26/05/2045;O;T;M;D;D;N
S 27/05/2045;D;N;T;M;D;D
D 28/05/2045;D;N;T;M;D;D
L 29/05/2045;M;D;N;T;O;D
M 30/05/2045;M;D;N;T;O;D
X 31/05/2045;T;D;D;N;O;M
J 01/06/2045;T;D;D;N;O;M
V 02/06/2045;N;M;D;D;O;T
S 03/06/2045;N;M;D;D;D;T
D 04/06/2045;D;T;M;D;D;N
L 05/06/2045;D;T;M;D;O;N
M 06/06/2045;D;N;T;M;O;D
X 07/06/2045;D;N;T;M;O;D
J 08/06/2045;M;D;N;T;O;D
V 09/06/2045;M;D;N;T;O;D
S 10/06/2045;T;D;D;N;D;M
D 11/06/2045;T;D;D;N;D;M
L 12/06/2045;N;M;D;D;O;T
M 13/06/2045;N;M;D;D;O;T
X 14/06/2045;D;T;M;D;O;N
J 15/06/2045;D;T;M;D;O;N
V 16/06/2045;D;N;T;M;O;D
S 17/06/2045;D;N;T;M;D;D
D 18/06/2045;M;D;N;T;D;D
L 19/06/2045;M;D;N;T;O;D
M 20/06/2045;T;D;D;N;O;M
X 21/06/2045;T;D;D;N;O;M
J 22/06/2045;N;M;D;D;O;T
V 23/06/2045;N;M;D;D;O;T
S 24/06/2045;D;T;M;D;D;N
D 25/06/2045;D;T;M;D;D;N
L 26/06/2045;D;N;T;O;M;D
M 27/06/2045;D;N;T;O;M;D
X 28/06/2045;M;D;N;O;T;D
J 29/06/2045;M;D;N;O;T;D
V 30/06/2045;T;D;D;O;N;M
S 01/07/2045;T;D;D;D;N;M
D 02/07/2045;N;M;D;D;D;T
L 03/07/2045;N;M;D;O;D;T
M 04/07/2045;D;T;M;O;D;N
X 05/07/2045;D;T;M;O;D;N
J 06/07/2045;D;N;T;O;M;D
V 07/07/2045;D;N;T;O;M;D
S 08/07/2045;M;D;N;D;T;D
D 09/07/2045;M;D;N;D;T;D
L 10/07/2045;T;D;D;O;N;M
M 11/07/2045;T;D;D;O;N;M
X 12/07/2045;N;M;D;O;D;T
J 13/07/2045;N;M;D;O;D;T
V 14/07/2045;D;T;M;O;D;N
S 15/07/2045;D;T;M;D;D;N
D 16/07/2045;D;N;T;D;M;D
L 17/07/2045;D;N;T;O;M;D
M 18/07/2045;M;D;N;O;T;D
X 19/07/2045;M;D;N;O;T;D
J 20/07/2045;T;D;D;O;N;M
V 21/07/2045;T;D;D;O;N;M
S 22/07/2045;N;M;D;D;D;T
D 23/07/2045;N;M;D;D;D;T
L 24/07/2045;D;T;O;M;D;N
M 25/07/2045;D;T;O;M;D;N
X 26/07/2045;D;N;O;T;M;D
J 27/07/2045;D;N;O;T;M;D
V 28/07/2045;M;D;O;N;T;D
S 29/07/2045;M;D;D;N;T;D
D 30/07/2045;T;D;D;D;N;M
L 31/07/2045;T;D;O;D;N;M
M 01/08/2045;N;M;O;D;D;T
X 02/08/2045;N;M;O;D;D;T
J 03/08/2045;D;T;O;M;D;N
V 04/08/2045;D;T;O;M;D;N
S 05/08/2045;D;N;D;T;M;D
D 06/08/2045;D;N;D;T;M;D
L 07/08/2045;M;D;O;N;T;D
M 08/08/2045;M;D;O;N;T;D
X 09/08/2045;T;D;O;D;N;M
J 10/08/2045;T;D;O;D;N;M
V 11/08/2045;N;M;O;D;D;T
S 12/08/2045;N;M;D;D;D;T
D 13/08/2045;D;T;D;M;D;N
L 14/08/2045;D;T;O;M;D;N
M 15/08/2045;D;N;O;T;M;D
X 16/08/2045;D;N;O;T;M;D
J 17/08/2045;M;D;O;N;T;D
V 18/08/2045;M;D;O;N;T;D
S 19/08/2045;T;D;D;D;N;M
D 20/08/2045;T;D;D;D;N;M
L 21/08/2045;N;O;M;D;D;T
M 22/08/2045;N;O;M;D;D;T
X 23/08/2045;D;O;T;M;D;N
J 24/08/2045;D;O;T;M;D;N
V 25/08/2045;D;O;N;T;M;D
S 26/08/2045;D;D;N;T;M;D
D 27/08/2045;M;D;D;N;T;D
L 28/08/2045;M;O;D;N;T;D
M 29/08/2045;T;O;D;D;N;M
X 30/08/2045;T;O;D;D;N;M
J 31/08/2045;N;O;M;D;D;T
V 01/09/2045;N;O;M;D;D;T
S 02/09/2045;D;D;T;M;D;N
D 03/09/2045;D;D;T;M;D;N
L 04/09/2045;D;O;N;T;M;D
M 05/09/2045;D;O;N;T;M;D
X 06/09/2045;M;O;D;N;T;D
J 07/09/2045;M;O;D;N;T;D
V 08/09/2045;T;O;D;D;N;M
S 09/09/2045;T;D;D;D;N;M
D 10/09/2045;N;D;M;D;D;T
L 11/09/2045;N;O;M;D;D;T
M 12/09/2045;D;O;T;M;D;N
X 13/09/2045;D;O;T;M;D;N
J 14/09/2045;D;O;N;T;M;D
V 15/09/2045;D;O;N;T;M;D
S 16/09/2045;M;D;D;N;T;D
D 17/09/2045;M;D;D;N;T;D
L 18/09/2045;T;M;D;D;N;O
M 19/09/2045;T;M;D;D;N;O
X 20/09/2045;N;T;M;D;D;O
J 21/09/2045;N;T;M;D;D;O
V 22/09/2045;D;N;T;M;D;O
S 23/09/2045;D;N;T;M;D;D
D 24/09/2045;D;D;N;T;M;D
L 25/09/2045;D;D;N;T;M;O
M 26/09/2045;M;D;D;N;T;O
X 27/09/2045;M;D;D;N;T;O
J 28/09/2045;T;M;D;D;N;O
V 29/09/2045;T;M;D;D;N;O
S 30/09/2045;N;T;M;D;D;D
D 01/10/2045;N;T;M;D;D;D
L 02/10/2045;D;N;T;O;D;M
M 03/10/2045;D;N;T;O;D;M
X 04/10/2045;D;D;N;O;M;T
J 05/10/2045;D;D;N;O;M;T
V 06/10/2045;M;D;D;O;T;N
S 07/10/2045;M;D;D;D;T;N
D 08/10/2045;T;M;D;D;N;D
L 09/10/2045;T;M;D;O;N;D
M 10/10/2045;N;T;M;O;D;D
X 11/10/2045;N;T;M;O;D;D
J 12/10/2045;D;N;T;O;D;M
V 13/10/2045;D;N;T;O;D;M
S 14/10/2045;D;D;N;D;M;T
D 15/10/2045;D;D;N;D;M;T
L 16/10/2045;O;D;D;M;T;N
M 17/10/2045;O;D;D;M;T;N
X 18/10/2045;O;M;D;T;N;D
J 19/10/2045;O;M;D;T;N;D
V 20/10/2045;O;T;M;N;D;D
S 21/10/2045;D;T;M;N;D;D
D 22/10/2045;D;N;T;D;D;M
L 23/10/2045;O;N;T;D;D;M
M 24/10/2045;O;D;N;D;M;T
X 25/10/2045;O;D;N;D;M;T
J 26/10/2045;O;D;D;M;T;N
V 27/10/2045;O;D;D;M;T;N
S 28/10/2045;D;M;D;T;N;D
D 29/10/2045;D;M;D;T;N;D
L 30/10/2045;M;T;O;N;D;D
M 31/10/2045;M;T;O;N;D;D
X 01/11/2045;T;N;O;D;D;M
J 02/11/2045;T;N;O;D;D;M
V 03/11/2045;N;D;O;D;M;T
S 04/11/2045;N;D;D;D;M;T
D 05/11/2045;D;D;D;M;T;N
L 06/11/2045;D;D;O;M;T;N
M 07/11/2045;D;M;O;T;N;D
X 08/11/2045;D;M;O;T;N;D
J 09/11/2045;M;T;O;N;D;D
V 10/11/2045;M;T;O;N;D;D
S 11/11/2045;T;N;D;D;D;M
D 12/11/2045;T;N;D;D;D;M
L 13/11/2045;N;D;M;D;O;T
M 14/11/2045;N;D;M;D;O;T
X 15/11/2045;D;D;T;M;O;N
J 16/11/2045;D;D;T;M;O;N
V 17/11/2045;D;M;N;T;O;D
S 18/11/2045;D;M;N;T;D;D
D 19/11/2045;M;T;D;N;D;D
L 20/11/2045;M;T;D;N;O;D
M 21/11/2045;T;N;D;D;O;M
X 22/11/2045;T;N;D;D;O;M
J 23/11/2045;N;D;M;D;O;T
V 24/11/2045;N;D;M;D;O;T
S 25/11/2045;D;D;T;M;D;N
D 26/11/2045;D;D;T;M;D;N
L 27/11/2045;D;O;N;T;M;D
M 28/11/2045;D;O;N;T;M;D
X 29/11/2045;M;O;D;N;T;D
J 30/11/2045;M;O;D;N;T;D
V 01/12/2045;T;O;D;D;N;M
S 02/12/2045;T;D;D;D;N;M
D 03/12/2045;N;D;M;D;D;T
L 04/12/2045;N;O;M;D;D;T
M 05/12/2045;D;O;T;M;D;N
X 06/12/2045;D;O;T;M;D;N
J 07/12/2045;D;O;N;T;M;D
V 08/12/2045;D;O;N;T;M;D
S 09/12/2045;M;D;D;N;T;D
D 10/12/2045;M;D;D;N;T;D
L 11/12/2045;T;M;D;D;N;O
M 12/12/2045;T;M;D;D;N;O
X 13/12/2045;N;T;M;D;D;O
J 14/12/2045;N;T;M;D;D;O
V 15/12/2045;D;N;T;M;D;O
S 16/12/2045;D;N;T;M;D;D
D 17/12/2045;D;D;N;T;M;D
L 18/12/2045;D;D;N;T;M;O
M 19/12/2045;M;D;D;N;T;O
X 20/12/2045;M;D;D;N;T;O
J 21/12/2045;T;M;D;D;N;O
V 22/12/2045;T;M;D;D;N;O
S 23/12/2045;N;T;M;D;D;D
D 24/12/2045;N;T;M;D;D;D
L 25/12/2045;D;N;T;O;D;M
M 26/12/2045;D;N;T;O;D;M
X 27/12/2045;D;D;N;O;M;T
J 28/12/2045;D;D;N;O;M;T
V 29/12/2045;M;D;D;O;T;N
S 30/12/2045;M;D;D;D;T;N
D 31/12/2045;T;M;D;D;N;D
L 01/01/2046;T;M;D;O;N;D
M 02/01/2046;N;T;M;O;D;D
X 03/01/2046;N;T;M;O;D;D
J 04/01/2046;D;N;T;O;D;M
V 05/01/2046;D;N;T;O;D;M
S 06/01/2046;D;D;N;D;M;T
D 07/01/2046;D;D;N;D;M;T
L 08/01/2046;O;D;D;M;T;N
M 09/01/2046;O;D;D;M;T;N
X 10/01/2046;O;M;D;T;N;D
J 11/01/2046;O;M;D;T;N;D
V 12/01/2046;O;T;M;N;D;D
S 13/01/2046;D;T;M;N;D;D
D 14/01/2046;D;N;T;D;D;M
L 15/01/2046;O;N;T;D;D;M
M 16/01/2046;O;D;N;D;M;T
X 17/01/2046;O;D;N;D;M;T
J 18/01/2046;O;D;D;M;T;N
V 19/01/2046;O;D;D;M;T;N
S 20/01/2046;D;M;D;T;N;D
D 21/01/2046;D;M;D;T;N;D
L 22/01/2046;M;T;O;N;D;D
M 23/01/2046;M;T;O;N;D;D
X 24/01/2046;T;N;O;D;D;M
J 25/01/2046;T;N;O;D;D;M
V 26/01/2046;N;D;O;D;M;T
S 27/01/2046;N;D;D;D;M;T
D 28/01/2046;D;D;D;M;T;N
L 29/01/2046;D;D;O;M;T;N
M 30/01/2046;D;M;O;T;N;D
X 31/01/2046;D;M;O;T;N;D
J 01/02/2046;M;T;O;N;D;D
V 02/02/2046;M;T;O;N;D;D
S 03/02/2046;T;N;D;D;D;M
D 04/02/2046;T;N;D;D;D;M
L 05/02/2046;N;D;M;D;O;T
M 06/02/2046;N;D;M;D;O;T
X 07/02/2046;D;D;T;M;O;N
J 08/02/2046;D;D;T;M;O;N
V 09/02/2046;D;M;N;T;O;D
S 10/02/2046;D;M;N;T;D;D
D 11/02/2046;M;T;D;N;D;D
L 12/02/2046;M;T;D;N;O;D
M 13/02/2046;T;N;D;D;O;M
X 14/02/2046;T;N;D;D;O;M
J 15/02/2046;N;D;M;D;O;T
V 16/02/2046;N;D;M;D;O;T
S 17/02/2046;D;D;T;M;D;N
D 18/02/2046;D;D;T;M;D;N
L 19/02/2046;D;O;N;T;M;D
M 20/02/2046;D;O;N;T;M;D
X 21/02/2046;M;O;D;N;T;D
J 22/02/2046;M;O;D;N;T;D
V 23/02/2046;T;O;D;D;N;M
S 24/02/2046;T;D;D;D;N;M
D 25/02/2046;N;D;M;D;D;T
L 26/02/2046;N;O;M;D;D;T
M 27/02/2046;D;O;T;M;D;N
X 28/02/2046;D;O;T;M;D;N
J 01/03/2046;D;O;N;T;M;D
V 02/03/2046;D;O;N;T;M;D
S 03/03/2046;M;D;D;N;T;D
D 04/03/2046;M;D;D;N;T;D
L 05/03/2046;T;M;D;D;N;O
M 06/03/2046;T;M;D;D;N;O
X 07/03/2046;N;T;M;D;D;O
J 08/03/2046;N;T;M;D;D;O
V 09/03/2046;D;N;T;M;D;O
S 10/03/2046;D;N;T;M;D;D
D 11/03/2046;D;D;N;T;M;D
L 12/03/2046;D;D;N;T;M;O
M 13/03/2046;M;D;D;N;T;O
X 14/03/2046;M;D;D;N;T;O
J 15/03/2046;T;M;D;D;N;O
V 16/03/2046;T;M;D;D;N;O
S 17/03/2046;N;T;M;D;D;D
D 18/03/2046;N;T;M;D;D;D
L 19/03/2046;D;N;T;O;D;M
M 20/03/2046;D;N;T;O;D;M
X 21/03/2046;D;D;N;O;M;T
J 22/03/2046;D;D;N;O;M;T
V 23/03/2046;M;D;D;O;T;N
S 24/03/2046;M;D;D;D;T;N
D 25/03/2046;T;M;D;D;N;D
L 26/03/2046;T;M;D;O;N;D
M 27/03/2046;N;T;M;O;D;D
X 28/03/2046;N;T;M;O;D;D
J 29/03/2046;D;N;T;O;D;M
V 30/03/2046;D;N;T;O;D;M
S 31/03/2046;D;D;N;D;M;T
D 01/04/2046;D;D;N;D;M;T
L 02/04/2046;O;D;D;M;T;N
M 03/04/2046;O;D;D;M;T;N
X 04/04/2046;O;M;D;T;N;D
J 05/04/2046;O;M;D;T;N;D
V 06/04/2046;O;T;M;N;D;D
S 07/04/2046;D;T;M;N;D;D
D 08/04/2046;D;N;T;D;D;M
L 09/04/2046;O;N;T;D;D;M
M 10/04/2046;O;D;N;D;M;T
X 11/04/2046;O;D;N;D;M;T
J 12/04/2046;O;D;D;M;T;N
V 13/04/2046;O;D;D;M;T;N
S 14/04/2046;D;M;D;T;N;D
D 15/04/2046;D;M;D;T;N;D
L 16/04/2046;O;T;M;N;D;D
M 17/04/2046;O;T;M;N;D;D
X 18/04/2046;O;N;T;D;D;M
J 19/04/2046;O;N;T;D;D;M
V 20/04/2046;O;D;N;D;M;T
S 21/04/2046;D;D;N;D;M;T
D 22/04/2046;D;D;D;M;T;N
L 23/04/2046;O;D;D;M;T;N
M 24/04/2046;O;M;D;T;N;D
X 25/04/2046;O;M;D;T;N;D
J 26/04/2046;O;T;M;N;D;D
V 27/04/2046;O;T;M;N;D;D
S 28/04/2046;D;N;T;D;D;M
D 29/04/2046;D;N;T;D;D;M
L 30/04/2046;M;D;N;D;O;T
M 01/05/2046;M;D;N;D;O;T
X 02/05/2046;T;D;D;M;O;N
J 03/05/2046;T;D;D;M;O;N
V 04/05/2046;N;M;D;T;O;D
S 05/05/2046;N;M;D;T;D;D
D 06/05/2046;D;T;M;N;D;D
L 07/05/2046;D;T;M;N;O;D
M 08/05/2046;D;N;T;D;O;M
X 09/05/2046;D;N;T;D;O;M
J 10/05/2046;M;D;N;D;O;T
V 11/05/2046;M;D;N;D;O;T
S 12/05/2046;T;D;D;M;D;N
D 13/05/2046;T;D;D;M;D;N
L 14/05/2046;N;M;D;T;O;D
M 15/05/2046;N;M;D;T;O;D
X 16/05/2046;D;T;M;N;O;D
J 17/05/2046;D;T;M;N;O;D
V 18/05/2046;D;N;T;D;O;M
S 19/05/2046;D;N;T;D;D;M
D 20/05/2046;M;D;N;D;D;T
L 21/05/2046;M;D;N;D;O;T
M 22/05/2046;T;D;D;M;O;N
X 23/05/2046;T;D;D;M;O;N
J 24/05/2046;N;M;D;T;O;D
V 25/05/2046;N;M;D;T;O;D
S 26/05/2046;D;T;M;N;D;D
D 27/05/2046;D;T;M;N;D;D
L 28/05/2046;D;N;T;D;M;O
M 29/05/2046;D;N;T;D;M;O
X 30/05/2046;M;D;N;D;T;O
J 31/05/2046;M;D;N;D;T;O
V 01/06/2046;T;D;D;M;N;O
S 02/06/2046;T;D;D;M;N;D
D 03/06/2046;N;M;D;T;D;D
L 04/06/2046;N;M;D;T;D;O
M 05/06/2046;D;T;M;N;D;O
X 06/06/2046;D;T;M;N;D;O
J 07/06/2046;D;N;T;D;M;O
V 08/06/2046;D;N;T;D;M;O
S 09/06/2046;M;D;N;D;T;D
D 10/06/2046;M;D;N;D;T;D
L 11/06/2046;T;D;D;M;N;O
M 12/06/2046;T;D;D;M;N;O
X 13/06/2046;N;M;D;T;D;O
J 14/06/2046;N;M;D;T;D;O
V 15/06/2046;D;T;M;N;D;O
S 16/06/2046;D;T;M;N;D;D
D 17/06/2046;D;N;T;D;M;D
L 18/06/2046;D;N;T;D;M;O
M 19/06/2046;M;D;N;D;T;O
X 20/06/2046;M;D;N;D;T;O
J 21/06/2046;T;D;D;M;N;O
V 22/06/2046;T;D;D;M;N;O
S 23/06/2046;N;M;D;T;D;D
D 24/06/2046;N;M;D;T;D;D
L 25/06/2046;D;T;O;N;D;M
M 26/06/2046;D;T;O;N;D;M
X 27/06/2046;D;N;O;D;M;T
J 28/06/2046;D;N;O;D;M;T
V 29/06/2046;M;D;O;D;T;N
S 30/06/2046;M;D;D;D;T;N
D 01/07/2046;T;D;D;M;N;D
L 02/07/2046;T;D;O;M;N;D
M 03/07/2046;N;M;O;T;D;D
X 04/07/2046;N;M;O;T;D;D
J 05/07/2046;D;T;O;N;D;M
V 06/07/2046;D;T;O;N;D;M
S 07/07/2046;D;N;D;D;M;T
D 08/07/2046;D;N;D;D;M;T
L 09/07/2046;M;D;O;D;T;N
M 10/07/2046;M;D;O;D;T;N
X 11/07/2046;T;D;O;M;N;D
J 12/07/2046;T;D;O;M;N;D
V 13/07/2046;N;M;O;T;D;D
S 14/07/2046;N;M;D;T;D;D
D 15/07/2046;D;T;D;N;D;M
L 16/07/2046;D;T;O;N;D;M
M 17/07/2046;D;N;O;D;M;T
X 18/07/2046;D;N;O;D;M;T
J 19/07/2046;M;D;O;D;T;N
V 20/07/2046;M;D;O;D;T;N
S 21/07/2046;T;D;D;M;N;D
D 22/07/2046;T;D;D;M;N;D
L 23/07/2046;N;O;M;T;D;D
M 24/07/2046;N;O;M;T;D;D
X 25/07/2046;D;O;T;N;D;M
J 26/07/2046;D;O;T;N;D;M
V 27/07/2046;D;O;N;D;M;T
S 28/07/2046;D;D;N;D;M;T
D 29/07/2046;M;D;D;D;T;N
L 30/07/2046;M;O;D;D;T;N
M 31/07/2046;T;O;D;M;N;D
X 01/08/2046;T;O;D;M;N;D
J 02/08/2046;N;O;M;T;D;D
V 03/08/2046;N;O;M;T;D;D
S 04/08/2046;D;D;T;N;D;M
D 05/08/2046;D;D;T;N;D;M
L 06/08/2046;D;O;N;D;M;T
M 07/08/2046;D;O;N;D;M;T
X 08/08/2046;M;O;D;D;T;N
J 09/08/2046;M;O;D;D;T;N
V 10/08/2046;T;O;D;M;N;D
S 11/08/2046;T;D;D;M;N;D
D 12/08/2046;N;D;M;T;D;D
L 13/08/2046;N;O;M;T;D;D
M 14/08/2046;D;O;T;N;D;M
X 15/08/2046;D;O;T;N;D;M
J 16/08/2046;D;O;N;D;M;T
V 17/08/2046;D;O;N;D;M;T
S 18/08/2046;M;D;D;D;T;N
D 19/08/2046;M;D;D;D;T;N
L 20/08/2046;T;M;D;O;N;D
M 21/08/2046;T;M;D;O;N;D
X 22/08/2046;N;T;M;O;D;D
J 23/08/2046;N;T;M;O;D;D
V 24/08/2046;D;N;T;O;D;M
S 25/08/2046;D;N;T;D;D;M
D 26/08/2046;D;D;N;D;M;T
L 27/08/2046;D;D;N;O;M;T
M 28/08/2046;M;D;D;O;T;N
X 29/08/2046;M;D;D;O;T;N
J 30/08/2046;T;M;D;O;N;D
V 31/08/2046;T;M;D;O;N;D
S 01/09/2046;N;T;M;D;D;D
D 02/09/2046;N;T;M;D;D;D
L 03/09/2046;D;N;T;O;D;M
M 04/09/2046;D;N;T;O;D;M
X 05/09/2046;D;D;N;O;M;T
J 06/09/2046;D;D;N;O;M;T
V 07/09/2046;M;D;D;O;T;N
S 08/09/2046;M;D;D;D;T;N
D 09/09/2046;T;M;D;D;N;D
L 10/09/2046;T;M;D;O;N;D
M 11/09/2046;N;T;M;O;D;D
X 12/09/2046;N;T;M;O;D;D
J 13/09/2046;D;N;T;O;D;M
V 14/09/2046;D;N;T;O;D;M
S 15/09/2046;D;D;N;D;M;T
D 16/09/2046;D;D;N;D;M;T
L 17/09/2046;O;D;D;M;T;N
M 18/09/2046;O;D;D;M;T;N
X 19/09/2046;O;M;D;T;N;D
J 20/09/2046;O;M;D;T;N;D
V 21/09/2046;O;T;M;N;D;D
S 22/09/2046;D;T;M;N;D;D
D 23/09/2046;D;N;T;D;D;M
L 24/09/2046;O;N;T;D;D;M
M 25/09/2046;O;D;N;D;M;T
X 26/09/2046;O;D;N;D;M;T
J 27/09/2046;O;D;D;M;T;N
V 28/09/2046;O;D;D;M;T;N
S 29/09/2046;D;M;D;T;N;D
D 30/09/2046;D;M;D;T;N;D
L 01/10/2046;M;T;O;N;D;D
M 02/10/2046;M;T;O;N;D;D
X 03/10/2046;T;N;O;D;D;M
J 04/10/2046;T;N;O;D;D;M
V 05/10/2046;N;D;O;D;M;T
S 06/10/2046;N;D;D;D;M;T
D 07/10/2046;D;D;D;M;T;N
L 08/10/2046;D;D;O;M;T;N
M 09/10/2046;D;M;O;T;N;D
X 10/10/2046;D;M;O;T;N;D
J 11/10/2046;M;T;O;N;D;D
V 12/10/2046;M;T;O;N;D;D
S 13/10/2046;T;N;D;D;D;M
D 14/10/2046;T;N;D;D;D;M
L 15/10/2046;N;D;M;D;O;T
M 16/10/2046;N;D;M;D;O;T
X 17/10/2046;D;D;T;M;O;N
J 18/10/2046;D;D;T;M;O;N
V 19/10/2046;D;M;N;T;O;D
S 20/10/2046;D;M;N;T;D;D
D 21/10/2046;M;T;D;N;D;D
L 22/10/2046;M;T;D;N;O;D
M 23/10/2046;T;N;D;D;O;M
X 24/10/2046;T;N;D;D;O;M
J 25/10/2046;N;D;M;D;O;T
V 26/10/2046;N;D;M;D;O;T
S 27/10/2046;D;D;T;M;D;N
D 28/10/2046;D;D;T;M;D;N
L 29/10/2046;D;O;N;T;M;D
M 30/10/2046;D;O;N;T;M;D
X 31/10/2046;M;O;D;N;T;D
J 01/11/2046;M;O;D;N;T;D
V 02/11/2046;T;O;D;D;N;M
S 03/11/2046;T;D;D;D;N;M
D 04/11/2046;N;D;M;D;D;T
L 05/11/2046;N;O;M;D;D;T
M 06/11/2046;D;O;T;M;D;N
X 07/11/2046;D;O;T;M;D;N
J 08/11/2046;D;O;N;T;M;D
V 09/11/2046;D;O;N;T;M;D
S 10/11/2046;M;D;D;N;T;D
D 11/11/2046;M;D;D;N;T;D
L 12/11/2046;T;M;D;D;N;O
M 13/11/2046;T;M;D;D;N;O
X 14/11/2046;N;T;M;D;D;O
J 15/11/2046;N;T;M;D;D;O
V 16/11/2046;D;N;T;M;D;O
S 17/11/2046;D;N;T;M;D;D
D 18/11/2046;D;D;N;T;M;D
L 19/11/2046;D;D;N;T;M;O
M 20/11/2046;M;D;D;N;T;O
X 21/11/2046;M;D;D;N;T;O
J 22/11/2046;T;M;D;D;N;O
V 23/11/2046;T;M;D;D;N;O
S 24/11/2046;N;T;M;D;D;D
D 25/11/2046;N;T;M;D;D;D
L 26/11/2046;D;N;T;O;D;M
M 27/11/2046;D;N;T;O;D;M
X 28/11/2046;D;D;N;O;M;T
J 29/11/2046;D;D;N;O;M;T
V 30/11/2046;M;D;D;O;T;N
S 01/12/2046;M;D;D;D;T;N
D 02/12/2046;T;M;D;D;N;D
L 03/12/2046;T;M;D;O;N;D
M 04/12/2046;N;T;M;O;D;D
X 05/12/2046;N;T;M;O;D;D
J 06/12/2046;D;N;T;O;D;M
V 07/12/2046;D;N;T;O;D;M
S 08/12/2046;D;D;N;D;M;T
D 09/12/2046;D;D;N;D;M;T
L 10/12/2046;O;D;D;M;T;N
M 11/12/2046;O;D;D;M;T;N
X 12/12/2046;O;M;D;T;N;D
J 13/12/2046;O;M;D;T;N;D
V 14/12/2046;O;T;M;N;D;D
S 15/12/2046;D;T;M;N;D;D
D 16/12/2046;D;N;T;D;D;M
L 17/12/2046;O;N;T;D;D;M
M 18/12/2046;O;D;N;D;M;T
X 19/12/2046;O;D;N;D;M;T
J 20/12/2046;O;D;D;M;T;N
V 21/12/2046;O;D;D;M;T;N
S 22/12/2046;D;M;D;T;N;D
D 23/12/2046;D;M;D;T;N;D
L 24/12/2046;M;T;O;N;D;D
M 25/12/2046;M;T;O;N;D;D
X 26/12/2046;T;N;O;D;D;M
J 27/12/2046;T;N;O;D;D;M
V 28/12/2046;N;D;O;D;M;T
S 29/12/2046;N;D;D;D;M;T
D 30/12/2046;D;D;D;M;T;N
L 31/12/2046;D;D;O;M;T;N
M 01/01/2047;D;M;O;T;N;D
X 02/01/2047;D;M;O;T;N;D
J 03/01/2047;M;T;O;N;D;D
V 04/01/2047;M;T;O;N;D;D
S 05/01/2047;T;N;D;D;D;M
D 06/01/2047;T;N;D;D;D;M
L 07/01/2047;N;D;M;D;O;T
M 08/01/2047;N;D;M;D;O;T
X 09/01/2047;D;D;T;M;O;N
J 10/01/2047;D;D;T;M;O;N
V 11/01/2047;D;M;N;T;O;D
S 12/01/2047;D;M;N;T;D;D
D 13/01/2047;M;T;D;N;D;D
L 14/01/2047;M;T;D;N;O;D
M 15/01/2047;T;N;D;D;O;M
X 16/01/2047;T;N;D;D;O;M
J 17/01/2047;N;D;M;D;O;T
V 18/01/2047;N;D;M;D;O;T
S 19/01/2047;D;D;T;M;D;N
D 20/01/2047;D;D;T;M;D;N
L 21/01/2047;D;O;N;T;M;D
M 22/01/2047;D;O;N;T;M;D
X 23/01/2047;M;O;D;N;T;D
J 24/01/2047;M;O;D;N;T;D
V 25/01/2047;T;O;D;D;N;M
S 26/01/2047;T;D;D;D;N;M
D 27/01/2047;N;D;M;D;D;T
L 28/01/2047;N;O;M;D;D;T
M 29/01/2047;D;O;T;M;D;N
X 30/01/2047;D;O;T;M;D;N
J 31/01/2047;D;O;N;T;M;D
V 01/02/2047;D;O;N;T;M;D
S 02/02/2047;M;D;D;N;T;D
D 03/02/2047;M;D;D;N;T;D
L 04/02/2047;T;M;D;D;N;O
M 05/02/2047;T;M;D;D;N;O
X 06/02/2047;N;T;M;D;D;O
J 07/02/2047;N;T;M;D;D;O
V 08/02/2047;D;N;T;M;D;O
S 09/02/2047;D;N;T;M;D;D
D 10/02/2047;D;D;N;T;M;D
L 11/02/2047;D;D;N;T;M;O
M 12/02/2047;M;D;D;N;T;O
X 13/02/2047;M;D;D;N;T;O
J 14/02/2047;T;M;D;D;N;O
V 15/02/2047;T;M;D;D;N;O
S 16/02/2047;N;T;M;D;D;D
D 17/02/2047;N;T;M;D;D;D
L 18/02/2047;D;N;T;O;D;M
M 19/02/2047;D;N;T;O;D;M
X 20/02/2047;D;D;N;O;M;T
J 21/02/2047;D;D;N;O;M;T
V 22/02/2047;M;D;D;O;T;N
S 23/02/2047;M;D;D;D;T;N
D 24/02/2047;T;M;D;D;N;D
L 25/02/2047;T;M;D;O;N;D
M 26/02/2047;N;T;M;O;D;D
X 27/02/2047;N;T;M;O;D;D
J 28/02/2047;D;N;T;O;D;M
V 01/03/2047;D;N;T;O;D;M
S 02/03/2047;D;D;N;D;M;T
D 03/03/2047;D;D;N;D;M;T
L 04/03/2047;O;D;D;M;T;N
M 05/03/2047;O;D;D;M;T;N
X 06/03/2047;O;M;D;T;N;D
J 07/03/2047;O;M;D;T;N;D
V 08/03/2047;O;T;M;N;D;D
S 09/03/2047;D;T;M;N;D;D
D 10/03/2047;D;N;T;D;D;M
L 11/03/2047;O;N;T;D;D;M
M 12/03/2047;O;D;N;D;M;T
X 13/03/2047;O;D;N;D;M;T
J 14/03/2047;O;D;D;M;T;N
V 15/03/2047;O;D;D;M;T;N
S 16/03/2047;D;M;D;T;N;D
D 17/03/2047;D;M;D;T;N;D
L 18/03/2047;M;T;O;N;D;D
M 19/03/2047;M;T;O;N;D;O
X 20/03/2047;T;N;O;D;D;M
J 21/03/2047;T;N;O;D;O;M
V 22/03/2047;N;D;O;D;M;T
S 23/03/2047;N;D;D;D;M;T
D 24/03/2047;D;D;D;M;T;N
L 25/03/2047;D;O;O;M;T;N
M 26/03/2047;D;M;O;T;N;D
X 27/03/2047;O;M;O;T;N;D
J 28/03/2047;M;T;O;N;D;D
V 29/03/2047;M;T;O;N;D;O
S 30/03/2047;T;N;D;D;D;M
D 31/03/2047;T;N;D;D;D;M
L 01/04/2047;N;D;O;D;M;T
M 02/04/2047;N;D;O;O;M;T
X 03/04/2047;D;D;O;M;T;N
J 04/04/2047;D;O;O;M;T;N
V 05/04/2047;D;M;O;T;N;D
S 06/04/2047;D;M;D;T;N;D
D 07/04/2047;M;T;D;N;D;D
L 08/04/2047;M;T;O;N;D;O
M 09/04/2047;T;N;O;D;D;M
X 10/04/2047;T;N;O;D;O;M
J 11/04/2047;N;D;O;D;M;T
V 12/04/2047;N;D;O;O;M;T
S 13/04/2047;D;D;D;M;T;N
D 14/04/2047;D;D;D;M;T;N
L 15/04/2047;D;O;M;T;N;D
M 16/04/2047;O;O;M;T;N;D
X 17/04/2047;M;O;T;N;D;D
J 18/04/2047;M;O;T;N;D;O
V 19/04/2047;T;O;N;D;D;M
S 20/04/2047;T;D;N;D;D;M
D 21/04/2047;N;D;D;D;M;T
L 22/04/2047;N;O;D;O;M;T
M 23/04/2047;D;O;D;M;T;N
X 24/04/2047;D;O;O;M;T;N
J 25/04/2047;D;O;M;T;N;D
V 26/04/2047;O;O;M;T;N;D
S 27/04/2047;M;D;T;N;D;D
D 28/04/2047;M;D;T;N;D;D
L 29/04/2047;T;O;N;D;D;M
M 30/04/2047;T;O;N;D;O;M
X 01/05/2047;N;O;D;D;M;T
J 02/05/2047;N;O;D;D;M;T
V 03/05/2047;D;O;D;M;T;N
S 04/05/2047;D;D;D;M;T;N
D 05/05/2047;D;D;M;T;N;D
L 06/05/2047;O;O;M;T;N;D
M 07/05/2047;M;O;T;N;D;D
X 08/05/2047;M;O;T;N;D;O
J 09/05/2047;T;O;N;D;D;M
V 10/05/2047;T;O;N;D;O;M
S 11/05/2047;N;D;D;D;M;T
D 12/05/2047;N;D;D;D;M;T
L 13/05/2047;D;M;D;O;T;N
M 14/05/2047;D;M;O;O;T;N
X 15/05/2047;D;T;M;O;N;D
J 16/05/2047;O;T;M;O;N;D
V 17/05/2047;M;N;T;O;D;D
S 18/05/2047;M;N;T;D;D;D
D 19/05/2047;T;D;N;D;D;M
L 20/05/2047;T;D;N;O;D;M
M 21/05/2047;N;D;D;O;M;T
X 22/05/2047;N;O;D;O;M;T
J 23/05/2047;D;M;D;O;T;N
V 24/05/2047;D;M;O;O;T;N
S 25/05/2047;D;T;M;D;N;D
D 26/05/2047;D;T;M;D;N;D
L 27/05/2047;M;N;T;O;D;D
M 28/05/2047;M;N;T;O;D;O
X 29/05/2047;T;D;N;O;D;M
J 30/05/2047;T;D;N;O;D;M
V 31/05/2047;N;D;D;O;M;T
S 01/06/2047;N;D;D;D;M;T
D 02/06/2047;D;M;D;D;T;N
L 03/06/2047;D;M;D;O;T;N
M 04/06/2047;D;T;M;O;N;D
X 05/06/2047;O;T;M;O;N;D
J 06/06/2047;M;N;T;O;D;D
V 07/06/2047;M;N;T;O;D;D
S 08/06/2047;T;D;N;D;D;M
D 09/06/2047;T;D;N;D;D;M
L 10/06/2047;N;D;D;M;O;T
M 11/06/2047;N;O;D;M;O;T
X 12/06/2047;D;M;D;T;O;N
J 13/06/2047;D;M;D;T;O;N
V 14/06/2047;D;T;M;N;O;D
S 15/06/2047;D;T;M;N;D;D
D 16/06/2047;M;N;T;D;D;D
L 17/06/2047;M;N;T;D;O;D
M 18/06/2047;T;D;N;D;O;M
X 19/06/2047;T;D;N;D;O;M
J 20/06/2047;N;D;D;M;O;T
V 21/06/2047;N;D;D;M;O;T
S 22/06/2047;D;M;D;T;D;N
D 23/06/2047;D;M;D;T;D;N
L 24/06/2047;D;T;M;N;O;D
M 25/06/2047;D;T;M;N;O;D
X 26/06/2047;M;N;T;D;O;D
J 27/06/2047;M;N;T;D;O;D
V 28/06/2047;T;D;N;D;O;M
S 29/06/2047;T;D;N;D;D;M
D 30/06/2047;N;D;D;M;D;T
L 01/07/2047;N;D;D;M;O;T
M 02/07/2047;D;M;D;T;O;N
X 03/07/2047;D;M;D;T;O;N
J 04/07/2047;D;T;M;N;O;D
V 05/07/2047;D;T;M;N;O;D
S 06/07/2047;M;N;T;D;D;D
D 07/07/2047;M;N;T;D;D;D
L 08/07/2047;T;D;N;D;M;O
M 09/07/2047;T;D;N;D;M;O
X 10/07/2047;N;D;D;M;T;O
J 11/07/2047;N;D;D;M;T;O
V 12/07/2047;D;M;D;T;N;O
S 13/07/2047;D;M;D;T;N;D
D 14/07/2047;D;T;M;N;D;D
L 15/07/2047;D;T;M;N;D;O
M 16/07/2047;M;N;T;D;D;O
X 17/07/2047;M;N;T;D;D;O
J 18/07/2047;T;D;N;D;M;O
V 19/07/2047;T;D;N;D;M;O
S 20/07/2047;N;D;D;M;T;D
D 21/07/2047;N;D;D;M;T;D
L 22/07/2047;D;M;D;T;N;O
M 23/07/2047;D;M;O;T;N;O
X 24/07/2047;D;T;M;N;D;O
J 25/07/2047;O;T;M;N;D;O
V 26/07/2047;M;N;T;D;D;O
S 27/07/2047;M;N;T;D;D;D
D 28/07/2047;T;D;N;D;M;D
L 29/07/2047;T;D;N;D;M;O
M 30/07/2047;N;D;D;M;T;O
X 31/07/2047;N;O;D;M;T;O
J 01/08/2047;D;M;D;T;N;O
V 02/08/2047;D;M;O;T;N;O
S 03/08/2047;D;T;M;N;D;D
D 04/08/2047;D;T;M;N;D;D
L 05/08/2047;O;N;T;D;D;M
M 06/08/2047;O;N;T;D;O;M
X 07/08/2047;O;D;N;D;M;T
J 08/08/2047;O;D;N;D;M;T
V 09/08/2047;O;D;D;M;T;N
S 10/08/2047;D;D;D;M;T;N
D 11/08/2047;D;M;D;T;N;D
L 12/08/2047;O;M;O;T;N;D
M 13/08/2047;O;T;M;N;D;D
X 14/08/2047;O;T;M;N;D;O
J 15/08/2047;O;N;T;D;D;M
V 16/08/2047;O;N;T;D;O;M
S 17/08/2047;D;D;N;D;M;T
D 18/08/2047;D;D;N;D;M;T
L 19/08/2047;O;D;D;M;T;N
M 20/08/2047;O;O;D;M;T;N
X 21/08/2047;O;M;D;T;N;D
J 22/08/2047;O;M;O;T;N;D
V 23/08/2047;O;T;M;N;D;D
S 24/08/2047;D;T;M;N;D;D
D 25/08/2047;D;N;T;D;D;M
L 26/08/2047;O;N;T;D;D;M
M 27/08/2047;O;D;N;D;M;T
X 28/08/2047;O;D;N;D;M;T
J 29/08/2047;O;D;D;M;T;N
V 30/08/2047;O;O;D;M;T;N
S 31/08/2047;D;M;D;T;N;D
D 01/09/2047;D;M;D;T;N;D
L 02/09/2047;M;T;O;N;D;D
M 03/09/2047;M;T;O;N;D;D
X 04/09/2047;T;N;O;D;D;M
J 05/09/2047;T;N;O;D;D;M
V 06/09/2047;N;D;O;D;M;T
S 07/09/2047;N;D;D;D;M;T
D 08/09/2047;D;D;D;M;T;N
L 09/09/2047;D;D;O;M;T;N
M 10/09/2047;D;M;O;T;N;D
X 11/09/2047;D;M;O;T;N;D
J 12/09/2047;M;T;O;N;D;D
V 13/09/2047;M;T;O;N;D;D
S 14/09/2047;T;N;D;D;D;M
D 15/09/2047;T;N;D;D;D;M
L 16/09/2047;N;D;M;D;O;T
M 17/09/2047;N;D;M;D;O;T
X 18/09/2047;D;D;T;M;O;N
J 19/09/2047;D;D;T;M;O;N
V 20/09/2047;D;M;N;T;O;D
S 21/09/2047;D;M;N;T;D;D
D 22/09/2047;M;T;D;N;D;D
L 23/09/2047;M;T;D;N;O;D
M 24/09/2047;T;N;D;D;O;M
X 25/09/2047;T;N;D;D;O;M
J 26/09/2047;N;D;M;D;O;T
V 27/09/2047;N;D;M;D;O;T
S 28/09/2047;D;D;T;M;D;N
D 29/09/2047;D;D;T;M;D;N
L 30/09/2047;D;O;N;T;M;D
M 01/10/2047;D;O;N;T;M;D
X 02/10/2047;M;O;D;N;T;D
J 03/10/2047;M;O;D;N;T;D
V 04/10/2047;T;O;D;D;N;M
S 05/10/2047;T;D;D;D;N;M
D 06/10/2047;N;D;M;D;D;T
L 07/10/2047;N;O;M;D;D;T
M 08/10/2047;D;O;T;M;D;N
X 09/10/2047;D;O;T;M;D;N
J 10/10/2047;D;O;N;T;M;D
V 11/10/2047;D;O;N;T;M;D
S 12/10/2047;M;D;D;N;T;D
D 13/10/2047;M;D;D;N;T;D
L 14/10/2047;T;M;D;D;N;O
M 15/10/2047;T;M;D;D;N;O
X 16/10/2047;N;T;M;D;D;O
J 17/10/2047;N;T;M;D;D;O
V 18/10/2047;D;N;T;M;D;O
S 19/10/2047;D;N;T;M;D;D
D 20/10/2047;D;D;N;T;M;D
L 21/10/2047;D;D;N;T;M;O
M 22/10/2047;M;D;D;N;T;O
X 23/10/2047;M;D;D;N;T;O
J 24/10/2047;T;M;D;D;N;O
V 25/10/2047;T;M;D;D;N;O
S 26/10/2047;N;T;M;D;D;D
D 27/10/2047;N;T;M;D;D;D
L 28/10/2047;D;N;T;O;D;M
M 29/10/2047;D;N;T;O;D;M
X 30/10/2047;D;D;N;O;M;T
J 31/10/2047;D;D;N;O;M;T
V 01/11/2047;M;D;D;O;T;N
S 02/11/2047;M;D;D;D;T;N
D 03/11/2047;T;M;D;D;N;D
L 04/11/2047;T;M;D;O;N;D
M 05/11/2047;N;T;M;O;D;D
X 06/11/2047;N;T;M;O;D;D
J 07/11/2047;D;N;T;O;D;M
V 08/11/2047;D;N;T;O;D;M
S 09/11/2047;D;D;N;D;M;T
D 10/11/2047;D;D;N;D;M;T
L 11/11/2047;O;D;D;M;T;N
M 12/11/2047;O;D;D;M;T;N
X 13/11/2047;O;M;D;T;N;D
J 14/11/2047;O;M;D;T;N;D
V 15/11/2047;O;T;M;N;D;D
S 16/11/2047;D;T;M;N;D;D
D 17/11/2047;D;N;T;D;D;M
L 18/11/2047;O;N;T;D;D;M
M 19/11/2047;O;D;N;D;M;T
X 20/11/2047;O;D;N;D;M;T
J 21/11/2047;O;D;D;M;T;N
V 22/11/2047;O;D;D;M;T;N
S 23/11/2047;D;M;D;T;N;D
D 24/11/2047;D;M;D;T;N;D
L 25/11/2047;M;T;O;N;D;D
M 26/11/2047;M;T;O;N;D;D
X 27/11/2047;T;N;O;D;D;M
J 28/11/2047;T;N;O;D;D;M
V 29/11/2047;N;D;O;D;M;T
S 30/11/2047;N;D;D;D;M;T
D 01/12/2047;D;D;D;M;T;N
L 02/12/2047;D;D;O;M;T;N
M 03/12/2047;D;M;O;T;N;D
X 04/12/2047;D;M;O;T;N;D
J 05/12/2047;M;T;O;N;D;D
V 06/12/2047;M;T;O;N;D;D
S 07/12/2047;T;N;D;D;D;M
D 08/12/2047;T;N;D;D;D;M
L 09/12/2047;N;D;M;D;O;T
M 10/12/2047;N;D;M;D;O;T
X 11/12/2047;D;D;T;M;O;N
J 12/12/2047;D;D;T;M;O;N
V 13/12/2047;D;M;N;T;O;D
S 14/12/2047;D;M;N;T;D;D
D 15/12/2047;M;T;D;N;D;D
L 16/12/2047;M;T;D;N;O;D
M 17/12/2047;T;N;D;D;O;M
X 18/12/2047;T;N;D;D;O;M
J 19/12/2047;N;D;M;D;O;T
V 20/12/2047;N;D;M;D;O;T
S 21/12/2047;D;D;T;M;D;N
D 22/12/2047;D;D;T;M;D;N
L 23/12/2047;D;O;N;T;M;D
M 24/12/2047;D;O;N;T;M;D
X 25/12/2047;M;O;D;N;T;D
J 26/12/2047;M;O;D;N;T;D
V 27/12/2047;T;O;D;D;N;M
S 28/12/2047;T;D;D;D;N;M
D 29/12/2047;N;D;M;D;D;T
L 30/12/2047;N;O;M;D;D;T
M 31/12/2047;D;O;T;M;D;N
X 01/01/2048;D;O;T;M;D;N
J 02/01/2048;D;O;N;T;M;D
V 03/01/2048;D;O;N;T;M;D
S 04/01/2048;M;D;D;N;T;D
D 05/01/2048;M;D;D;N;T;D
L 06/01/2048;T;M;D;D;N;O
M 07/01/2048;T;M;D;D;N;O
X 08/01/2048;N;T;M;D;D;O
J 09/01/2048;N;T;M;D;D;O
V 10/01/2048;D;N;T;M;D;O
S 11/01/2048;D;N;T;M;D;D
D 12/01/2048;D;D;N;T;M;D
L 13/01/2048;D;D;N;T;M;O
M 14/01/2048;M;D;D;N;T;O
X 15/01/2048;M;D;D;N;T;O
J 16/01/2048;T;M;D;D;N;O
V 17/01/2048;T;M;D;D;N;O
S 18/01/2048;N;T;M;D;D;D
D 19/01/2048;N;T;M;D;D;D
L 20/01/2048;D;N;T;O;D;M
M 21/01/2048;D;N;T;O;D;M
X 22/01/2048;D;D;N;O;M;T
J 23/01/2048;D;D;N;O;M;T
V 24/01/2048;M;D;D;O;T;N
S 25/01/2048;M;D;D;D;T;N
D 26/01/2048;T;M;D;D;N;D
L 27/01/2048;T;M;D;O;N;D
M 28/01/2048;N;T;M;O;D;D
X 29/01/2048;N;T;M;O;D;D
J 30/01/2048;D;N;T;O;D;M
V 31/01/2048;D;N;T;O;D;M
S 01/02/2048;D;D;N;D;M;T
D 02/02/2048;D;D;N;D;M;T
L 03/02/2048;O;D;D;M;T;N
M 04/02/2048;O;D;D;M;T;N
X 05/02/2048;O;M;D;T;N;D
J 06/02/2048;O;M;D;T;N;D
V 07/02/2048;O;T;M;N;D;D
S 08/02/2048;D;T;M;N;D;D
D 09/02/2048;D;N;T;D;D;M
L 10/02/2048;O;N;T;D;D;M
M 11/02/2048;O;D;N;D;M;T
X 12/02/2048;O;D;N;D;M;T
J 13/02/2048;O;D;D;M;T;N
V 14/02/2048;O;D;D;M;T;N
S 15/02/2048;D;M;D;T;N;D
D 16/02/2048;D;M;D;T;N;D
L 17/02/2048;M;T;O;N;D;D
M 18/02/2048;M;T;O;N;D;D
X 19/02/2048;T;N;O;D;D;M
J 20/02/2048;T;N;O;D;D;M
V 21/02/2048;N;D;O;D;M;T
S 22/02/2048;N;D;D;D;M;T
D 23/02/2048;D;D;D;M;T;N
L 24/02/2048;D;D;O;M;T;N
M 25/02/2048;D;M;O;T;N;D
X 26/02/2048;D;M;O;T;N;D
J 27/02/2048;M;T;O;N;D;D
V 28/02/2048;M;T;O;N;D;D
S 29/02/2048;T;N;D;D;D;M
D 01/03/2048;T;N;D;D;D;M
L 02/03/2048;N;D;M;D;O;T
M 03/03/2048;N;D;M;D;O;T
X 04/03/2048;D;D;T;M;O;N
J 05/03/2048;D;D;T;M;O;N
V 06/03/2048;D;M;N;T;O;D
S 07/03/2048;D;M;N;T;D;D
D 08/03/2048;M;T;D;N;D;D
L 09/03/2048;M;T;D;N;O;D
M 10/03/2048;T;N;D;D;O;M
X 11/03/2048;T;N;D;D;O;M
J 12/03/2048;N;D;M;D;O;T
V 13/03/2048;N;D;M;D;O;T
S 14/03/2048;D;D;T;M;D;N
D 15/03/2048;D;D;T;M;D;N
L 16/03/2048;D;O;N;T;M;D
M 17/03/2048;D;O;N;T;M;D
X 18/03/2048;M;O;D;N;T;D
J 19/03/2048;M;O;D;N;T;O
V 20/03/2048;T;O;D;D;N;M
S 21/03/2048;T;D;D;D;N;M
D 22/03/2048;N;D;M;D;D;T
L 23/03/2048;N;O;M;O;D;T
M 24/03/2048;D;O;T;M;D;N
X 25/03/2048;D;O;T;M;O;N
J 26/03/2048;D;O;N;T;M;D
V 27/03/2048;O;O;N;T;M;D
S 28/03/2048;M;D;D;N;T;D
D 29/03/2048;M;D;D;N;T;D
L 30/03/2048;T;O;D;D;N;M
M 31/03/2048;T;O;O;D;N;M
X 01/04/2048;N;O;M;D;D;T
J 02/04/2048;N;O;M;O;D;T
V 03/04/2048;D;O;T;M;D;N
S 04/04/2048;D;D;T;M;D;N
D 05/04/2048;D;D;N;T;M;D
L 06/04/2048;O;O;N;T;M;D
M 07/04/2048;M;O;D;N;T;D
X 08/04/2048;M;O;D;N;T;O
J 09/04/2048;T;O;D;D;N;M
V 10/04/2048;T;O;D;D;N;M
S 11/04/2048;N;D;M;D;D;T
D 12/04/2048;N;D;M;D;D;T
L 13/04/2048;D;M;T;O;D;N
M 14/04/2048;D;M;T;O;O;N
X 15/04/2048;D;T;N;O;M;D
J 16/04/2048;O;T;N;O;M;D
V 17/04/2048;M;N;D;O;T;D
S 18/04/2048;M;N;D;D;T;D
D 19/04/2048;T;D;D;D;N;M
L 20/04/2048;T;D;O;O;N;M
M 21/04/2048;N;D;M;O;D;T
X 22/04/2048;N;O;M;O;D;T
J 23/04/2048;D;M;T;O;D;N
V 24/04/2048;D;M;T;O;O;N
S 25/04/2048;D;T;N;D;M;D
D 26/04/2048;D;T;N;D;M;D
L 27/04/2048;M;N;D;O;T;D
M 28/04/2048;M;N;D;O;T;O
X 29/04/2048;T;D;D;O;N;M
J 30/04/2048;T;D;O;O;N;M
V 01/05/2048;N;D;M;O;D;T
S 02/05/2048;N;D;M;D;D;T
D 03/05/2048;D;M;T;D;D;N
L 04/05/2048;D;M;T;O;O;N
M 05/05/2048;D;T;N;O;M;D
X 06/05/2048;O;T;N;O;M;D
J 07/05/2048;M;N;D;O;T;D
V 08/05/2048;M;N;D;O;T;D
S 09/05/2048;T;D;D;D;N;M
D 10/05/2048;T;D;D;D;N;M
L 11/05/2048;N;D;O;M;D;T
M 12/05/2048;N;O;O;M;D;T
X 13/05/2048;D;M;O;T;D;N
J 14/05/2048;D;M;O;T;O;N
V 15/05/2048;D;T;O;N;M;D
S 16/05/2048;D;T;D;N;M;D
D 17/05/2048;M;N;D;D;T;D
L 18/05/2048;M;N;O;D;T;D
M 19/05/2048;T;D;O;D;N;M
X 20/05/2048;T;D;O;O;N;M
J 21/05/2048;N;D;O;M;D;T
V 22/05/2048;N;D;O;M;D;T
S 23/05/2048;D;M;D;T;D;N
D 24/05/2048;D;M;D;T;D;N
L 25/05/2048;D;T;O;N;M;D
M 26/05/2048;D;T;O;N;M;D
X 27/05/2048;M;N;O;D;T;D
J 28/05/2048;M;N;O;D;T;D
V 29/05/2048;T;D;O;D;N;M
S 30/05/2048;T;D;D;D;N;M
D 31/05/2048;N;D;D;M;D;T
L 01/06/2048;N;D;O;M;D;T
M 02/06/2048;D;M;O;T;D;N
X 03/06/2048;D;M;O;T;D;N
J 04/06/2048;D;T;O;N;M;D
V 05/06/2048;D;T;O;N;M;D
S 06/06/2048;M;N;D;D;T;D
D 07/06/2048;M;N;D;D;T;D
L 08/06/2048;T;D;M;D;N;O
M 09/06/2048;T;D;M;D;N;O
X 10/06/2048;N;D;T;M;D;O
J 11/06/2048;N;D;T;M;D;O
V 12/06/2048;D;M;N;T;D;O
S 13/06/2048;D;M;N;T;D;D
D 14/06/2048;D;T;D;N;M;D
L 15/06/2048;D;T;D;N;M;O
M 16/06/2048;M;N;D;D;T;O
X 17/06/2048;M;N;D;D;T;O
J 18/06/2048;T;D;M;D;N;O
V 19/06/2048;T;D;M;D;N;O
S 20/06/2048;N;D;T;M;D;D
D 21/06/2048;N;D;T;M;D;D
L 22/06/2048;D;M;N;T;D;O
M 23/06/2048;D;M;N;T;D;O
X 24/06/2048;D;T;D;N;M;O
J 25/06/2048;D;T;D;N;M;O
V 26/06/2048;M;N;D;D;T;O
S 27/06/2048;M;N;D;D;T;D
D 28/06/2048;T;D;M;D;N;D
L 29/06/2048;T;D;M;D;N;O
M 30/06/2048;N;D;T;M;D;O
X 01/07/2048;N;D;T;M;D;O
J 02/07/2048;D;M;N;T;D;O
V 03/07/2048;D;M;N;T;D;O
S 04/07/2048;D;T;D;N;M;D
D 05/07/2048;D;T;D;N;M;D
L 06/07/2048;O;N;D;D;T;M
M 07/07/2048;O;N;D;D;T;M
X 08/07/2048;O;D;M;D;N;T
J 09/07/2048;O;D;M;D;N;T
V 10/07/2048;O;D;T;M;D;N
S 11/07/2048;D;D;T;M;D;N
D 12/07/2048;D;M;N;T;D;D
L 13/07/2048;O;M;N;T;D;D
M 14/07/2048;O;T;D;N;M;D
X 15/07/2048;O;T;D;N;M;D
J 16/07/2048;O;N;D;D;T;M
V 17/07/2048;O;N;D;D;T;M
S 18/07/2048;D;D;M;D;N;T
D 19/07/2048;D;D;M;D;N;T
L 20/07/2048;O;D;T;M;D;N
M 21/07/2048;O;O;T;M;D;N
X 22/07/2048;O;M;N;T;D;D
J 23/07/2048;O;M;N;T;O;D
V 24/07/2048;O;T;D;N;M;D
S 25/07/2048;D;T;D;N;M;D
D 26/07/2048;D;N;D;D;T;M
L 27/07/2048;O;N;D;D;T;M
M 28/07/2048;O;D;M;D;N;T
X 29/07/2048;O;D;M;O;N;T
J 30/07/2048;O;D;T;M;D;N
V 31/07/2048;O;O;T;M;D;N
S 01/08/2048;D;M;N;T;D;D
D 02/08/2048;D;M;N;T;D;D
L 03/08/2048;M;T;D;N;O;D
M 04/08/2048;M;T;D;N;O;O
X 05/08/2048;T;N;D;D;O;M
J 06/08/2048;T;N;D;D;O;M
V 07/08/2048;N;D;M;D;O;T
S 08/08/2048;N;D;M;D;D;T
D 09/08/2048;D;D;T;M;D;N
L 10/08/2048;D;O;T;M;O;N
M 11/08/2048;D;M;N;T;O;D
X 12/08/2048;O;M;N;T;O;D
J 13/08/2048;M;T;D;N;O;D
V 14/08/2048;M;T;D;N;O;O
S 15/08/2048;T;N;D;D;D;M
D 16/08/2048;T;N;D;D;D;M
L 17/08/2048;N;D;M;D;O;T
M 18/08/2048;N;D;M;O;O;T
X 19/08/2048;D;D;T;M;O;N
J 20/08/2048;D;O;T;M;O;N
V 21/08/2048;D;M;N;T;O;D
S 22/08/2048;D;M;N;T;D;D
D 23/08/2048;M;T;D;N;D;D
L 24/08/2048;M;T;D;N;O;O
M 25/08/2048;T;N;D;D;O;M
X 26/08/2048;T;N;O;D;O;M
J 27/08/2048;N;D;M;D;O;T
V 28/08/2048;N;D;M;O;O;T
S 29/08/2048;D;D;T;M;D;N
D 30/08/2048;D;D;T;M;D;N
L 31/08/2048;D;O;N;T;M;D
M 01/09/2048;D;O;N;T;M;D
X 02/09/2048;M;O;D;N;T;D
J 03/09/2048;M;O;D;N;T;D
V 04/09/2048;T;O;D;D;N;M
S 05/09/2048;T;D;D;D;N;M
D 06/09/2048;N;D;M;D;D;T
L 07/09/2048;N;O;M;D;D;T
M 08/09/2048;D;O;T;M;D;N
X 09/09/2048;D;O;T;M;D;N
J 10/09/2048;D;O;N;T;M;D
V 11/09/2048;D;O;N;T;M;D
S 12/09/2048;M;D;D;N;T;D
D 13/09/2048;M;D;D;N;T;D
L 14/09/2048;T;M;D;D;N;O
M 15/09/2048;T;M;D;D;N;O
X 16/09/2048;N;T;M;D;D;O
J 17/09/2048;N;T;M;D;D;O
V 18/09/2048;D;N;T;M;D;O
S 19/09/2048;D;N;T;M;D;D
D 20/09/2048;D;D;N;T;M;D
L 21/09/2048;D;D;N;T;M;O
M 22/09/2048;M;D;D;N;T;O
X 23/09/2048;M;D;D;N;T;O
J 24/09/2048;T;M;D;D;N;O
V 25/09/2048;T;M;D;D;N;O
S 26/09/2048;N;T;M;D;D;D
D 27/09/2048;N;T;M;D;D;D
L 28/09/2048;D;N;T;O;D;M
M 29/09/2048;D;N;T;O;D;M
X 30/09/2048;D;D;N;O;M;T
J 01/10/2048;D;D;N;O;M;T
V 02/10/2048;M;D;D;O;T;N
S 03/10/2048;M;D;D;D;T;N
D 04/10/2048;T;M;D;D;N;D
L 05/10/2048;T;M;D;O;N;D
M 06/10/2048;N;T;M;O;D;D
X 07/10/2048;N;T;M;O;D;D
J 08/10/2048;D;N;T;O;D;M
V 09/10/2048;D;N;T;O;D;M
S 10/10/2048;D;D;N;D;M;T
D 11/10/2048;D;D;N;D;M;T
L 12/10/2048;O;D;D;M;T;N
M 13/10/2048;O;D;D;M;T;N
X 14/10/2048;O;M;D;T;N;D
J 15/10/2048;O;M;D;T;N;D
V 16/10/2048;O;T;M;N;D;D
S 17/10/2048;D;T;M;N;D;D
D 18/10/2048;D;N;T;D;D;M
L 19/10/2048;O;N;T;D;D;M
M 20/10/2048;O;D;N;D;M;T
X 21/10/2048;O;D;N;D;M;T
J 22/10/2048;O;D;D;M;T;N
V 23/10/2048;O;D;D;M;T;N
S 24/10/2048;D;M;D;T;N;D
D 25/10/2048;D;M;D;T;N;D
L 26/10/2048;M;T;O;N;D;D
M 27/10/2048;M;T;O;N;D;D
X 28/10/2048;T;N;O;D;D;M
J 29/10/2048;T;N;O;D;D;M
V 30/10/2048;N;D;O;D;M;T
S 31/10/2048;N;D;D;D;M;T
D 01/11/2048;D;D;D;M;T;N
L 02/11/2048;D;D;O;M;T;N
M 03/11/2048;D;M;O;T;N;D
X 04/11/2048;D;M;O;T;N;D
J 05/11/2048;M;T;O;N;D;D
V 06/11/2048;M;T;O;N;D;D
S 07/11/2048;T;N;D;D;D;M
D 08/11/2048;T;N;D;D;D;M
L 09/11/2048;N;D;M;D;O;T
M 10/11/2048;N;D;M;D;O;T
X 11/11/2048;D;D;T;M;O;N
J 12/11/2048;D;D;T;M;O;N
V 13/11/2048;D;M;N;T;O;D
S 14/11/2048;D;M;N;T;D;D
D 15/11/2048;M;T;D;N;D;D
L 16/11/2048;M;T;D;N;O;D
M 17/11/2048;T;N;D;D;O;M
X 18/11/2048;T;N;D;D;O;M
J 19/11/2048;N;D;M;D;O;T
V 20/11/2048;N;D;M;D;O;T
S 21/11/2048;D;D;T;M;D;N
D 22/11/2048;D;D;T;M;D;N
L 23/11/2048;D;O;N;T;M;D
M 24/11/2048;D;O;N;T;M;D
X 25/11/2048;M;O;D;N;T;D
J 26/11/2048;M;O;D;N;T;D
V 27/11/2048;T;O;D;D;N;M
S 28/11/2048;T;D;D;D;N;M
D 29/11/2048;N;D;M;D;D;T
L 30/11/2048;N;O;M;D;D;T
M 01/12/2048;D;O;T;M;D;N
X 02/12/2048;D;O;T;M;D;N
J 03/12/2048;D;O;N;T;M;D
V 04/12/2048;D;O;N;T;M;D
S 05/12/2048;M;D;D;N;T;D
D 06/12/2048;M;D;D;N;T;D
L 07/12/2048;T;M;D;D;N;O
M 08/12/2048;T;M;D;D;N;O
X 09/12/2048;N;T;M;D;D;O
J 10/12/2048;N;T;M;D;D;O
V 11/12/2048;D;N;T;M;D;O
S 12/12/2048;D;N;T;M;D;D
D 13/12/2048;D;D;N;T;M;D
L 14/12/2048;D;D;N;T;M;O
M 15/12/2048;M;D;D;N;T;O
X 16/12/2048;M;D;D;N;T;O
J 17/12/2048;T;M;D;D;N;O
V 18/12/2048;T;M;D;D;N;O
S 19/12/2048;N;T;M;D;D;D
D 20/12/2048;N;T;M;D;D;D
L 21/12/2048;D;N;T;O;D;M
M 22/12/2048;D;N;T;O;D;M
X 23/12/2048;D;D;N;O;M;T
J 24/12/2048;D;D;N;O;M;T
V 25/12/2048;M;D;D;O;T;N
S 26/12/2048;M;D;D;D;T;N
D 27/12/2048;T;M;D;D;N;D
L 28/12/2048;T;M;D;O;N;D
M 29/12/2048;N;T;M;O;D;D
X 30/12/2048;N;T;M;O;D;D
J 31/12/2048;D;N;T;O;D;M
V 01/01/2049;D;N;T;O;D;M
S 02/01/2049;D;D;N;D;M;T
D 03/01/2049;D;D;N;D;M;T
L 04/01/2049;O;D;D;M;T;N
M 05/01/2049;O;D;D;M;T;N
X 06/01/2049;O;M;D;T;N;D
J 07/01/2049;O;M;D;T;N;D
V 08/01/2049;O;T;M;N;D;D
S 09/01/2049;D;T;M;N;D;D
D 10/01/2049;D;N;T;D;D;M
L 11/01/2049;O;N;T;D;D;M
M 12/01/2049;O;D;N;D;M;T
X 13/01/2049;O;D;N;D;M;T
J 14/01/2049;O;D;D;M;T;N
V 15/01/2049;O;D;D;M;T;N
S 16/01/2049;D;M;D;T;N;D
D 17/01/2049;D;M;D;T;N;D
L 18/01/2049;M;T;O;N;D;D
M 19/01/2049;M;T;O;N;D;D
X 20/01/2049;T;N;O;D;D;M
J 21/01/2049;T;N;O;D;D;M
V 22/01/2049;N;D;O;D;M;T
S 23/01/2049;N;D;D;D;M;T
D 24/01/2049;D;D;D;M;T;N
L 25/01/2049;D;D;O;M;T;N
M 26/01/2049;D;M;O;T;N;D
X 27/01/2049;D;M;O;T;N;D
J 28/01/2049;M;T;O;N;D;D
V 29/01/2049;M;T;O;N;D;D
S 30/01/2049;T;N;D;D;D;M
D 31/01/2049;T;N;D;D;D;M
L 01/02/2049;N;D;M;D;O;T
M 02/02/2049;N;D;M;D;O;T
X 03/02/2049;D;D;T;M;O;N
J 04/02/2049;D;D;T;M;O;N
V 05/02/2049;D;M;N;T;O;D
S 06/02/2049;D;M;N;T;D;D
D 07/02/2049;M;T;D;N;D;D
L 08/02/2049;M;T;D;N;O;D
M 09/02/2049;T;N;D;D;O;M
X 10/02/2049;T;N;D;D;O;M
J 11/02/2049;N;D;M;D;O;T
V 12/02/2049;N;D;M;D;O;T
S 13/02/2049;D;D;T;M;D;N
D 14/02/2049;D;D;T;M;D;N
L 15/02/2049;D;O;N;T;M;D
M 16/02/2049;D;O;N;T;M;D
X 17/02/2049;M;O;D;N;T;D
J 18/02/2049;M;O;D;N;T;D
V 19/02/2049;T;O;D;D;N;M
S 20/02/2049;T;D;D;D;N;M
D 21/02/2049;N;D;M;D;D;T
L 22/02/2049;N;O;M;D;D;T
M 23/02/2049;D;O;T;M;D;N
X 24/02/2049;D;O;T;M;D;N
J 25/02/2049;D;O;N;T;M;D
V 26/02/2049;D;O;N;T;M;D
S 27/02/2049;M;D;D;N;T;D
D 28/02/2049;M;D;D;N;T;D
L 01/03/2049;T;M;D;D;N;O
M 02/03/2049;T;M;D;D;N;O
X 03/03/2049;N;T;M;D;D;O
J 04/03/2049;N;T;M;D;D;O
V 05/03/2049;D;N;T;M;D;O
S 06/03/2049;D;N;T;M;D;D
D 07/03/2049;D;D;N;T;M;D
L 08/03/2049;D;D;N;T;M;O
M 09/03/2049;M;D;D;N;T;O
X 10/03/2049;M;D;D;N;T;O
J 11/03/2049;T;M;D;D;N;O
V 12/03/2049;T;M;D;D;N;O
S 13/03/2049;N;T;M;D;D;D
D 14/03/2049;N;T;M;D;D;D
L 15/03/2049;D;N;T;O;D;M
M 16/03/2049;D;N;T;O;O;M
X 17/03/2049;D;D;N;O;M;T
J 18/03/2049;O;D;N;O;M;T
V 19/03/2049;M;D;D;O;T;N
S 20/03/2049;M;D;D;D;T;N
D 21/03/2049;T;M;D;D;N;D
L 22/03/2049;T;M;O;O;N;D
M 23/03/2049;N;T;M;O;D;D
X 24/03/2049;N;T;M;O;D;O
J 25/03/2049;D;N;T;O;D;M
V 26/03/2049;D;N;T;O;O;M
S 27/03/2049;D;D;N;D;M;T
D 28/03/2049;D;D;N;D;M;T
L 29/03/2049;M;D;D;O;T;N
M 30/03/2049;M;O;D;O;T;N
X 31/03/2049;T;M;D;O;N;D
J 01/04/2049;T;M;O;O;N;D
V 02/04/2049;N;T;M;O;D;D
S 03/04/2049;N;T;M;D;D;D
D 04/04/2049;D;N;T;D;D;M
L 05/04/2049;D;N;T;O;O;M
M 06/04/2049;D;D;N;O;M;T
X 07/04/2049;O;D;N;O;M;T
J 08/04/2049;M;D;D;O;T;N
V 09/04/2049;M;O;D;O;T;N
S 10/04/2049;T;M;D;D;N;D
D 11/04/2049;T;M;D;D;N;D
L 12/04/2049;N;T;O;M;D;D
M 13/04/2049;N;T;O;M;D;O
X 14/04/2049;D;N;O;T;D;M
J 15/04/2049;D;N;O;T;D;M
V 16/04/2049;D;D;O;N;M;T
S 17/04/2049;D;D;D;N;M;T
D 18/04/2049;M;D;D;D;T;N
L 19/04/2049;M;O;O;D;T;N
M 20/04/2049;T;M;O;D;N;D
X 21/04/2049;T;M;O;O;N;D
J 22/04/2049;N;T;O;M;D;D
V 23/04/2049;N;T;O;M;D;D
S 24/04/2049;D;N;D;T;D;M
D 25/04/2049;D;N;D;T;D;M
L 26/04/2049;D;D;O;N;M;T
M 27/04/2049;O;D;O;N;M;T
X 28/04/2049;M;D;O;D;T;N
J 29/04/2049;M;D;O;D;T;N
V 30/04/2049;T;M;O;D;N;D
S 01/05/2049;T;M;D;D;N;D
D 02/05/2049;N;T;D;M;D;D
L 03/05/2049;N;T;O;M;D;O
M 04/05/2049;D;N;O;T;D;M
X 05/05/2049;D;N;O;T;O;M
J 06/05/2049;D;D;O;N;M;T
V 07/05/2049;O;D;O;N;M;T
S 08/05/2049;M;D;D;D;T;N
D 09/05/2049;M;D;D;D;T;N
L 10/05/2049;T;O;M;D;N;D
M 11/05/2049;T;O;M;O;N;D
X 12/05/2049;N;O;T;M;D;D
J 13/05/2049;N;O;T;M;D;O
V 14/05/2049;D;O;N;T;D;M
S 15/05/2049;D;D;N;T;D;M
D 16/05/2049;D;D;D;N;M;T
L 17/05/2049;D;O;D;N;M;T
M 18/05/2049;M;O;D;D;T;N
X 19/05/2049;M;O;O;D;T;N
J 20/05/2049;T;O;M;D;N;D
V 21/05/2049;T;O;M;O;N;D
S 22/05/2049;N;D;T;M;D;D
D 23/05/2049;N;D;T;M;D;D
L 24/05/2049;D;O;N;T;D;M
M 25/05/2049;D;O;N;T;D;M
X 26/05/2049;D;O;D;N;M;T
J 27/05/2049;D;O;D;N;M;T
V 28/05/2049;M;O;D;D;T;N
S 29/05/2049;M;D;D;D;T;N
D 30/05/2049;T;D;M;D;N;D
L 31/05/2049;T;O;M;D;N;D
M 01/06/2049;N;O;T;M;D;D
X 02/06/2049;N;O;T;M;D;D
J 03/06/2049;D;O;N;T;D;M
V 04/06/2049;D;O;N;T;D;M
S 05/06/2049;D;D;D;N;M;T
D 06/06/2049;D;D;D;N;M;T
L 07/06/2049;O;M;D;D;T;N
M 08/06/2049;O;M;D;D;T;N
X 09/06/2049;O;T;M;D;N;D
J 10/06/2049;O;T;M;D;N;D
V 11/06/2049;O;N;T;M;D;D
S 12/06/2049;D;N;T;M;D;D
D 13/06/2049;D;D;N;T;D;M
L 14/06/2049;O;D;N;T;D;M
M 15/06/2049;O;D;D;N;M;T
X 16/06/2049;O;D;D;N;M;T
J 17/06/2049;O;M;D;D;T;N
V 18/06/2049;O;M;D;D;T;N
S 19/06/2049;D;T;M;D;N;D
D 20/06/2049;D;T;M;D;N;D
L 21/06/2049;O;N;T;M;D;D
M 22/06/2049;O;N;T;M;D;D
X 23/06/2049;O;D;N;T;D;M
J 24/06/2049;O;D;N;T;D;M
V 25/06/2049;O;D;D;N;M;T
S 26/06/2049;D;D;D;N;M;T
D 27/06/2049;D;M;D;D;T;N
L 28/06/2049;O;M;D;D;T;N
M 29/06/2049;O;T;M;D;N;D
X 30/06/2049;O;T;M;D;N;D
J 01/07/2049;O;N;T;M;D;D
V 02/07/2049;O;N;T;M;D;D
S 03/07/2049;D;D;N;T;D;M
D 04/07/2049;D;D;N;T;D;M
L 05/07/2049;M;D;D;N;O;T
M 06/07/2049;M;D;D;N;O;T
X 07/07/2049;T;M;D;D;O;N
J 08/07/2049;T;M;D;D;O;N
V 09/07/2049;N;T;M;D;O;D
S 10/07/2049;N;T;M;D;D;D
D 11/07/2049;D;N;T;M;D;D
L 12/07/2049;D;N;T;M;O;D
M 13/07/2049;D;D;N;T;O;M
X 14/07/2049;D;D;N;T;O;M
J 15/07/2049;M;D;D;N;O;T
V 16/07/2049;M;D;D;N;O;T
S 17/07/2049;T;M;D;D;D;N
D 18/07/2049;T;M;D;D;D;N
L 19/07/2049;N;T;M;D;O;D
M 20/07/2049;N;T;M;O;O;D
X 21/07/2049;D;N;T;M;O;D
J 22/07/2049;D;N;T;M;O;O
V 23/07/2049;D;D;N;T;O;M
S 24/07/2049;D;D;N;T;D;M
D 25/07/2049;M;D;D;N;D;T
L 26/07/2049;M;O;D;N;O;T
M 27/07/2049;T;M;D;D;O;N
X 28/07/2049;T;M;O;D;O;N
J 29/07/2049;N;T;M;D;O;D
V 30/07/2049;N;T;M;O;O;D
S 31/07/2049;D;N;T;M;D;D
D 01/08/2049;D;N;T;M;D;D
L 02/08/2049;D;D;N;T;M;O
M 03/08/2049;O;D;N;T;M;O
X 04/08/2049;M;D;D;N;T;O
J 05/08/2049;M;O;D;N;T;O
V 06/08/2049;T;M;D;D;N;O
S 07/08/2049;T;M;D;D;N;D
D 08/08/2049;N;T;M;D;D;D
L 09/08/2049;N;T;M;O;D;O
M 10/08/2049;D;N;T;M;D;O
X 11/08/2049;D;N;T;M;O;O
J 12/08/2049;D;D;N;T;M;O
V 13/08/2049;O;D;N;T;M;O
S 14/08/2049;M;D;D;N;T;D
D 15/08/2049;M;D;D;N;T;D
L 16/08/2049;T;M;D;D;N;O
M 17/08/2049;T;M;O;D;N;O
X 18/08/2049;N;T;M;D;D;O
J 19/08/2049;N;T;M;O;D;O
V 20/08/2049;D;N;T;M;D;O
S 21/08/2049;D;N;T;M;D;D
D 22/08/2049;D;D;N;T;M;D
L 23/08/2049;O;D;N;T;M;O
M 24/08/2049;M;D;D;N;T;O
X 25/08/2049;M;O;D;N;T;O
J 26/08/2049;T;M;D;D;N;O
V 27/08/2049;T;M;O;D;N;O
S 28/08/2049;N;T;M;D;D;D
D 29/08/2049;N;T;M;D;D;D
L 30/08/2049;D;N;T;O;D;M
M 31/08/2049;D;N;T;O;D;M
X 01/09/2049;D;D;N;O;M;T
J 02/09/2049;D;D;N;O;M;T
V 03/09/2049;M;D;D;O;T;N
S 04/09/2049;M;D;D;D;T;N
D 05/09/2049;T;M;D;D;N;D
L 06/09/2049;T;M;D;O;N;D
M 07/09/2049;N;T;M;O;D;D
X 08/09/2049;N;T;M;O;D;D
J 09/09/2049;D;N;T;O;D;M
V 10/09/2049;D;N;T;O;D;M
S 11/09/2049;D;D;N;D;M;T
D 12/09/2049;D;D;N;D;M;T
L 13/09/2049;O;D;D;M;T;N
M 14/09/2049;O;D;D;M;T;N
X 15/09/2049;O;M;D;T;N;D
J 16/09/2049;O;M;D;T;N;D
V 17/09/2049;O;T;M;N;D;D
S 18/09/2049;D;T;M;N;D;D
D 19/09/2049;D;N;T;D;D;M
L 20/09/2049;O;N;T;D;D;M
M 21/09/2049;O;D;N;D;M;T
X 22/09/2049;O;D;N;D;M;T
J 23/09/2049;O;D;D;M;T;N
V 24/09/2049;O;D;D;M;T;N
S 25/09/2049;D;M;D;T;N;D
D 26/09/2049;D;M;D;T;N;D
L 27/09/2049;M;T;O;N;D;D
M 28/09/2049;M;T;O;N;D;D
X 29/09/2049;T;N;O;D;D;M
J 30/09/2049;T;N;O;D;D;M
V 01/10/2049;N;D;O;D;M;T
S 02/10/2049;N;D;D;D;M;T
D 03/10/2049;D;D;D;M;T;N
L 04/10/2049;D;D;O;M;T;N
M 05/10/2049;D;M;O;T;N;D
X 06/10/2049;D;M;O;T;N;D
J 07/10/2049;M;T;O;N;D;D
V 08/10/2049;M;T;O;N;D;D
S 09/10/2049;T;N;D;D;D;M
D 10/10/2049;T;N;D;D;D;M
L 11/10/2049;N;D;M;D;O;T
M 12/10/2049;N;D;M;D;O;T
X 13/10/2049;D;D;T;M;O;N
J 14/10/2049;D;D;T;M;O;N
V 15/10/2049;D;M;N;T;O;D
S 16/10/2049;D;M;N;T;D;D
D 17/10/2049;M;T;D;N;D;D
L 18/10/2049;M;T;D;N;O;D
M 19/10/2049;T;N;D;D;O;M
X 20/10/2049;T;N;D;D;O;M
J 21/10/2049;N;D;M;D;O;T
V 22/10/2049;N;D;M;D;O;T
S 23/10/2049;D;D;T;M;D;N
D 24/10/2049;D;D;T;M;D;N
L 25/10/2049;D;O;N;T;M;D
M 26/10/2049;D;O;N;T;M;D
X 27/10/2049;M;O;D;N;T;D
J 28/10/2049;M;O;D;N;T;D
V 29/10/2049;T;O;D;D;N;M
S 30/10/2049;T;D;D;D;N;M
D 31/10/2049;N;D;M;D;D;T
L 01/11/2049;N;O;M;D;D;T
M 02/11/2049;D;O;T;M;D;N
X 03/11/2049;D;O;T;M;D;N
J 04/11/2049;D;O;N;T;M;D
V 05/11/2049;D;O;N;T;M;D
S 06/11/2049;M;D;D;N;T;D
D 07/11/2049;M;D;D;N;T;D
L 08/11/2049;T;M;D;D;N;O
M 09/11/2049;T;M;D;D;N;O
X 10/11/2049;N;T;M;D;D;O
J 11/11/2049;N;T;M;D;D;O
V 12/11/2049;D;N;T;M;D;O
S 13/11/2049;D;N;T;M;D;D
D 14/11/2049;D;D;N;T;M;D
L 15/11/2049;D;D;N;T;M;O
M 16/11/2049;M;D;D;N;T;O
X 17/11/2049;M;D;D;N;T;O
J 18/11/2049;T;M;D;D;N;O
V 19/11/2049;T;M;D;D;N;O
S 20/11/2049;N;T;M;D;D;D
D 21/11/2049;N;T;M;D;D;D
L 22/11/2049;D;N;T;O;D;M
M 23/11/2049;D;N;T;O;D;M
X 24/11/2049;D;D;N;O;M;T
J 25/11/2049;D;D;N;O;M;T
V 26/11/2049;M;D;D;O;T;N
S 27/11/2049;M;D;D;D;T;N
D 28/11/2049;T;M;D;D;N;D
L 29/11/2049;T;M;D;O;N;D
M 30/11/2049;N;T;M;O;D;D
X 01/12/2049;N;T;M;O;D;D
J 02/12/2049;D;N;T;O;D;M
V 03/12/2049;D;N;T;O;D;M
S 04/12/2049;D;D;N;D;M;T
D 05/12/2049;D;D;N;D;M;T
L 06/12/2049;O;D;D;M;T;N
M 07/12/2049;O;D;D;M;T;N
X 08/12/2049;O;M;D;T;N;D
J 09/12/2049;O;M;D;T;N;D
V 10/12/2049;O;T;M;N;D;D
S 11/12/2049;D;T;M;N;D;D
D 12/12/2049;D;N;T;D;D;M
L 13/12/2049;O;N;T;D;D;M
M 14/12/2049;O;D;N;D;M;T
X 15/12/2049;O;D;N;D;M;T
J 16/12/2049;O;D;D;M;T;N
V 17/12/2049;O;D;D;M;T;N
S 18/12/2049;D;M;D;T;N;D
D 19/12/2049;D;M;D;T;N;D
L 20/12/2049;M;T;O;N;D;D
M 21/12/2049;M;T;O;N;D;D
X 22/12/2049;T;N;O;D;D;M
J 23/12/2049;T;N;O;D;D;M
V 24/12/2049;N;D;O;D;M;T
S 25/12/2049;N;D;D;D;M;T
D 26/12/2049;D;D;D;M;T;N
L 27/12/2049;D;D;O;M;T;N
M 28/12/2049;D;M;O;T;N;D
X 29/12/2049;D;M;O;T;N;D
J 30/12/2049;M;T;O;N;D;D
V 31/12/2049;M;T;O;N;D;D
S 01/01/2050;T;N;D;D;D;M
D 02/01/2050;T;N;D;D;D;M
L 03/01/2050;N;D;M;D;O;T
M 04/01/2050;N;D;M;D;O;T
X 05/01/2050;D;D;T;M;O;N
J 06/01/2050;D;D;T;M;O;N
V 07/01/2050;D;M;N;T;O;D
S 08/01/2050;D;M;N;T;D;D
D 09/01/2050;M;T;D;N;D;D
L 10/01/2050;M;T;D;N;O;D
M 11/01/2050;T;N;D;D;O;M
X 12/01/2050;T;N;D;D;O;M
J 13/01/2050;N;D;M;D;O;T
V 14/01/2050;N;D;M;D;O;T
S 15/01/2050;D;D;T;M;D;N
D 16/01/2050;D;D;T;M;D;N
L 17/01/2050;D;O;N;T;M;D
M 18/01/2050;D;O;N;T;M;D
X 19/01/2050;M;O;D;N;T;D
J 20/01/2050;M;O;D;N;T;D
V 21/01/2050;T;O;D;D;N;M
S 22/01/2050;T;D;D;D;N;M
D 23/01/2050;N;D;M;D;D;T
L 24/01/2050;N;O;M;D;D;T
M 25/01/2050;D;O;T;M;D;N
X 26/01/2050;D;O;T;M;D;N
J 27/01/2050;D;O;N;T;M;D
V 28/01/2050;D;O;N;T;M;D
S 29/01/2050;M;D;D;N;T;D
D 30/01/2050;M;D;D;N;T;D
L 31/01/2050;T;M;D;D;N;O
M 01/02/2050;T;M;D;D;N;O
X 02/02/2050;N;T;M;D;D;O
J 03/02/2050;N;T;M;D;D;O
V 04/02/2050;D;N;T;M;D;O
S 05/02/2050;D;N;T;M;D;D
D 06/02/2050;D;D;N;T;M;D
L 07/02/2050;D;D;N;T;M;O
M 08/02/2050;M;D;D;N;T;O
X 09/02/2050;M;D;D;N;T;O
J 10/02/2050;T;M;D;D;N;O
V 11/02/2050;T;M;D;D;N;O
S 12/02/2050;N;T;M;D;D;D
D 13/02/2050;N;T;M;D;D;D
L 14/02/2050;D;N;T;O;D;M
M 15/02/2050;D;N;T;O;D;M
X 16/02/2050;D;D;N;O;M;T
J 17/02/2050;D;D;N;O;M;T
V 18/02/2050;M;D;D;O;T;N
S 19/02/2050;M;D;D;D;T;N
D 20/02/2050;T;M;D;D;N;D
L 21/02/2050;T;M;D;O;N;D
M 22/02/2050;N;T;M;O;D;D
X 23/02/2050;N;T;M;O;D;D
J 24/02/2050;D;N;T;O;D;M
V 25/02/2050;D;N;T;O;D;M
S 26/02/2050;D;D;N;D;M;T
D 27/02/2050;D;D;N;D;M;T
L 28/02/2050;O;D;D;M;T;N
M 01/03/2050;O;D;D;M;T;N
X 02/03/2050;O;M;D;T;N;D
J 03/03/2050;O;M;D;T;N;D
V 04/03/2050;O;T;M;N;D;D
S 05/03/2050;D;T;M;N;D;D
D 06/03/2050;D;N;T;D;D;M
L 07/03/2050;O;N;T;D;D;M
M 08/03/2050;O;D;N;D;M;T
X 09/03/2050;O;D;N;D;M;T
J 10/03/2050;O;D;D;M;T;N
V 11/03/2050;O;D;D;M;T;N
S 12/03/2050;D;M;D;T;N;D
D 13/03/2050;D;M;D;T;N;D
L 14/03/2050;M;T;O;N;D;D
M 15/03/2050;M;T;O;N;D;D
X 16/03/2050;T;N;O;D;D;M
J 17/03/2050;T;N;O;D;D;M
V 18/03/2050;N;D;O;D;M;T
S 19/03/2050;N;D;D;D;M;T
D 20/03/2050;D;D;D;M;T;N
L 21/03/2050;D;D;O;M;T;N
M 22/03/2050;D;M;O;T;N;D
X 23/03/2050;D;M;O;T;N;D
J 24/03/2050;M;T;O;N;D;D
V 25/03/2050;M;T;O;N;D;D
S 26/03/2050;T;N;D;D;D;M
D 27/03/2050;T;N;D;D;D;M
L 28/03/2050;N;D;M;D;O;T
M 29/03/2050;N;D;M;D;O;T
X 30/03/2050;D;D;T;M;O;N
J 31/03/2050;D;D;T;M;O;N
V 01/04/2050;D;M;N;T;O;D
S 02/04/2050;D;M;N;T;D;D
D 03/04/2050;M;T;D;N;D;D
L 04/04/2050;M;T;D;N;O;D
M 05/04/2050;T;N;D;D;O;M
X 06/04/2050;T;N;D;D;O;M
J 07/04/2050;N;D;M;D;O;T
V 08/04/2050;N;D;M;D;O;T
S 09/04/2050;D;D;T;M;D;N
D 10/04/2050;D;D;T;M;D;N
L 11/04/2050;D;M;N;T;O;D
M 12/04/2050;D;M;N;T;O;D
X 13/04/2050;M;T;D;N;O;D
J 14/04/2050;M;T;D;N;O;D
V 15/04/2050;T;N;D;D;O;M
S 16/04/2050;T;N;D;D;D;M
D 17/04/2050;N;D;M;D;D;T
L 18/04/2050;N;D;M;D;O;T
M 19/04/2050;D;D;T;M;O;N
X 20/04/2050;D;D;T;M;O;N
J 21/04/2050;D;M;N;T;O;D
V 22/04/2050;D;M;N;T;O;D
S 23/04/2050;M;T;D;N;D;D
D 24/04/2050;M;T;D;N;D;D
L 25/04/2050;T;N;D;D;M;O
M 26/04/2050;T;N;D;D;M;O
X 27/04/2050;N;D;M;D;T;O
J 28/04/2050;N;D;M;D;T;O
V 29/04/2050;D;D;T;M;N;O
S 30/04/2050;D;D;T;M;N;D
D 01/05/2050;D;M;N;T;D;D
L 02/05/2050;D;M;N;T;D;O
M 03/05/2050;M;T;D;N;D;O
X 04/05/2050;M;T;D;N;D;O
J 05/05/2050;T;N;D;D;M;O
V 06/05/2050;T;N;D;D;M;O
S 07/05/2050;N;D;M;D;T;D
D 08/05/2050;N;D;M;D;T;D
L 09/05/2050;D;D;T;M;N;O
M 10/05/2050;D;D;T;M;N;O
X 11/05/2050;D;M;N;T;D;O
J 12/05/2050;D;M;N;T;D;O
V 13/05/2050;M;T;D;N;D;O
S 14/05/2050;M;T;D;N;D;D
D 15/05/2050;T;N;D;D;M;D
L 16/05/2050;T;N;D;D;M;O
M 17/05/2050;N;D;M;D;T;O
X 18/05/2050;N;D;M;D;T;O
J 19/05/2050;D;D;T;M;N;O
V 20/05/2050;D;D;T;M;N;O
S 21/05/2050;D;M;N;T;D;D
D 22/05/2050;D;M;N;T;D;D
L 23/05/2050;O;T;D;N;D;M
M 24/05/2050;O;T;D;N;D;M
X 25/05/2050;O;N;D;D;M;T
J 26/05/2050;O;N;D;D;M;T
V 27/05/2050;O;D;M;D;T;N
S 28/05/2050;D;D;M;D;T;N
D 29/05/2050;D;D;T;M;N;D
L 30/05/2050;O;D;T;M;N;D
M 31/05/2050;O;M;N;T;D;D
X 01/06/2050;O;M;N;T;D;D
J 02/06/2050;O;T;D;N;D;M
V 03/06/2050;O;T;D;N;D;M
S 04/06/2050;D;N;D;D;M;T
D 05/06/2050;D;N;D;D;M;T
L 06/06/2050;O;D;M;D;T;N
M 07/06/2050;O;D;M;D;T;N
X 08/06/2050;O;D;T;M;N;D
J 09/06/2050;O;D;T;M;N;D
V 10/06/2050;O;M;N;T;D;D
S 11/06/2050;D;M;N;T;D;D
D 12/06/2050;D;T;D;N;D;M
L 13/06/2050;O;T;D;N;D;M
M 14/06/2050;O;N;D;D;M;T
X 15/06/2050;O;N;D;D;M;T
J 16/06/2050;O;D;M;D;T;N
V 17/06/2050;O;D;M;D;T;N
S 18/06/2050;D;D;T;M;N;D
D 19/06/2050;D;D;T;M;N;D
L 20/06/2050;M;O;N;T;D;D
M 21/06/2050;M;O;N;T;D;D
X 22/06/2050;T;O;D;N;D;M
J 23/06/2050;T;O;D;N;D;M
V 24/06/2050;N;O;D;D;M;T
S 25/06/2050;N;D;D;D;M;T
D 26/06/2050;D;D;M;D;T;N
L 27/06/2050;D;O;M;D;T;N
M 28/06/2050;D;O;T;M;N;D
X 29/06/2050;D;O;T;M;N;D
J 30/06/2050;M;O;N;T;D;D
V 01/07/2050;M;O;N;T;D;D
S 02/07/2050;T;D;D;N;D;M
D 03/07/2050;T;D;D;N;D;M
L 04/07/2050;N;O;D;D;M;T
M 05/07/2050;N;O;D;D;M;T
X 06/07/2050;D;O;M;D;T;N
J 07/07/2050;D;O;M;D;T;N
V 08/07/2050;D;O;T;M;N;D
S 09/07/2050;D;D;T;M;N;D
D 10/07/2050;M;D;N;T;D;D
L 11/07/2050;M;O;N;T;D;D
M 12/07/2050;T;O;D;N;D;M
X 13/07/2050;T;O;D;N;D;M
J 14/07/2050;N;O;D;D;M;T
V 15/07/2050;N;O;D;D;M;T
S 16/07/2050;D;D;M;D;T;N
D 17/07/2050;D;D;M;D;T;N
L 18/07/2050;D;M;T;O;N;D
M 19/07/2050;D;M;T;O;N;D
X 20/07/2050;M;T;N;O;D;D
J 21/07/2050;M;T;N;O;D;D
V 22/07/2050;T;N;D;O;D;M
S 23/07/2050;T;N;D;D;D;M
D 24/07/2050;N;D;D;D;M;T
L 25/07/2050;N;D;D;O;M;T
M 26/07/2050;D;D;M;O;T;N
X 27/07/2050;D;D;M;O;T;N
J 28/07/2050;D;M;T;O;N;D
V 29/07/2050;D;M;T;O;N;D
S 30/07/2050;M;T;N;D;D;D
D 31/07/2050;M;T;N;D;D;D
L 01/08/2050;T;N;D;O;D;M
M 02/08/2050;T;N;D;O;D;M
X 03/08/2050;N;D;D;O;M;T
J 04/08/2050;N;D;D;O;M;T
V 05/08/2050;D;D;M;O;T;N
S 06/08/2050;D;D;M;D;T;N
D 07/08/2050;D;M;T;D;N;D
L 08/08/2050;D;M;T;O;N;D
M 09/08/2050;M;T;N;O;D;D
X 10/08/2050;M;T;N;O;D;D
J 11/08/2050;T;N;D;O;D;M
V 12/08/2050;T;N;D;O;D;M
S 13/08/2050;N;D;D;D;M;T
D 14/08/2050;N;D;D;D;M;T
L 15/08/2050;D;D;O;M;T;N
M 16/08/2050;D;D;O;M;T;N
X 17/08/2050;D;M;O;T;N;D
J 18/08/2050;D;M;O;T;N;D
V 19/08/2050;M;T;O;N;D;D
S 20/08/2050;M;T;D;N;D;D
D 21/08/2050;T;N;D;D;D;M
L 22/08/2050;T;N;O;D;D;M
M 23/08/2050;N;D;O;D;M;T
X 24/08/2050;N;D;O;D;M;T
J 25/08/2050;D;D;O;M;T;N
V 26/08/2050;D;D;O;M;T;N
S 27/08/2050;D;M;D;T;N;D
D 28/08/2050;D;M;D;T;N;D
L 29/08/2050;M;T;O;N;D;D
M 30/08/2050;M;T;O;N;D;D
X 31/08/2050;T;N;O;D;D;M
J 01/09/2050;T;N;O;D;D;M
V 02/09/2050;N;D;O;D;M;T
S 03/09/2050;N;D;D;D;M;T
D 04/09/2050;D;D;D;M;T;N
L 05/09/2050;D;D;O;M;T;N
M 06/09/2050;D;M;O;T;N;D
X 07/09/2050;D;M;O;T;N;D
J 08/09/2050;M;T;O;N;D;D
V 09/09/2050;M;T;O;N;D;D
S 10/09/2050;T;N;D;D;D;M
D 11/09/2050;T;N;D;D;D;M
L 12/09/2050;N;D;M;D;O;T
M 13/09/2050;N;D;M;D;O;T
X 14/09/2050;D;D;T;M;O;N
J 15/09/2050;D;D;T;M;O;N
V 16/09/2050;D;M;N;T;O;D
S 17/09/2050;D;M;N;T;D;D
D 18/09/2050;M;T;D;N;D;D
L 19/09/2050;M;T;D;N;O;D
M 20/09/2050;T;N;D;D;O;M
X 21/09/2050;T;N;D;D;O;M
J 22/09/2050;N;D;M;D;O;T
V 23/09/2050;N;D;M;D;O;T
S 24/09/2050;D;D;T;M;D;N
D 25/09/2050;D;D;T;M;D;N
L 26/09/2050;D;O;N;T;M;D
M 27/09/2050;D;O;N;T;M;D
X 28/09/2050;M;O;D;N;T;D
J 29/09/2050;M;O;D;N;T;D
V 30/09/2050;T;O;D;D;N;M
S 01/10/2050;T;D;D;D;N;M
D 02/10/2050;N;D;M;D;D;T
L 03/10/2050;N;O;M;D;D;T
M 04/10/2050;D;O;T;M;D;N
X 05/10/2050;D;O;T;M;D;N
J 06/10/2050;D;O;N;T;M;D
V 07/10/2050;D;O;N;T;M;D
S 08/10/2050;M;D;D;N;T;D
D 09/10/2050;M;D;D;N;T;D
L 10/10/2050;T;M;D;D;N;O
M 11/10/2050;T;M;D;D;N;O
X 12/10/2050;N;T;M;D;D;O
J 13/10/2050;N;T;M;D;D;O
V 14/10/2050;D;N;T;M;D;O
S 15/10/2050;D;N;T;M;D;D
D 16/10/2050;D;D;N;T;M;D
L 17/10/2050;D;D;N;T;M;O
M 18/10/2050;M;D;D;N;T;O
X 19/10/2050;M;D;D;N;T;O
J 20/10/2050;T;M;D;D;N;O
V 21/10/2050;T;M;D;D;N;O
S 22/10/2050;N;T;M;D;D;D
D 23/10/2050;N;T;M;D;D;D
L 24/10/2050;D;N;T;O;D;M
M 25/10/2050;D;N;T;O;D;M
X 26/10/2050;D;D;N;O;M;T
J 27/10/2050;D;D;N;O;M;T
V 28/10/2050;M;D;D;O;T;N
S 29/10/2050;M;D;D;D;T;N
D 30/10/2050;T;M;D;D;N;D
L 31/10/2050;T;M;D;O;N;D
M 01/11/2050;N;T;M;O;D;D
X 02/11/2050;N;T;M;O;D;D
J 03/11/2050;D;N;T;O;D;M
V 04/11/2050;D;N;T;O;D;M
S 05/11/2050;D;D;N;D;M;T
D 06/11/2050;D;D;N;D;M;T
L 07/11/2050;O;D;D;M;T;N
M 08/11/2050;O;D;D;M;T;N
X 09/11/2050;O;M;D;T;N;D
J 10/11/2050;O;M;D;T;N;D
V 11/11/2050;O;T;M;N;D;D
S 12/11/2050;D;T;M;N;D;D
D 13/11/2050;D;N;T;D;D;M
L 14/11/2050;O;N;T;D;D;M
M 15/11/2050;O;D;N;D;M;T
X 16/11/2050;O;D;N;D;M;T
J 17/11/2050;O;D;D;M;T;N
V 18/11/2050;O;D;D;M;T;N
S 19/11/2050;D;M;D;T;N;D
D 20/11/2050;D;M;D;T;N;D
L 21/11/2050;M;T;O;N;D;D
M 22/11/2050;M;T;O;N;D;D
X 23/11/2050;T;N;O;D;D;M
J 24/11/2050;T;N;O;D;D;M
V 25/11/2050;N;D;O;D;M;T
S 26/11/2050;N;D;D;D;M;T
D 27/11/2050;D;D;D;M;T;N
L 28/11/2050;D;D;O;M;T;N
M 29/11/2050;D;M;O;T;N;D
X 30/11/2050;D;M;O;T;N;D
J 01/12/2050;M;T;O;N;D;D
V 02/12/2050;M;T;O;N;D;D
S 03/12/2050;T;N;D;D;D;M
D 04/12/2050;T;N;D;D;D;M
L 05/12/2050;N;D;M;D;O;T
M 06/12/2050;N;D;M;D;O;T
X 07/12/2050;D;D;T;M;O;N
J 08/12/2050;D;D;T;M;O;N
V 09/12/2050;D;M;N;T;O;D
S 10/12/2050;D;M;N;T;D;D
D 11/12/2050;M;T;D;N;D;D
L 12/12/2050;M;T;D;N;O;D
M 13/12/2050;T;N;D;D;O;M
X 14/12/2050;T;N;D;D;O;M
J 15/12/2050;N;D;M;D;O;T
V 16/12/2050;N;D;M;D;O;T
S 17/12/2050;D;D;T;M;D;N
D 18/12/2050;D;D;T;M;D;N
L 19/12/2050;D;O;N;T;M;D
M 20/12/2050;D;O;N;T;M;D
X 21/12/2050;M;O;D;N;T;D
J 22/12/2050;M;O;D;N;T;D
V 23/12/2050;T;O;D;D;N;M
S 24/12/2050;T;D;D;D;N;M
D 25/12/2050;N;D;M;D;D;T
L 26/12/2050;N;O;M;D;D;T
M 27/12/2050;D;O;T;M;D;N
X 28/12/2050;D;O;T;M;D;N
J 29/12/2050;D;O;N;T;M;D
V 30/12/2050;D;O;N;T;M;D
S 31/12/2050;M;D;D;N;T;D
